,ISBN13,Title,Author,Date Started,Date Read,Year Read,Finished,title,authors,publisher,publishedDate,description,industryIdentifiers,readingModes,pageCount,printType,categories,maturityRating,allowAnonLogging,contentVersion,panelizationSummary,imageLinks,language,previewLink,infoLink,canonicalVolumeLink,subtitle,averageRating,ratingsCount,ISBN_13,ISBN_10,OTHER,smallThumbnail,thumbnail
254,9780393077827,The Tell-Tale Brain: A Neuroscientist's Quest for What Makes Us Human,V.S. Ramachandran,2015-12-11,2016-01-05,2016,True,The Tell-Tale Brain: A Neuroscientist's Quest for What Makes Us Human,['V. S. Ramachandran'],W. W. Norton & Company,2011,"Ramachandran -- the ""Marco Polo of neuroscience""-- reveals what baffling and extreme case studies can teach us about normal brain function and how it evolved. Among the topics he discusses are synesthesia as a window to creativity and autism as a springboard to understanding self-awareness.","[{'type': 'ISBN_13', 'identifier': '9780393077827'}, {'type': 'ISBN_10', 'identifier': '0393077829'}]","{'text': False, 'image': False}",384.0,BOOK,['Medical'],NOT_MATURE,False,1.2.2.0.preview.0,"{'containsEpubBubbles': False, 'containsImageBubbles': False}","{'smallThumbnail': 'http://books.google.com/books/content?id=gFwnAgAAQBAJ&printsec=frontcover&img=1&zoom=5&edge=curl&source=gbs_api', 'thumbnail': 'http://books.google.com/books/content?id=gFwnAgAAQBAJ&printsec=frontcover&img=1&zoom=1&edge=curl&source=gbs_api'}",en,http://books.google.com/books?id=gFwnAgAAQBAJ&printsec=frontcover&dq=isbn:9780393077827&hl=&cd=1&source=gbs_api,http://books.google.com/books?id=gFwnAgAAQBAJ&dq=isbn:9780393077827&hl=&source=gbs_api,https://books.google.com/books/about/The_Tell_Tale_Brain_A_Neuroscientist_s_Q.html?hl=&id=gFwnAgAAQBAJ,,,,9780393077827,0393077829,,http://books.google.com/books/content?id=gFwnAgAAQBAJ&printsec=frontcover&img=1&zoom=5&edge=curl&source=gbs_api,http://books.google.com/books/content?id=gFwnAgAAQBAJ&printsec=frontcover&img=1&zoom=1&edge=curl&source=gbs_api
256,9780307408846,"In the Garden of Beasts: Love, Terror, and an American Family in Hitler's Berlin",Erik Larson,2016-01-05,2016-01-21,2016,True,In the Garden of Beasts,['Erik Larson'],Crown,2011-05-10,"“Larson is a marvelous writer...superb at creating characters with a few short strokes.”—New York Times Book Review Erik Larson has been widely acclaimed as a master of narrative non-fiction, and in his new book, the bestselling author of Devil in the White City turns his hand to a remarkable story set during Hitler’s rise to power. The time is 1933, the place, Berlin, when William E. Dodd becomes America’s first ambassador to Hitler’s Germany in a year that proved to be a turning point in history. A mild-mannered professor from Chicago, Dodd brings along his wife, son, and flamboyant daughter, Martha. At first Martha is entranced by the parties and pomp, and the handsome young men of the Third Reich with their infectious enthusiasm for restoring Germany to a position of world prominence. Enamored of the “New Germany,” she has one affair after another, including with the suprisingly honorable first chief of the Gestapo, Rudolf Diels. But as evidence of Jewish persecution mounts, confirmed by chilling first-person testimony, her father telegraphs his concerns to a largely indifferent State Department back home. Dodd watches with alarm as Jews are attacked, the press is censored, and drafts of frightening new laws begin to circulate. As that first year unfolds and the shadows deepen, the Dodds experience days full of excitement, intrigue, romance—and ultimately, horror, when a climactic spasm of violence and murder reveals Hitler’s true character and ruthless ambition. Suffused with the tense atmosphere of the period, and with unforgettable portraits of the bizarre Göring and the expectedly charming--yet wholly sinister--Goebbels, In the Garden of Beasts lends a stunning, eyewitness perspective on events as they unfold in real time, revealing an era of surprising nuance and complexity. The result is a dazzling, addictively readable work that speaks volumes about why the world did not recognize the grave threat posed by Hitler until Berlin, and Europe, were awash in blood and terror.","[{'type': 'ISBN_13', 'identifier': '9780307408846'}, {'type': 'ISBN_10', 'identifier': '0307408841'}]","{'text': False, 'image': False}",465.0,BOOK,['History'],NOT_MATURE,False,0.5.2.0.preview.0,"{'containsEpubBubbles': False, 'containsImageBubbles': False}","{'smallThumbnail': 'http://books.google.com/books/content?id=rV-ODQAAQBAJ&printsec=frontcover&img=1&zoom=5&edge=curl&source=gbs_api', 'thumbnail': 'http://books.google.com/books/content?id=rV-ODQAAQBAJ&printsec=frontcover&img=1&zoom=1&edge=curl&source=gbs_api'}",en,http://books.google.com/books?id=rV-ODQAAQBAJ&printsec=frontcover&dq=isbn:9780307408846&hl=&cd=1&source=gbs_api,http://books.google.com/books?id=rV-ODQAAQBAJ&dq=isbn:9780307408846&hl=&source=gbs_api,https://books.google.com/books/about/In_the_Garden_of_Beasts.html?hl=&id=rV-ODQAAQBAJ,"Love, Terror, and an American Family in Hitler's Berlin",,,9780307408846,0307408841,,http://books.google.com/books/content?id=rV-ODQAAQBAJ&printsec=frontcover&img=1&zoom=5&edge=curl&source=gbs_api,http://books.google.com/books/content?id=rV-ODQAAQBAJ&printsec=frontcover&img=1&zoom=1&edge=curl&source=gbs_api
263,9780142003343,The Blank Slate: The Modern Denial of Human Nature,Steven Pinker,2016-01-23,2016-02-05,2016,True,The Blank Slate,['Steven Pinker'],Penguin,2003-08-26,"A brilliant inquiry into the origins of human nature from the author of Rationality, The Better Angels of Our Nature, and Enlightenment Now. ""Sweeping, erudite, sharply argued, and fun to read..also highly persuasive."" --Time Finalist for the Pulitzer Prize Updated with a new afterword One of the world's leading experts on language and the mind explores the idea of human nature and its moral, emotional, and political colorings. With characteristic wit, lucidity, and insight, Pinker argues that the dogma that the mind has no innate traits-a doctrine held by many intellectuals during the past century-denies our common humanity and our individual preferences, replaces objective analyses of social problems with feel-good slogans, and distorts our understanding of politics, violence, parenting, and the arts. Injecting calm and rationality into debates that are notorious for ax-grinding and mud-slinging, Pinker shows the importance of an honest acknowledgment of human nature based on science and common sense.","[{'type': 'ISBN_10', 'identifier': '0142003344'}, {'type': 'ISBN_13', 'identifier': '9780142003343'}]","{'text': False, 'image': False}",532.0,BOOK,['Psychology'],NOT_MATURE,False,2.3.5.0.preview.0,"{'containsEpubBubbles': False, 'containsImageBubbles': False}","{'smallThumbnail': 'http://books.google.com/books/content?id=7rJ5gI1LbXoC&printsec=frontcover&img=1&zoom=5&edge=curl&source=gbs_api', 'thumbnail': 'http://books.google.com/books/content?id=7rJ5gI1LbXoC&printsec=frontcover&img=1&zoom=1&edge=curl&source=gbs_api'}",en,http://books.google.com/books?id=7rJ5gI1LbXoC&printsec=frontcover&dq=isbn:9780142003343&hl=&cd=1&source=gbs_api,http://books.google.com/books?id=7rJ5gI1LbXoC&dq=isbn:9780142003343&hl=&source=gbs_api,https://books.google.com/books/about/The_Blank_Slate.html?hl=&id=7rJ5gI1LbXoC,The Modern Denial of Human Nature,4.5,8.0,9780142003343,0142003344,,http://books.google.com/books/content?id=7rJ5gI1LbXoC&printsec=frontcover&img=1&zoom=5&edge=curl&source=gbs_api,http://books.google.com/books/content?id=7rJ5gI1LbXoC&printsec=frontcover&img=1&zoom=1&edge=curl&source=gbs_api
25,9780671728694,The Rise and Fall of the Third Reich: A History of Nazi Germany,William L. Shirer,2016-02-08,2016-07-28,2016,True,Rise And Fall Of The Third Reich,['William L. Shirer'],Simon and Schuster,1990-11-15,The classic history of Adolph Hitler's rise to power and his dramatic defeat.,"[{'type': 'OTHER', 'identifier': 'STANFORD:36105113680180'}]","{'text': False, 'image': False}",1326.0,BOOK,['History'],NOT_MATURE,False,1.11.2.0.preview.0,"{'containsEpubBubbles': False, 'containsImageBubbles': False}","{'smallThumbnail': 'http://books.google.com/books/content?id=79QiAQAAIAAJ&printsec=frontcover&img=1&zoom=5&source=gbs_api', 'thumbnail': 'http://books.google.com/books/content?id=79QiAQAAIAAJ&printsec=frontcover&img=1&zoom=1&source=gbs_api'}",en,http://books.google.com/books?id=79QiAQAAIAAJ&dq=isbn:9780671728694&hl=&cd=1&source=gbs_api,http://books.google.com/books?id=79QiAQAAIAAJ&dq=isbn:9780671728694&hl=&source=gbs_api,https://books.google.com/books/about/Rise_And_Fall_Of_The_Third_Reich.html?hl=&id=79QiAQAAIAAJ,A History of Nazi Germany,,,,,STANFORD:36105113680180,http://books.google.com/books/content?id=79QiAQAAIAAJ&printsec=frontcover&img=1&zoom=5&source=gbs_api,http://books.google.com/books/content?id=79QiAQAAIAAJ&printsec=frontcover&img=1&zoom=1&source=gbs_api
18,9781429969352,"Thinking, Fast and Slow",Daniel Kahneman,2016-02-18,2016-03-22,2016,True,"Thinking, Fast and Slow",['Daniel Kahneman'],"Farrar, Straus and Giroux",2011-10-25,"*Major New York Times Bestseller *More than 2.6 million copies sold *One of The New York Times Book Review's ten best books of the year *Selected by The Wall Street Journal as one of the best nonfiction books of the year *Presidential Medal of Freedom Recipient *Daniel Kahneman's work with Amos Tversky is the subject of Michael Lewis's best-selling The Undoing Project: A Friendship That Changed Our Minds In his mega bestseller, Thinking, Fast and Slow, Daniel Kahneman, world-famous psychologist and winner of the Nobel Prize in Economics, takes us on a groundbreaking tour of the mind and explains the two systems that drive the way we think. System 1 is fast, intuitive, and emotional; System 2 is slower, more deliberative, and more logical. The impact of overconfidence on corporate strategies, the difficulties of predicting what will make us happy in the future, the profound effect of cognitive biases on everything from playing the stock market to planning our next vacation—each of these can be understood only by knowing how the two systems shape our judgments and decisions. Engaging the reader in a lively conversation about how we think, Kahneman reveals where we can and cannot trust our intuitions and how we can tap into the benefits of slow thinking. He offers practical and enlightening insights into how choices are made in both our business and our personal lives—and how we can use different techniques to guard against the mental glitches that often get us into trouble. Topping bestseller lists for almost ten years, Thinking, Fast and Slow is a contemporary classic, an essential book that has changed the lives of millions of readers.","[{'type': 'ISBN_13', 'identifier': '9781429969352'}, {'type': 'ISBN_10', 'identifier': '1429969350'}]","{'text': True, 'image': False}",511.0,BOOK,['Psychology'],NOT_MATURE,True,6.40.32.0.preview.2,"{'containsEpubBubbles': False, 'containsImageBubbles': False}","{'smallThumbnail': 'http://books.google.com/books/content?id=ZuKTvERuPG8C&printsec=frontcover&img=1&zoom=5&edge=curl&source=gbs_api', 'thumbnail': 'http://books.google.com/books/content?id=ZuKTvERuPG8C&printsec=frontcover&img=1&zoom=1&edge=curl&source=gbs_api'}",en,http://books.google.com/books?id=ZuKTvERuPG8C&printsec=frontcover&dq=isbn:9781429969352&hl=&cd=1&source=gbs_api,https://play.google.com/store/books/details?id=ZuKTvERuPG8C&source=gbs_api,https://play.google.com/store/books/details?id=ZuKTvERuPG8C,,4.0,35.0,9781429969352,1429969350,,http://books.google.com/books/content?id=ZuKTvERuPG8C&printsec=frontcover&img=1&zoom=5&edge=curl&source=gbs_api,http://books.google.com/books/content?id=ZuKTvERuPG8C&printsec=frontcover&img=1&zoom=1&edge=curl&source=gbs_api
262,9780804139021,The Martian,Andy Weir,2016-02-21,2016-02-22,2016,True,The Martian,['Andy Weir'],Ballantine Books,2014-02-11,"#1 NEW YORK TIMES BESTSELLER • “Brilliant . . . a celebration of human ingenuity [and] the purest example of real-science sci-fi for many years . . . utterly compelling.”—The Wall Street Journal The inspiration for the major motion picture Six days ago, astronaut Mark Watney became one of the first people to walk on Mars. Now, he’s sure he’ll be the first person to die there. After a dust storm nearly kills him and forces his crew to evacuate while thinking him dead, Mark finds himself stranded and completely alone with no way to even signal Earth that he’s alive—and even if he could get word out, his supplies would be gone long before a rescue could arrive. Chances are, though, he won’t have time to starve to death. The damaged machinery, unforgiving environment, or plain-old “human error” are much more likely to kill him first. But Mark isn’t ready to give up yet. Drawing on his ingenuity, his engineering skills—and a relentless, dogged refusal to quit—he steadfastly confronts one seemingly insurmountable obstacle after the next. Will his resourcefulness be enough to overcome the impossible odds against him? NAMED ONE OF PASTE’S BEST NOVELS OF THE DECADE “A hugely entertaining novel [that] reads like a rocket ship afire . . . Weir has fashioned in Mark Watney one of the most appealing, funny, and resourceful characters in recent fiction.”—Chicago Tribune “As gripping as they come . . . You’ll be rooting for Watney the whole way, groaning at every setback and laughing at his pitchblack humor. Utterly nail-biting and memorable.”—Financial Times","[{'type': 'ISBN_13', 'identifier': '9780804139021'}, {'type': 'ISBN_10', 'identifier': '0804139024'}]","{'text': False, 'image': False}",385.0,BOOK,['Fiction'],NOT_MATURE,False,0.5.0.0.preview.0,"{'containsEpubBubbles': False, 'containsImageBubbles': False}","{'smallThumbnail': 'http://books.google.com/books/content?id=oGGMDQAAQBAJ&printsec=frontcover&img=1&zoom=5&edge=curl&source=gbs_api', 'thumbnail': 'http://books.google.com/books/content?id=oGGMDQAAQBAJ&printsec=frontcover&img=1&zoom=1&edge=curl&source=gbs_api'}",en,http://books.google.com/books?id=oGGMDQAAQBAJ&printsec=frontcover&dq=isbn:9780804139021&hl=&cd=1&source=gbs_api,http://books.google.com/books?id=oGGMDQAAQBAJ&dq=isbn:9780804139021&hl=&source=gbs_api,https://books.google.com/books/about/The_Martian.html?hl=&id=oGGMDQAAQBAJ,A Novel,,,9780804139021,0804139024,,http://books.google.com/books/content?id=oGGMDQAAQBAJ&printsec=frontcover&img=1&zoom=5&edge=curl&source=gbs_api,http://books.google.com/books/content?id=oGGMDQAAQBAJ&printsec=frontcover&img=1&zoom=1&edge=curl&source=gbs_api
261,9781409114444,The Fifth Witness,Michael    Connelly,2016-05-20,2016-05-25,2016,True,The Fifth Witness,['Michael Connelly'],Hachette UK,2011-04-14,"A blistering courtroom drama featuring The Lincoln Lawyer's Mickey Haller from the master of the genre. In tough times, crime is one of the few things that still pays, but even criminals are having to make cutbacks. So for defence lawyer Mickey Haller, most of his new business is not about keeping people out of jail; it's about keeping a roof over their heads as the foreclosure business is booming. Lisa Trammel has been a client of Mickey's for eight months, and so far he's stopped the bank from taking her house. But now the bank's CEO has been found beaten to death - and Lisa is about to be indicted for murder . . .","[{'type': 'ISBN_13', 'identifier': '9781409114444'}, {'type': 'ISBN_10', 'identifier': '1409114449'}]","{'text': True, 'image': False}",372.0,BOOK,['Fiction'],NOT_MATURE,True,3.19.14.0.preview.2,"{'containsEpubBubbles': False, 'containsImageBubbles': False}","{'smallThumbnail': 'http://books.google.com/books/content?id=9bRMDz4fCiUC&printsec=frontcover&img=1&zoom=5&source=gbs_api', 'thumbnail': 'http://books.google.com/books/content?id=9bRMDz4fCiUC&printsec=frontcover&img=1&zoom=1&source=gbs_api'}",en,http://books.google.com/books?id=9bRMDz4fCiUC&dq=isbn:9781409114444&hl=&cd=1&source=gbs_api,http://books.google.com/books?id=9bRMDz4fCiUC&dq=isbn:9781409114444&hl=&source=gbs_api,https://books.google.com/books/about/The_Fifth_Witness.html?hl=&id=9bRMDz4fCiUC,The Bestselling Thriller Behind Netflix’s The Lincoln Lawyer Season 2,,,9781409114444,1409114449,,http://books.google.com/books/content?id=9bRMDz4fCiUC&printsec=frontcover&img=1&zoom=5&source=gbs_api,http://books.google.com/books/content?id=9bRMDz4fCiUC&printsec=frontcover&img=1&zoom=1&source=gbs_api
260,9780465059997,Rise of the Robots: Technology and the Threat of a Jobless Future,Martin Ford,2016-06-27,2016-08-11,2016,True,Rise of the Robots,['Martin R. Ford'],,2015,A artificial-intelligence entrepreneur offers a stark warning about what we must do to keep an automated economy from being a massively unjust one.,"[{'type': 'ISBN_10', 'identifier': '0465059996'}, {'type': 'ISBN_13', 'identifier': '9780465059997'}]","{'text': False, 'image': False}",334.0,BOOK,['Business & Economics'],NOT_MATURE,False,preview-1.0.0,"{'containsEpubBubbles': False, 'containsImageBubbles': False}","{'smallThumbnail': 'http://books.google.com/books/content?id=vcbjjwEACAAJ&printsec=frontcover&img=1&zoom=5&source=gbs_api', 'thumbnail': 'http://books.google.com/books/content?id=vcbjjwEACAAJ&printsec=frontcover&img=1&zoom=1&source=gbs_api'}",en,http://books.google.com/books?id=vcbjjwEACAAJ&dq=isbn:9780465059997&hl=&cd=1&source=gbs_api,http://books.google.com/books?id=vcbjjwEACAAJ&dq=isbn:9780465059997&hl=&source=gbs_api,https://books.google.com/books/about/Rise_of_the_Robots.html?hl=&id=vcbjjwEACAAJ,Technology and the Threat of a Jobless Future,,,9780465059997,0465059996,,http://books.google.com/books/content?id=vcbjjwEACAAJ&printsec=frontcover&img=1&zoom=5&source=gbs_api,http://books.google.com/books/content?id=vcbjjwEACAAJ&printsec=frontcover&img=1&zoom=1&source=gbs_api
259,9780670021253,Too Big to Fail: The Inside Story of How Wall Street and Washington Fought to Save the Financial System from Crisis — and Themselves,Andrew Ross Sorkin,2016-08-21,2016-09-19,2016,True,Too Big to Fail,['Andrew Ross Sorkin'],,2009,"Andrew Ross Sorkin's website Andrew Ross Sorkin's interview on Charlie Rose Watch a Video Andrew Ross Sorkin delivers the first true behind-the-scenes, moment-by-moment account of how the greatest financial crisis since the Great Depression developed into a global tsunami. From inside the corner office at Lehman Brothers to secret meetings in South Korea, and the corridors of Washington, Too Big to Fail is the definitive story of the most powerful men and women in finance and politics grappling with success and failure, ego and greed, and, ultimately, the fate of the world's economy. ""We've got to get some foam down on the runway!"" a sleepless Timothy Geithner, the then-president of the Federal Reserve of New York, would tell Henry M. Paulson, the Treasury secretary, about the catastrophic crash the world's financial system would experience. Through unprecedented access to the players involved, Too Big to Fail re-creates all the drama and turmoil, revealing neverdisclosed details and elucidating how decisions made on Wall Street over the past decade sowed the seeds of the debacle. This true story is not just a look at banks that were ""too big to fail,"" it is a real-life thriller with a cast of bold-faced names who themselves thought they were too big to fail.","[{'type': 'OTHER', 'identifier': 'UOM:39076002842636'}]","{'text': False, 'image': False}",648.0,BOOK,['Business & Economics'],NOT_MATURE,False,0.4.1.0.preview.0,"{'containsEpubBubbles': False, 'containsImageBubbles': False}","{'smallThumbnail': 'http://books.google.com/books/content?id=oPgnAQAAMAAJ&printsec=frontcover&img=1&zoom=5&source=gbs_api', 'thumbnail': 'http://books.google.com/books/content?id=oPgnAQAAMAAJ&printsec=frontcover&img=1&zoom=1&source=gbs_api'}",en,http://books.google.com/books?id=oPgnAQAAMAAJ&dq=isbn:9780670021253&hl=&cd=1&source=gbs_api,http://books.google.com/books?id=oPgnAQAAMAAJ&dq=isbn:9780670021253&hl=&source=gbs_api,https://books.google.com/books/about/Too_Big_to_Fail.html?hl=&id=oPgnAQAAMAAJ,The Inside Story of how Wall Street and Washington Fought to Save the Financial System from Crisis--and Themselves,,,,,UOM:39076002842636,http://books.google.com/books/content?id=oPgnAQAAMAAJ&printsec=frontcover&img=1&zoom=5&source=gbs_api,http://books.google.com/books/content?id=oPgnAQAAMAAJ&printsec=frontcover&img=1&zoom=1&source=gbs_api
257,9780804136693,Superforecasting: The Art and Science of Prediction,Philip E. Tetlock,2016-09-09,2016-09-27,2016,True,Superforecasting,"['Philip Eyrikson Tetlock', 'Dan Gardner']",Crown,2015,"The Good Judgment Project involves tens of thousands of ordinary people--including a Brooklyn filmmaker, a retired pipe installer, and a former ballroom dancer--who set out to forecast global events. Some of the volunteers have turned out to be astonishingly good. They've beaten other benchmarks, competitors, and prediction markets. They've even beaten the collective judgment of intelligence analysts with access to classified information. They are ""superforecasters."" In this groundbreaking and accessible book, Tetlock and Gardner show us how we can learn from this elite group. Weaving together stories of forecasting successes (the raid on Osama bin Laden's compound) and failures (the Bay of Pigs) and interviews with a range of high-level decision makers, from David Petraeus to Robert Rubin, they show that good forecasting doesn't require powerful computers or arcane methods.","[{'type': 'ISBN_10', 'identifier': '0804136696'}, {'type': 'ISBN_13', 'identifier': '9780804136693'}]","{'text': False, 'image': False}",352.0,BOOK,['BUSINESS & ECONOMICS'],NOT_MATURE,False,preview-1.0.0,"{'containsEpubBubbles': False, 'containsImageBubbles': False}","{'smallThumbnail': 'http://books.google.com/books/content?id=ICgWrgEACAAJ&printsec=frontcover&img=1&zoom=5&source=gbs_api', 'thumbnail': 'http://books.google.com/books/content?id=ICgWrgEACAAJ&printsec=frontcover&img=1&zoom=1&source=gbs_api'}",en,http://books.google.com/books?id=ICgWrgEACAAJ&dq=isbn:9780804136693&hl=&cd=1&source=gbs_api,http://books.google.com/books?id=ICgWrgEACAAJ&dq=isbn:9780804136693&hl=&source=gbs_api,https://books.google.com/books/about/Superforecasting.html?hl=&id=ICgWrgEACAAJ,The Art and Science of Prediction,,,9780804136693,0804136696,,http://books.google.com/books/content?id=ICgWrgEACAAJ&printsec=frontcover&img=1&zoom=5&source=gbs_api,http://books.google.com/books/content?id=ICgWrgEACAAJ&printsec=frontcover&img=1&zoom=1&source=gbs_api
249,9780812993394,Smarter Faster Better: The Secrets of Being Productive in Life and Business,Charles Duhigg,2016-10-05,2017-02-24,2017,True,Smarter Faster Better,['Charles Duhigg'],National Geographic Books,2016-03-08,"NEW YORK TIMES BESTSELLER • The author of The Power of Habit and “master of the life hack” (GQ) explores the fascinating science of productivity and offers real-world takeaways to apply your life, whether you’re chasing peak productivity or simply trying to get back on track. “Duhigg melds cutting-edge science, deep reporting, and wide-ranging stories to give us a fuller, more human way of thinking about how productivity actually happens.”—Susan Cain, author of Quiet In The Power of Habit, Pulitzer Prize–winning journalist Charles Duhigg explained why we do what we do. In Smarter Faster Better, he applies the same relentless curiosity and rich storytelling to how we can improve at the things we do. At the core of Smarter Faster Better are eight key concepts—from motivation and goal setting to focus and decision making—that explain why some people and companies get so much done. Drawing on the latest findings in neuroscience, psychology, and behavioral economics—as well as the experiences of CEOs, educational reformers, four-star generals, FBI agents, airplane pilots, and Broadway songwriters—this book reveals that the most productive people, companies, and organizations don’t merely act differently. They view the world, and their choices, in profoundly different ways. Smarter Faster Better is a story-filled exploration of the science of productivity, one that can help us learn to succeed with less stress and struggle—and become smarter, faster, and better at everything we do.","[{'type': 'ISBN_13', 'identifier': '9780812993394'}, {'type': 'ISBN_10', 'identifier': '081299339X'}]","{'text': True, 'image': False}",380.0,BOOK,['Business & Economics'],NOT_MATURE,False,preview-1.0.0,"{'containsEpubBubbles': False, 'containsImageBubbles': False}","{'smallThumbnail': 'http://books.google.com/books/content?id=DCyPEAAAQBAJ&printsec=frontcover&img=1&zoom=5&source=gbs_api', 'thumbnail': 'http://books.google.com/books/content?id=DCyPEAAAQBAJ&printsec=frontcover&img=1&zoom=1&source=gbs_api'}",en,http://books.google.com/books?id=DCyPEAAAQBAJ&dq=isbn:9780812993394&hl=&cd=1&source=gbs_api,http://books.google.com/books?id=DCyPEAAAQBAJ&dq=isbn:9780812993394&hl=&source=gbs_api,https://books.google.com/books/about/Smarter_Faster_Better.html?hl=&id=DCyPEAAAQBAJ,The Secrets of Being Productive in Life and Business,,,9780812993394,081299339X,,http://books.google.com/books/content?id=DCyPEAAAQBAJ&printsec=frontcover&img=1&zoom=5&source=gbs_api,http://books.google.com/books/content?id=DCyPEAAAQBAJ&printsec=frontcover&img=1&zoom=1&source=gbs_api
255,9780307378217,Subliminal: How Your Unconscious Mind Rules Your Behavior,Leonard Mlodinow,2016-11-04,2016-11-11,2016,True,Subliminal,['Leonard Mlodinow'],Pantheon,2012,An examination of the ways in which the unconscious mind shapes everyday life traces recent scientific advances to reveal the pivotal role of the subliminal mind in influencing experiences and relationships.,"[{'type': 'ISBN_13', 'identifier': '9780307378217'}, {'type': 'ISBN_10', 'identifier': '0307378217'}]","{'text': False, 'image': False}",274.0,BOOK,['Business & Economics'],NOT_MATURE,False,0.5.2.0.preview.0,"{'containsEpubBubbles': False, 'containsImageBubbles': False}","{'smallThumbnail': 'http://books.google.com/books/content?id=l0mVYOHo2S4C&printsec=frontcover&img=1&zoom=5&edge=curl&source=gbs_api', 'thumbnail': 'http://books.google.com/books/content?id=l0mVYOHo2S4C&printsec=frontcover&img=1&zoom=1&edge=curl&source=gbs_api'}",en,http://books.google.com/books?id=l0mVYOHo2S4C&printsec=frontcover&dq=isbn:9780307378217&hl=&cd=1&source=gbs_api,http://books.google.com/books?id=l0mVYOHo2S4C&dq=isbn:9780307378217&hl=&source=gbs_api,https://books.google.com/books/about/Subliminal.html?hl=&id=l0mVYOHo2S4C,How Your Unconscious Mind Rules Your Behavior,,,9780307378217,0307378217,,http://books.google.com/books/content?id=l0mVYOHo2S4C&printsec=frontcover&img=1&zoom=5&edge=curl&source=gbs_api,http://books.google.com/books/content?id=l0mVYOHo2S4C&printsec=frontcover&img=1&zoom=1&edge=curl&source=gbs_api
258,9780307907035,The Righteous Mind: Why Good People are Divided by Politics and Religion,Jonathan Haidt,2016-11-17,2016-11-24,2016,True,The Righteous Mind,['Jonathan Haidt'],Vintage,2012-03-13,"NEW YORK TIMES BESTSELLER • The #1 bestselling author of The Anxious Generation and acclaimed social psychologist challenges conventional thinking about morality, politics, and religion in a way that speaks to conservatives and liberals alike—a “landmark contribution to humanity’s understanding of itself” (The New York Times Book Review). Drawing on his twenty-five years of groundbreaking research on moral psychology, Jonathan Haidt shows how moral judgments arise not from reason but from gut feelings. He shows why liberals, conservatives, and libertarians have such different intuitions about right and wrong, and he shows why each side is actually right about many of its central concerns. In this subtle yet accessible book, Haidt gives you the key to understanding the miracle of human cooperation, as well as the curse of our eternal divisions and conflicts. If you’re ready to trade in anger for understanding, read The Righteous Mind.","[{'type': 'ISBN_13', 'identifier': '9780307907035'}, {'type': 'ISBN_10', 'identifier': '0307907031'}]","{'text': True, 'image': False}",450.0,BOOK,['Psychology'],NOT_MATURE,True,4.10.10.0.preview.2,"{'containsEpubBubbles': False, 'containsImageBubbles': False}","{'smallThumbnail': 'http://books.google.com/books/content?id=ItuzJhbcpMIC&printsec=frontcover&img=1&zoom=5&edge=curl&source=gbs_api', 'thumbnail': 'http://books.google.com/books/content?id=ItuzJhbcpMIC&printsec=frontcover&img=1&zoom=1&edge=curl&source=gbs_api'}",en,http://books.google.com/books?id=ItuzJhbcpMIC&printsec=frontcover&dq=isbn:9780307907035&hl=&cd=1&source=gbs_api,https://play.google.com/store/books/details?id=ItuzJhbcpMIC&source=gbs_api,https://play.google.com/store/books/details?id=ItuzJhbcpMIC,Why Good People Are Divided by Politics and Religion,4.0,3.0,9780307907035,0307907031,,http://books.google.com/books/content?id=ItuzJhbcpMIC&printsec=frontcover&img=1&zoom=5&edge=curl&source=gbs_api,http://books.google.com/books/content?id=ItuzJhbcpMIC&printsec=frontcover&img=1&zoom=1&edge=curl&source=gbs_api
253,9780393246773,Misbehaving: The Making of Behavioral Economics,Richard H. Thaler,2016-11-25,2016-12-28,2016,True,Misbehaving,['Richard H. Thaler'],W. W. Norton & Company,2015-05-11,"Winner of the Nobel Prize in Economics Get ready to change the way you think about economics. Nobel laureate Richard H. Thaler has spent his career studying the radical notion that the central agents in the economy are humans—predictable, error-prone individuals. Misbehaving is his arresting, frequently hilarious account of the struggle to bring an academic discipline back down to earth—and change the way we think about economics, ourselves, and our world. Traditional economics assumes rational actors. Early in his research, Thaler realized these Spock-like automatons were nothing like real people. Whether buying a clock radio, selling basketball tickets, or applying for a mortgage, we all succumb to biases and make decisions that deviate from the standards of rationality assumed by economists. In other words, we misbehave. More importantly, our misbehavior has serious consequences. Dismissed at first by economists as an amusing sideshow, the study of human miscalculations and their effects on markets now drives efforts to make better decisions in our lives, our businesses, and our governments. Coupling recent discoveries in human psychology with a practical understanding of incentives and market behavior, Thaler enlightens readers about how to make smarter decisions in an increasingly mystifying world. He reveals how behavioral economic analysis opens up new ways to look at everything from household finance to assigning faculty offices in a new building, to TV game shows, the NFL draft, and businesses like Uber. Laced with antic stories of Thaler’s spirited battles with the bastions of traditional economic thinking, Misbehaving is a singular look into profound human foibles. When economics meets psychology, the implications for individuals, managers, and policy makers are both profound and entertaining. Shortlisted for the Financial Times & McKinsey Business Book of the Year Award","[{'type': 'ISBN_13', 'identifier': '9780393246773'}, {'type': 'ISBN_10', 'identifier': '0393246779'}]","{'text': True, 'image': False}",522.0,BOOK,['Business & Economics'],NOT_MATURE,True,1.14.15.0.preview.2,"{'containsEpubBubbles': False, 'containsImageBubbles': False}","{'smallThumbnail': 'http://books.google.com/books/content?id=xQedBAAAQBAJ&printsec=frontcover&img=1&zoom=5&edge=curl&source=gbs_api', 'thumbnail': 'http://books.google.com/books/content?id=xQedBAAAQBAJ&printsec=frontcover&img=1&zoom=1&edge=curl&source=gbs_api'}",en,http://books.google.com/books?id=xQedBAAAQBAJ&printsec=frontcover&dq=isbn:9780393246773&hl=&cd=1&source=gbs_api,https://play.google.com/store/books/details?id=xQedBAAAQBAJ&source=gbs_api,https://play.google.com/store/books/details?id=xQedBAAAQBAJ,The Making of Behavioral Economics,,,9780393246773,0393246779,,http://books.google.com/books/content?id=xQedBAAAQBAJ&printsec=frontcover&img=1&zoom=5&edge=curl&source=gbs_api,http://books.google.com/books/content?id=xQedBAAAQBAJ&printsec=frontcover&img=1&zoom=1&edge=curl&source=gbs_api
251,9780307908230,The Upright Thinkers: The Human Journey from Living in Trees to Understanding the Cosmos,Leonard Mlodinow,2016-11-28,2017-01-18,2017,True,The Upright Thinkers,['Leonard Mlodinow'],Pantheon,2015,"Presents a history of science, focusing on its influence in the transition from humanity's primitive beginnings up to the modern day, with profiles of famous scientists responsible for some of the world's greatest scientific discoveries. --Publisher's description.","[{'type': 'ISBN_10', 'identifier': '0307908232'}, {'type': 'ISBN_13', 'identifier': '9780307908230'}]","{'text': False, 'image': False}",340.0,BOOK,['Science'],NOT_MATURE,False,preview-1.0.0,"{'containsEpubBubbles': False, 'containsImageBubbles': False}","{'smallThumbnail': 'http://books.google.com/books/content?id=K_jIoQEACAAJ&printsec=frontcover&img=1&zoom=5&source=gbs_api', 'thumbnail': 'http://books.google.com/books/content?id=K_jIoQEACAAJ&printsec=frontcover&img=1&zoom=1&source=gbs_api'}",en,http://books.google.com/books?id=K_jIoQEACAAJ&dq=isbn:9780307908230&hl=&cd=1&source=gbs_api,http://books.google.com/books?id=K_jIoQEACAAJ&dq=isbn:9780307908230&hl=&source=gbs_api,https://books.google.com/books/about/The_Upright_Thinkers.html?hl=&id=K_jIoQEACAAJ,The Human Journey from Living in Trees to Understanding the Cosmos,,,9780307908230,0307908232,,http://books.google.com/books/content?id=K_jIoQEACAAJ&printsec=frontcover&img=1&zoom=5&source=gbs_api,http://books.google.com/books/content?id=K_jIoQEACAAJ&printsec=frontcover&img=1&zoom=1&source=gbs_api
252,9780393254594,The Undoing Project: A Friendship That Changed Our Minds,Michael   Lewis,2016-12-07,2016-12-26,2016,True,The Undoing Project,['Michael Lewis'],National Geographic Books,2016-12-06,"How a Nobel Prize–winning theory of the mind altered our perception of reality. Forty years ago, Israeli psychologists Daniel Kahneman and Amos Tversky wrote a series of breathtakingly original studies undoing our assumptions about the decision-making process. Their papers showed the ways in which the human mind erred, systematically, when forced to make judgments in uncertain situations. Their work created the field of behavioral economics, revolutionized Big Data studies, advanced evidence-based medicine, led to a new approach to government regulation, and made much of Michael Lewis’s own work possible. Kahneman and Tversky are more responsible than anybody for the powerful trend to mistrust human intuition and defer to algorithms. The Undoing Project is about a compelling collaboration between two men who have the dimensions of great literary figures. They became heroes in the university and on the battlefield—both had important careers in the Israeli military—and their research was deeply linked to their extraordinary life experiences. Amos Tversky was a brilliant, self-confident warrior and extrovert, the center of rapt attention in any room; Kahneman, a fugitive from the Nazis in his childhood, was an introvert whose questing self-doubt was the seedbed of his ideas. They became one of the greatest partnerships in the history of science, working together so closely that they couldn’t remember whose brain originated which ideas, or who should claim credit. They flipped a coin to decide the lead authorship on the first paper they wrote, and simply alternated thereafter. This story about the workings of the human mind is explored through the personalities of two fascinating individuals so fundamentally different from each other that they seem unlikely friends or colleagues. In the process they may well have changed, for good, mankind’s view of its own mind.","[{'type': 'ISBN_13', 'identifier': '9780393254594'}, {'type': 'ISBN_10', 'identifier': '0393254593'}]","{'text': True, 'image': False}",362.0,BOOK,['Science'],NOT_MATURE,False,preview-1.0.0,"{'containsEpubBubbles': False, 'containsImageBubbles': False}","{'smallThumbnail': 'http://books.google.com/books/content?id=PVSNEAAAQBAJ&printsec=frontcover&img=1&zoom=5&source=gbs_api', 'thumbnail': 'http://books.google.com/books/content?id=PVSNEAAAQBAJ&printsec=frontcover&img=1&zoom=1&source=gbs_api'}",en,http://books.google.com/books?id=PVSNEAAAQBAJ&dq=isbn:9780393254594&hl=&cd=1&source=gbs_api,http://books.google.com/books?id=PVSNEAAAQBAJ&dq=isbn:9780393254594&hl=&source=gbs_api,https://books.google.com/books/about/The_Undoing_Project.html?hl=&id=PVSNEAAAQBAJ,A Friendship That Changed Our Minds,,,9780393254594,0393254593,,http://books.google.com/books/content?id=PVSNEAAAQBAJ&printsec=frontcover&img=1&zoom=5&source=gbs_api,http://books.google.com/books/content?id=PVSNEAAAQBAJ&printsec=frontcover&img=1&zoom=1&source=gbs_api
250,9781476763255,Dark Territory: The Secret History of Cyber War,Fred  Kaplan,2017-01-26,2017-02-01,2017,True,Dark Territory,['Fred M. Kaplan'],Simon and Schuster,2016-03,"""The never-before-told story of the computer scientists and the NSA, Pentagon, and White House policymakers who invented and employ the wars of the present and future--the cyber wars where every country can be a major power player and every hacker a mass destroyer, as reported by a Pulitzer Prize--winning security and defense journalist""--","[{'type': 'ISBN_13', 'identifier': '9781476763255'}, {'type': 'ISBN_10', 'identifier': '1476763259'}]","{'text': False, 'image': False}",352.0,BOOK,['Computers'],NOT_MATURE,False,0.6.2.0.preview.0,"{'containsEpubBubbles': False, 'containsImageBubbles': False}","{'smallThumbnail': 'http://books.google.com/books/content?id=vxafCwAAQBAJ&printsec=frontcover&img=1&zoom=5&edge=curl&source=gbs_api', 'thumbnail': 'http://books.google.com/books/content?id=vxafCwAAQBAJ&printsec=frontcover&img=1&zoom=1&edge=curl&source=gbs_api'}",en,http://books.google.com/books?id=vxafCwAAQBAJ&printsec=frontcover&dq=isbn:9781476763255&hl=&cd=1&source=gbs_api,http://books.google.com/books?id=vxafCwAAQBAJ&dq=isbn:9781476763255&hl=&source=gbs_api,https://books.google.com/books/about/Dark_Territory.html?hl=&id=vxafCwAAQBAJ,The Secret History of Cyber War,,,9781476763255,1476763259,,http://books.google.com/books/content?id=vxafCwAAQBAJ&printsec=frontcover&img=1&zoom=5&edge=curl&source=gbs_api,http://books.google.com/books/content?id=vxafCwAAQBAJ&printsec=frontcover&img=1&zoom=1&edge=curl&source=gbs_api
245,9780393089820,Naked Statistics: Stripping the Dread from the Data,Charles Wheelan,2017-01-27,2017-05-28,2017,True,Naked Statistics,['Charles Wheelan'],W. W. Norton & Company,2012-12-31,"A New York Times bestseller ""Brilliant, funny…the best math teacher you never had."" —San Francisco Chronicle Once considered tedious, the field of statistics is rapidly evolving into a discipline Hal Varian, chief economist at Google, has actually called ""sexy."" From batting averages and political polls to game shows and medical research, the real-world application of statistics continues to grow by leaps and bounds. How can we catch schools that cheat on standardized tests? How does Netflix know which movies you’ll like? What is causing the rising incidence of autism? As best-selling author Charles Wheelan shows us in Naked Statistics, the right data and a few well-chosen statistical tools can help us answer these questions and more. For those who slept through Stats 101, this book is a lifesaver. Wheelan strips away the arcane and technical details and focuses on the underlying intuition that drives statistical analysis. He clarifies key concepts such as inference, correlation, and regression analysis, reveals how biased or careless parties can manipulate or misrepresent data, and shows us how brilliant and creative researchers are exploiting the valuable data from natural experiments to tackle thorny questions. And in Wheelan’s trademark style, there’s not a dull page in sight. You’ll encounter clever Schlitz Beer marketers leveraging basic probability, an International Sausage Festival illuminating the tenets of the central limit theorem, and a head-scratching choice from the famous game show Let’s Make a Deal—and you’ll come away with insights each time. With the wit, accessibility, and sheer fun that turned Naked Economics into a bestseller, Wheelan defies the odds yet again by bringing another essential, formerly unglamorous discipline to life.","[{'type': 'ISBN_13', 'identifier': '9780393089820'}, {'type': 'ISBN_10', 'identifier': '0393089827'}]","{'text': True, 'image': False}",307.0,BOOK,['Mathematics'],NOT_MATURE,True,1.15.16.0.preview.2,"{'containsEpubBubbles': False, 'containsImageBubbles': False}","{'smallThumbnail': 'http://books.google.com/books/content?id=BgFJfC_CrTAC&printsec=frontcover&img=1&zoom=5&edge=curl&source=gbs_api', 'thumbnail': 'http://books.google.com/books/content?id=BgFJfC_CrTAC&printsec=frontcover&img=1&zoom=1&edge=curl&source=gbs_api'}",en,http://books.google.com/books?id=BgFJfC_CrTAC&printsec=frontcover&dq=isbn:9780393089820&hl=&cd=1&source=gbs_api,https://play.google.com/store/books/details?id=BgFJfC_CrTAC&source=gbs_api,https://play.google.com/store/books/details?id=BgFJfC_CrTAC,Stripping the Dread from the Data,4.5,3.0,9780393089820,0393089827,,http://books.google.com/books/content?id=BgFJfC_CrTAC&printsec=frontcover&img=1&zoom=5&edge=curl&source=gbs_api,http://books.google.com/books/content?id=BgFJfC_CrTAC&printsec=frontcover&img=1&zoom=1&edge=curl&source=gbs_api
248,9781594205224,How Not to Be Wrong: The Power of Mathematical Thinking,Jordan Ellenberg,2017-02-07,2017-03-17,2017,True,How Not to Be Wrong,['Jordan Ellenberg'],Penguin Press,2014-05-29,"A brilliant tour of mathematical thought and a guide to becoming a better thinker, How Not to Be Wrong shows that math is not just a long list of rules to be learned and carried out by rote. Math touches everything we do; It's what makes the world make sense. Using the mathematician's methods and hard-won insights-minus the jargon-professor and popular columnist Jordan Ellenberg guides general readers through his ideas with rigor and lively irreverence, infusing everything from election results to baseball to the existence of God and the psychology of slime molds with a heightened sense of clarity and wonder. Armed with the tools of mathematics, we can see the hidden structures beneath the messy and chaotic surface of our daily lives. How Not to Be Wrong shows us how--Publisher's description.","[{'type': 'ISBN_13', 'identifier': '9781594205224'}, {'type': 'ISBN_10', 'identifier': '1594205221'}]","{'text': False, 'image': False}",480.0,BOOK,['Mathematics'],NOT_MATURE,False,0.2.2.0.preview.0,"{'containsEpubBubbles': False, 'containsImageBubbles': False}","{'smallThumbnail': 'http://books.google.com/books/content?id=HtjZCwAAQBAJ&printsec=frontcover&img=1&zoom=5&edge=curl&source=gbs_api', 'thumbnail': 'http://books.google.com/books/content?id=HtjZCwAAQBAJ&printsec=frontcover&img=1&zoom=1&edge=curl&source=gbs_api'}",en,http://books.google.com/books?id=HtjZCwAAQBAJ&printsec=frontcover&dq=isbn:9781594205224&hl=&cd=1&source=gbs_api,http://books.google.com/books?id=HtjZCwAAQBAJ&dq=isbn:9781594205224&hl=&source=gbs_api,https://books.google.com/books/about/How_Not_to_Be_Wrong.html?hl=&id=HtjZCwAAQBAJ,The Power of Mathematical Thinking,,,9781594205224,1594205221,,http://books.google.com/books/content?id=HtjZCwAAQBAJ&printsec=frontcover&img=1&zoom=5&edge=curl&source=gbs_api,http://books.google.com/books/content?id=HtjZCwAAQBAJ&printsec=frontcover&img=1&zoom=1&edge=curl&source=gbs_api
247,9780871404091,Why Does the World Exist?: An Existential Detective Story,Jim Holt,2017-03-18,2017-04-26,2017,True,Why Does the World Exist,['Jim Holt'],W. W. Norton & Company,2012-07-17,"In this astonishing and profound work, an irreverent sleuth traces the riddleof existence from the ancient world to modern times.","[{'type': 'ISBN_13', 'identifier': '9780871404091'}, {'type': 'ISBN_10', 'identifier': '0871404095'}]","{'text': False, 'image': False}",321.0,BOOK,['Philosophy'],NOT_MATURE,False,0.2.2.0.preview.0,"{'containsEpubBubbles': False, 'containsImageBubbles': False}","{'smallThumbnail': 'http://books.google.com/books/content?id=A8WQ4awvWuwC&printsec=frontcover&img=1&zoom=5&edge=curl&source=gbs_api', 'thumbnail': 'http://books.google.com/books/content?id=A8WQ4awvWuwC&printsec=frontcover&img=1&zoom=1&edge=curl&source=gbs_api'}",en,http://books.google.com/books?id=A8WQ4awvWuwC&printsec=frontcover&dq=isbn:9780871404091&hl=&cd=1&source=gbs_api,http://books.google.com/books?id=A8WQ4awvWuwC&dq=isbn:9780871404091&hl=&source=gbs_api,https://books.google.com/books/about/Why_Does_the_World_Exist.html?hl=&id=A8WQ4awvWuwC,An Existential Detective Story,,,9780871404091,0871404095,,http://books.google.com/books/content?id=A8WQ4awvWuwC&printsec=frontcover&img=1&zoom=5&edge=curl&source=gbs_api,http://books.google.com/books/content?id=A8WQ4awvWuwC&printsec=frontcover&img=1&zoom=1&edge=curl&source=gbs_api
246,9780805095159,Being Mortal: Medicine and What Matters in the End,Atul Gawande,2017-04-06,2017-06-01,2017,True,Being Mortal,['Atul Gawande'],Macmillan,2014-10-07,"Gawande, a practicing surgeon, addresses his profession's ultimate limitation, arguing that quality of life is the desired goal for patients and families of the terminally ill.","[{'type': 'ISBN_13', 'identifier': '9780805095159'}, {'type': 'ISBN_10', 'identifier': '0805095152'}]","{'text': False, 'image': False}",300.0,BOOK,['Family & Relationships'],NOT_MATURE,False,0.1.2.0.preview.0,"{'containsEpubBubbles': False, 'containsImageBubbles': False}","{'smallThumbnail': 'http://books.google.com/books/content?id=w5EcCgAAQBAJ&printsec=frontcover&img=1&zoom=5&edge=curl&source=gbs_api', 'thumbnail': 'http://books.google.com/books/content?id=w5EcCgAAQBAJ&printsec=frontcover&img=1&zoom=1&edge=curl&source=gbs_api'}",en,http://books.google.com/books?id=w5EcCgAAQBAJ&printsec=frontcover&dq=isbn:9780805095159&hl=&cd=1&source=gbs_api,http://books.google.com/books?id=w5EcCgAAQBAJ&dq=isbn:9780805095159&hl=&source=gbs_api,https://books.google.com/books/about/Being_Mortal.html?hl=&id=w5EcCgAAQBAJ,Medicine and What Matters in the End,,,9780805095159,0805095152,,http://books.google.com/books/content?id=w5EcCgAAQBAJ&printsec=frontcover&img=1&zoom=5&edge=curl&source=gbs_api,http://books.google.com/books/content?id=w5EcCgAAQBAJ&printsec=frontcover&img=1&zoom=1&edge=curl&source=gbs_api
233,9780735222786,Behave: The Biology of Humans at Our Best and Worst,Robert M. Sapolsky,2017-05-05,2017-11-14,2017,True,Behave,['Robert M. Sapolsky'],Penguin,2017-05-02,"Why do we do the things we do? Over a decade in the making, this game-changing book is Robert Sapolsky's genre-shattering attempt to answer that question as fully as perhaps only he could, looking at it from every angle. Sapolsky's storytelling concept is delightful but it also has a powerful intrinsic logic: he starts by looking at the factors that bear on a person's reaction in the precise moment a behavior occurs, and then hops back in time from there, in stages, ultimately ending up at the deep history of our species and its genetic inheritance. And so the first category of explanation is the neurobiological one. What goes on in a person's brain a second before the behavior happens? Then he pulls out to a slightly larger field of vision, a little earlier in time: What sight, sound, or smell triggers the nervous system to produce that behavior? And then, what hormones act hours to days earlier to change how responsive that individual is to the stimuli which trigger the nervous system? By now, he has increased our field of vision so that we are thinking about neurobiology and the sensory world of our environment and endocrinology in trying to explain what happened. Sapolsky keeps going--next to what features of the environment affected that person's brain, and then back to the childhood of the individual, and then to their genetic makeup. Finally, he expands the view to encompass factors larger than that one individual. How culture has shaped that individual's group, what ecological factors helped shape that culture, and on and on, back to evolutionary factors thousands and even millions of years old. The result is one of the most dazzling tours de horizon of the science of human behavior ever attempted, a majestic synthesis that harvests cutting-edge research across a range of disciplines to provide a subtle and nuanced perspective on why we ultimately do the things we do...for good and for ill. Sapolsky builds on this understanding to wrestle with some of our deepest and thorniest questions relating to tribalism and xenophobia, hierarchy and competition, morality and free will, and war and peace. Wise, humane, often very funny, Behave is a towering achievement, powerfully humanizing, and downright heroic in its own right.","[{'type': 'ISBN_13', 'identifier': '9780735222786'}, {'type': 'ISBN_10', 'identifier': '0735222789'}]","{'text': True, 'image': False}",801.0,BOOK,['Science'],NOT_MATURE,True,1.20.13.0.preview.2,"{'containsEpubBubbles': False, 'containsImageBubbles': False}","{'smallThumbnail': 'http://books.google.com/books/content?id=sJKoDAAAQBAJ&printsec=frontcover&img=1&zoom=5&edge=curl&source=gbs_api', 'thumbnail': 'http://books.google.com/books/content?id=sJKoDAAAQBAJ&printsec=frontcover&img=1&zoom=1&edge=curl&source=gbs_api'}",en,http://books.google.com/books?id=sJKoDAAAQBAJ&printsec=frontcover&dq=isbn:9780735222786&hl=&cd=1&source=gbs_api,https://play.google.com/store/books/details?id=sJKoDAAAQBAJ&source=gbs_api,https://play.google.com/store/books/details?id=sJKoDAAAQBAJ,The Biology of Humans at Our Best and Worst,5.0,2.0,9780735222786,0735222789,,http://books.google.com/books/content?id=sJKoDAAAQBAJ&printsec=frontcover&img=1&zoom=5&edge=curl&source=gbs_api,http://books.google.com/books/content?id=sJKoDAAAQBAJ&printsec=frontcover&img=1&zoom=1&edge=curl&source=gbs_api
243,9780399184352,The Knowledge Illusion: Why We Never Think Alone,Steven Sloman,2017-06-15,2017-07-03,2017,True,The Knowledge Illusion,"['Steven A. Sloman', 'Philip Fernbach']",Penguin,2017,"""Two cognitive scientists explain how the human brain relies on the communal nature of intelligence and knowledge, constantly gathering information and expertise stored outside our mind and bodies, to overcome its shortcomings of being error prone, irrational and often ignorant, ""--NoveList.","[{'type': 'ISBN_13', 'identifier': '9780399184352'}, {'type': 'ISBN_10', 'identifier': '039918435X'}]","{'text': False, 'image': False}",306.0,BOOK,['Business & Economics'],NOT_MATURE,False,0.3.2.0.preview.0,"{'containsEpubBubbles': False, 'containsImageBubbles': False}","{'smallThumbnail': 'http://books.google.com/books/content?id=PqMgDgAAQBAJ&printsec=frontcover&img=1&zoom=5&edge=curl&source=gbs_api', 'thumbnail': 'http://books.google.com/books/content?id=PqMgDgAAQBAJ&printsec=frontcover&img=1&zoom=1&edge=curl&source=gbs_api'}",en,http://books.google.com/books?id=PqMgDgAAQBAJ&printsec=frontcover&dq=isbn:9780399184352&hl=&cd=1&source=gbs_api,http://books.google.com/books?id=PqMgDgAAQBAJ&dq=isbn:9780399184352&hl=&source=gbs_api,https://books.google.com/books/about/The_Knowledge_Illusion.html?hl=&id=PqMgDgAAQBAJ,Why We Never Think Alone,,,9780399184352,039918435X,,http://books.google.com/books/content?id=PqMgDgAAQBAJ&printsec=frontcover&img=1&zoom=5&edge=curl&source=gbs_api,http://books.google.com/books/content?id=PqMgDgAAQBAJ&printsec=frontcover&img=1&zoom=1&edge=curl&source=gbs_api
244,9780804190121,On Tyranny: Twenty Lessons from the Twentieth Century,Timothy Snyder,2017-06-17,2017-06-18,2017,True,On Tyranny,['Timothy Snyder'],Crown,2017-02-28,"#1 NEW YORK TIMES BESTSELLER • A “bracing” (Vox) guide for surviving and resisting America’s turn towards authoritarianism, from “a rising public intellectual unafraid to make bold connections between past and present” (The New York Times) “Timothy Snyder reasons with unparalleled clarity, throwing the past and future into sharp relief. He has written the rare kind of book that can be read in one sitting but will keep you coming back to help regain your bearings.”—Masha Gessen The Founding Fathers tried to protect us from the threat they knew, the tyranny that overcame ancient democracy. Today, our political order faces new threats, not unlike the totalitarianism of the twentieth century. We are no wiser than the Europeans who saw democracy yield to fascism, Nazism, or communism. Our one advantage is that we might learn from their experience. On Tyranny is a call to arms and a guide to resistance, with invaluable ideas for how we can preserve our freedoms in the uncertain years to come.","[{'type': 'ISBN_13', 'identifier': '9780804190121'}, {'type': 'ISBN_10', 'identifier': '0804190127'}]","{'text': True, 'image': False}",129.0,BOOK,['Political Science'],NOT_MATURE,True,4.22.19.0.preview.2,"{'containsEpubBubbles': False, 'containsImageBubbles': False}","{'smallThumbnail': 'http://books.google.com/books/content?id=3z7cDQAAQBAJ&printsec=frontcover&img=1&zoom=5&edge=curl&source=gbs_api', 'thumbnail': 'http://books.google.com/books/content?id=3z7cDQAAQBAJ&printsec=frontcover&img=1&zoom=1&edge=curl&source=gbs_api'}",en,http://books.google.com/books?id=3z7cDQAAQBAJ&printsec=frontcover&dq=isbn:9780804190121&hl=&cd=1&source=gbs_api,https://play.google.com/store/books/details?id=3z7cDQAAQBAJ&source=gbs_api,https://play.google.com/store/books/details?id=3z7cDQAAQBAJ,Twenty Lessons from the Twentieth Century,2.5,2.0,9780804190121,0804190127,,http://books.google.com/books/content?id=3z7cDQAAQBAJ&printsec=frontcover&img=1&zoom=5&edge=curl&source=gbs_api,http://books.google.com/books/content?id=3z7cDQAAQBAJ&printsec=frontcover&img=1&zoom=1&edge=curl&source=gbs_api
242,9781910701874,Homo Deus: A Brief History of Tomorrow,Yuval Noah Harari,2017-07-04,2017-08-03,2017,True,Homo Deus,['Yuval Noah Harari'],Random House,2016,"**From the author of the global phenomenon Sapiens** **A Guardian Book of the Year** **An Evening Standard Book of the Year** **A TLS Book of the Year** 'Homo Deus will shock you. It will entertain you. Above all, it will make you think in ways you had not thought before.' Daniel Kahneman, author of Thinking Fast, and Slow Yuval Noah Harari, author of the bestselling Sapiens: A Brief History of Humankind, envisions a not-too-distant world in which we face a new set of challenges. In Homo Deus, he examines our future with his trademark blend of science, history, philosophy and every discipline in between. Homo Deus explores the projects, dreams and nightmares that will shape the twenty-first century - from overcoming death to creating artificial life. It asks the fundamental questions: Where do we go from here? And how will we protect this fragile world from our own destructive powers? This is the next stage of evolution. This is Homo Deus. War is obsolete You are more likely to commit suicide than be killed in conflict Famine is disappearing You are at more risk of obesity than starvation Death is just a technical problem Equality is out - but immortality is in What does our future hold?","[{'type': 'ISBN_13', 'identifier': '9781910701874'}, {'type': 'ISBN_10', 'identifier': '1910701874'}]","{'text': False, 'image': False}",450.0,BOOK,['History'],NOT_MATURE,False,0.2.1.0.preview.0,"{'containsEpubBubbles': False, 'containsImageBubbles': False}","{'smallThumbnail': 'http://books.google.com/books/content?id=ZWcNDQAAQBAJ&printsec=frontcover&img=1&zoom=5&source=gbs_api', 'thumbnail': 'http://books.google.com/books/content?id=ZWcNDQAAQBAJ&printsec=frontcover&img=1&zoom=1&source=gbs_api'}",en,http://books.google.com/books?id=ZWcNDQAAQBAJ&dq=isbn:9781910701874&hl=&cd=1&source=gbs_api,http://books.google.com/books?id=ZWcNDQAAQBAJ&dq=isbn:9781910701874&hl=&source=gbs_api,https://books.google.com/books/about/Homo_Deus.html?hl=&id=ZWcNDQAAQBAJ,A Brief History of Tomorrow,,,9781910701874,1910701874,,http://books.google.com/books/content?id=ZWcNDQAAQBAJ&printsec=frontcover&img=1&zoom=5&source=gbs_api,http://books.google.com/books/content?id=ZWcNDQAAQBAJ&printsec=frontcover&img=1&zoom=1&source=gbs_api
241,9781400077427,Stumbling on Happiness,Daniel Todd Gilbert,2017-08-05,2017-09-01,2017,True,Stumbling on Happiness,['Daniel Gilbert'],Vintage,2006,"NATIONAL BESTSELLER • Bringing to life scientific research in psychology, cognitive neuroscience, philosophy, and behavioral economics, this witty, accessible book reveals what scientists have discovered about the uniquely human ability to imagine the future, and about our capacity to predict how much we will like it when we get there. • Why are lovers quicker to forgive their partners for infidelity than for leaving dirty dishes in the sink? • Why will sighted people pay more to avoid going blind than blind people will pay to regain their sight? • Why do dining companions insist on ordering different meals instead of getting what they really want? • Why do pigeons seem to have such excellent aim; why can’t we remember one song while listening to another; and why does the line at the grocery store always slow down the moment we join it? In this brilliant book, renowned Harvard psychologist Daniel Gilbert describes the foibles of imagination and illusions of foresight that cause each of us to misconceive our tomorrows and misestimate our satisfactions. With penetrating insight and sparkling prose, Gilbert explains why we seem to know so little about the hearts and minds of the people we are about to become.","[{'type': 'ISBN_10', 'identifier': '1400077427'}, {'type': 'ISBN_13', 'identifier': '9781400077427'}]","{'text': False, 'image': False}",292.0,BOOK,['Psychology'],NOT_MATURE,False,2.4.1.0.preview.0,"{'containsEpubBubbles': False, 'containsImageBubbles': False}","{'smallThumbnail': 'http://books.google.com/books/content?id=bLO56F30mrkC&printsec=frontcover&img=1&zoom=5&source=gbs_api', 'thumbnail': 'http://books.google.com/books/content?id=bLO56F30mrkC&printsec=frontcover&img=1&zoom=1&source=gbs_api'}",en,http://books.google.com/books?id=bLO56F30mrkC&dq=isbn:9781400077427&hl=&cd=1&source=gbs_api,http://books.google.com/books?id=bLO56F30mrkC&dq=isbn:9781400077427&hl=&source=gbs_api,https://books.google.com/books/about/Stumbling_on_Happiness.html?hl=&id=bLO56F30mrkC,,,,9781400077427,1400077427,,http://books.google.com/books/content?id=bLO56F30mrkC&printsec=frontcover&img=1&zoom=5&source=gbs_api,http://books.google.com/books/content?id=bLO56F30mrkC&printsec=frontcover&img=1&zoom=1&source=gbs_api
240,9781451683400,Free Will,Sam Harris,2017-09-02,2017-09-05,2017,True,Free Will,['Sam Harris'],Simon and Schuster,2012-03-06,"The physiologist Benjamin Libet famously demonstrated that activity in the brain's motor regions can be detected some 300 milliseconds before a person feels that he has decided to move. Another lab recently used fMRI data to show that some ""conscious"" decisions can be predicted up to 10 seconds before they enter awareness (long before the preparatory motor activity detected by Libet). Clearly, findings of this kind are difficult to reconcile with the sense that one is the conscious source of one's actions. The question of free will is no mere curio of philosophy seminars. A belief in free will underwrites both the religious notion of ""sin"" and our enduring commitment to retributive justice. The Supreme Court has called free will a ""universal and persistent"" foundation for our system of law. Any scientific developments that threatened our notion of free will would seem to put the ethics of punishing people for their bad behaviour in question.In Free Will Harris debates these ideas and asks whether or not, given what brain science is telling us, we actually have free will?","[{'type': 'ISBN_13', 'identifier': '9781451683400'}, {'type': 'ISBN_10', 'identifier': '1451683405'}]","{'text': False, 'image': False}",96.0,BOOK,['Philosophy'],NOT_MATURE,False,0.2.2.0.preview.0,"{'containsEpubBubbles': False, 'containsImageBubbles': False}","{'smallThumbnail': 'http://books.google.com/books/content?id=lvsiwZFucKoC&printsec=frontcover&img=1&zoom=5&edge=curl&source=gbs_api', 'thumbnail': 'http://books.google.com/books/content?id=lvsiwZFucKoC&printsec=frontcover&img=1&zoom=1&edge=curl&source=gbs_api'}",en,http://books.google.com/books?id=lvsiwZFucKoC&printsec=frontcover&dq=isbn:9781451683400&hl=&cd=1&source=gbs_api,http://books.google.com/books?id=lvsiwZFucKoC&dq=isbn:9781451683400&hl=&source=gbs_api,https://books.google.com/books/about/Free_Will.html?hl=&id=lvsiwZFucKoC,,2.5,4.0,9781451683400,1451683405,,http://books.google.com/books/content?id=lvsiwZFucKoC&printsec=frontcover&img=1&zoom=5&edge=curl&source=gbs_api,http://books.google.com/books/content?id=lvsiwZFucKoC&printsec=frontcover&img=1&zoom=1&edge=curl&source=gbs_api
238,9780385351393,The Circle,Dave Eggers,2017-09-02,2017-10-29,2017,True,The Circle,['Dave Eggers'],National Geographic Books,2013-10-08,"A bestselling dystopian novel that tackles surveillance, privacy and the frightening intrusions of technology in our lives—a “compulsively readable parable for the 21st century” (Vanity Fair). When Mae Holland is hired to work for the Circle, the world’s most powerful internet company, she feels she’s been given the opportunity of a lifetime. The Circle, run out of a sprawling California campus, links users’ personal emails, social media, banking, and purchasing with their universal operating system, resulting in one online identity and a new age of civility and transparency. As Mae tours the open-plan office spaces, the towering glass dining facilities, the cozy dorms for those who spend nights at work, she is thrilled with the company’s modernity and activity. There are parties that last through the night, there are famous musicians playing on the lawn, there are athletic activities and clubs and brunches, and even an aquarium of rare fish retrieved from the Marianas Trench by the CEO. Mae can’t believe her luck, her great fortune to work for the most influential company in the world—even as life beyond the campus grows distant, even as a strange encounter with a colleague leaves her shaken, even as her role at the Circle becomes increasingly public. What begins as the captivating story of one woman’s ambition and idealism soon becomes a heart-racing novel of suspense, raising questions about memory, history, privacy, democracy, and the limits of human knowledge.","[{'type': 'ISBN_13', 'identifier': '9780385351393'}, {'type': 'ISBN_10', 'identifier': '0385351399'}]","{'text': True, 'image': False}",491.0,BOOK,['Fiction'],NOT_MATURE,False,preview-1.0.0,"{'containsEpubBubbles': False, 'containsImageBubbles': False}","{'smallThumbnail': 'http://books.google.com/books/content?id=NTiNEAAAQBAJ&printsec=frontcover&img=1&zoom=5&source=gbs_api', 'thumbnail': 'http://books.google.com/books/content?id=NTiNEAAAQBAJ&printsec=frontcover&img=1&zoom=1&source=gbs_api'}",en,http://books.google.com/books?id=NTiNEAAAQBAJ&dq=isbn:9780385351393&hl=&cd=1&source=gbs_api,http://books.google.com/books?id=NTiNEAAAQBAJ&dq=isbn:9780385351393&hl=&source=gbs_api,https://books.google.com/books/about/The_Circle.html?hl=&id=NTiNEAAAQBAJ,,,,9780385351393,0385351399,,http://books.google.com/books/content?id=NTiNEAAAQBAJ&printsec=frontcover&img=1&zoom=5&source=gbs_api,http://books.google.com/books/content?id=NTiNEAAAQBAJ&printsec=frontcover&img=1&zoom=1&source=gbs_api
239,9781400078776,Never Let Me Go,Kazuo Ishiguro,2017-10-20,2017-10-22,2017,True,Never Let Me Go,['Kazuo Ishiguro'],Vintage,2006-03-14,"NOBEL PRIZE WINNER • From the acclaimed, bestselling author of The Remains of the Day comes “a Gothic tour de force"" (The New York Times) with an extraordinary twist—a moving, suspenseful, beautifully atmospheric modern classic. One of The New York Times’s 10 Best Books of the 21st Century • A Kirkus Reviews Best Fiction Book of the Century • A Los Angeles Times Best Fiction Book of the Last 30 Years As children, Kathy, Ruth, and Tommy were students at Hailsham, an exclusive boarding school secluded in the English countryside. It was a place of mercurial cliques and mysterious rules where teachers were constantly reminding their charges of how special they were. Now, years later, Kathy is a young woman. Ruth and Tommy have reentered her life. And for the first time she is beginning to look back at their shared past and understand just what it is that makes them special—and how that gift will shape the rest of their time together.","[{'type': 'ISBN_13', 'identifier': '9781400078776'}, {'type': 'ISBN_10', 'identifier': '1400078776'}]","{'text': False, 'image': False}",305.0,BOOK,['Fiction'],NOT_MATURE,False,1.5.2.0.preview.0,"{'containsEpubBubbles': False, 'containsImageBubbles': False}","{'smallThumbnail': 'http://books.google.com/books/content?id=5N4cCOjPjv8C&printsec=frontcover&img=1&zoom=5&edge=curl&source=gbs_api', 'thumbnail': 'http://books.google.com/books/content?id=5N4cCOjPjv8C&printsec=frontcover&img=1&zoom=1&edge=curl&source=gbs_api'}",en,http://books.google.com/books?id=5N4cCOjPjv8C&printsec=frontcover&dq=isbn:9781400078776&hl=&cd=1&source=gbs_api,http://books.google.com/books?id=5N4cCOjPjv8C&dq=isbn:9781400078776&hl=&source=gbs_api,https://books.google.com/books/about/Never_Let_Me_Go.html?hl=&id=5N4cCOjPjv8C,,3.5,45.0,9781400078776,1400078776,,http://books.google.com/books/content?id=5N4cCOjPjv8C&printsec=frontcover&img=1&zoom=5&edge=curl&source=gbs_api,http://books.google.com/books/content?id=5N4cCOjPjv8C&printsec=frontcover&img=1&zoom=1&edge=curl&source=gbs_api
237,9780553448122,Artemis,Andy Weir,2017-11-15,2017-11-21,2017,True,Artemis,['Andy Weir'],Ballantine Books,2017-11-14,"The bestselling author of The Martian returns with an irresistible new near-future thriller—a heist story set on the moon. Jasmine Bashara never signed up to be a hero. She just wanted to get rich. Not crazy, eccentric-billionaire rich, like many of the visitors to her hometown of Artemis, humanity’s first and only lunar colony. Just rich enough to move out of her coffin-sized apartment and eat something better than flavored algae. Rich enough to pay off a debt she’s owed for a long time. So when a chance at a huge score finally comes her way, Jazz can’t say no. Sure, it requires her to graduate from small-time smuggler to full-on criminal mastermind. And it calls for a particular combination of cunning, technical skills, and large explosions—not to mention sheer brazen swagger. But Jazz has never run into a challenge her intellect can’t handle, and she figures she’s got the ‘swagger’ part down. The trouble is, engineering the perfect crime is just the start of Jazz’s problems. Because her little heist is about to land her in the middle of a conspiracy for control of Artemis itself. Trapped between competing forces, pursued by a killer and the law alike, even Jazz has to admit she’s in way over her head. She’ll have to hatch a truly spectacular scheme to have a chance at staying alive and saving her city. Jazz is no hero, but she is a very good criminal. That’ll have to do. Propelled by its heroine’s wisecracking voice, set in a city that’s at once stunningly imagined and intimately familiar, and brimming over with clever problem-solving and heist-y fun, Artemis is another irresistible brew of science, suspense, and humor from #1 bestselling author Andy Weir.","[{'type': 'ISBN_13', 'identifier': '9780553448122'}, {'type': 'ISBN_10', 'identifier': '0553448129'}]","{'text': False, 'image': False}",322.0,BOOK,['Fiction'],NOT_MATURE,False,0.6.0.0.preview.0,"{'containsEpubBubbles': False, 'containsImageBubbles': False}","{'smallThumbnail': 'http://books.google.com/books/content?id=qqg_DwAAQBAJ&printsec=frontcover&img=1&zoom=5&edge=curl&source=gbs_api', 'thumbnail': 'http://books.google.com/books/content?id=qqg_DwAAQBAJ&printsec=frontcover&img=1&zoom=1&edge=curl&source=gbs_api'}",en,http://books.google.com/books?id=qqg_DwAAQBAJ&printsec=frontcover&dq=isbn:9780553448122&hl=&cd=1&source=gbs_api,http://books.google.com/books?id=qqg_DwAAQBAJ&dq=isbn:9780553448122&hl=&source=gbs_api,https://books.google.com/books/about/Artemis.html?hl=&id=qqg_DwAAQBAJ,A Novel,,,9780553448122,0553448129,,http://books.google.com/books/content?id=qqg_DwAAQBAJ&printsec=frontcover&img=1&zoom=5&edge=curl&source=gbs_api,http://books.google.com/books/content?id=qqg_DwAAQBAJ&printsec=frontcover&img=1&zoom=1&edge=curl&source=gbs_api
236,9780812995343,Lincoln in the Bardo,George Saunders,2017-11-18,2017-12-08,2017,True,Lincoln in the Bardo,['George Saunders'],Random House,2017-02-14,"#1 NEW YORK TIMES BESTSELLER • WINNER OF THE MAN BOOKER PRIZE The “devastatingly moving” (People) first novel from the author of Tenth of December: a moving and original father-son story featuring none other than Abraham Lincoln, as well as an unforgettable cast of supporting characters, living and dead, historical and invented One of The New York Times’s 100 Best Books of the 21st Century • One of The Atlantic’s Great American Novels of the Past 100 Years • One of Paste’s Best Novels of the Decade Named One of the Ten Best Books of the Year by The Washington Post, USA Today, and Maureen Corrigan, NPR • One of Time’s Ten Best Novels of the Year • A New York Times Notable Book • One of O: The Oprah Magazine’s Best Books of the Year February 1862. The Civil War is less than one year old. The fighting has begun in earnest, and the nation has begun to realize it is in for a long, bloody struggle. Meanwhile, President Lincoln’s beloved eleven-year-old son, Willie, lies upstairs in the White House, gravely ill. In a matter of days, despite predictions of a recovery, Willie dies and is laid to rest in a Georgetown cemetery. “My poor boy, he was too good for this earth,” the president says at the time. “God has called him home.” Newspapers report that a grief-stricken Lincoln returns, alone, to the crypt several times to hold his boy’s body. From that seed of historical truth, George Saunders spins an unforgettable story of familial love and loss that breaks free of its realistic, historical framework into a supernatural realm both hilarious and terrifying. Willie Lincoln finds himself in a strange purgatory where ghosts mingle, gripe, commiserate, quarrel, and enact bizarre acts of penance. Within this transitional state—called, in the Tibetan tradition, the bardo—a monumental struggle erupts over young Willie’s soul. Lincoln in the Bardo is an astonishing feat of imagination and a bold step forward from one of the most important and influential writers of his generation. Formally daring, generous in spirit, deeply concerned with matters of the heart, it is a testament to fiction’s ability to speak honestly and powerfully to the things that really matter to us. Saunders has invented a thrilling new form that deploys a kaleidoscopic, theatrical panorama of voices to ask a timeless, profound question: How do we live and love when we know that everything we love must end? “A luminous feat of generosity and humanism.”—Colson Whitehead, The New York Times Book Review “A masterpiece.”—Zadie Smith","[{'type': 'ISBN_13', 'identifier': '9780812995343'}, {'type': 'ISBN_10', 'identifier': '0812995341'}]","{'text': False, 'image': False}",369.0,BOOK,['Fiction'],NOT_MATURE,False,0.5.1.0.preview.0,"{'containsEpubBubbles': False, 'containsImageBubbles': False}","{'smallThumbnail': 'http://books.google.com/books/content?id=b43mDQAAQBAJ&printsec=frontcover&img=1&zoom=5&edge=curl&source=gbs_api', 'thumbnail': 'http://books.google.com/books/content?id=b43mDQAAQBAJ&printsec=frontcover&img=1&zoom=1&edge=curl&source=gbs_api'}",en,http://books.google.com/books?id=b43mDQAAQBAJ&printsec=frontcover&dq=isbn:9780812995343&hl=&cd=1&source=gbs_api,http://books.google.com/books?id=b43mDQAAQBAJ&dq=isbn:9780812995343&hl=&source=gbs_api,https://books.google.com/books/about/Lincoln_in_the_Bardo.html?hl=&id=b43mDQAAQBAJ,A Novel,,,9780812995343,0812995341,,http://books.google.com/books/content?id=b43mDQAAQBAJ&printsec=frontcover&img=1&zoom=5&edge=curl&source=gbs_api,http://books.google.com/books/content?id=b43mDQAAQBAJ&printsec=frontcover&img=1&zoom=1&edge=curl&source=gbs_api
235,9780062390851,"Everybody Lies: Big Data, New Data, and What the Internet Can Tell Us About Who We Really Are",Seth Stephens-Davidowitz,2017-12-09,2017-12-21,2017,True,Everybody Lies,['Seth Stephens-Davidowitz'],Dey Street Books,2017-05-09,"An Economist Best Book of the Year A PBS NewsHour Book of the Year An Entrepeneur Top Business Book An Amazon Best Book of the Year in Business and Leadership New York Times Bestseller Foreword by Steven Pinker, author of The Better Angels of our Nature Blending the informed analysis of The Signal and the Noise with the instructive iconoclasm of Think Like a Freak, a fascinating, illuminating, and witty look at what the vast amounts of information now instantly available to us reveals about ourselves and our world—provided we ask the right questions. By the end of an average day in the early twenty-first century, human beings searching the internet will amass eight trillion gigabytes of data. This staggering amount of information—unprecedented in history—can tell us a great deal about who we are—the fears, desires, and behaviors that drive us, and the conscious and unconscious decisions we make. From the profound to the mundane, we can gain astonishing knowledge about the human psyche that less than twenty years ago, seemed unfathomable. Everybody Lies offers fascinating, surprising, and sometimes laugh-out-loud insights into everything from economics to ethics to sports to race to sex, gender and more, all drawn from the world of big data. What percentage of white voters didn’t vote for Barack Obama because he’s black? Does where you go to school effect how successful you are in life? Do parents secretly favor boy children over girls? Do violent films affect the crime rate? Can you beat the stock market? How regularly do we lie about our sex lives and who’s more self-conscious about sex, men or women? Investigating these questions and a host of others, Seth Stephens-Davidowitz offers revelations that can help us understand ourselves and our lives better. Drawing on studies and experiments on how we really live and think, he demonstrates in fascinating and often funny ways the extent to which all the world is indeed a lab. With conclusions ranging from strange-but-true to thought-provoking to disturbing, he explores the power of this digital truth serum and its deeper potential—revealing biases deeply embedded within us, information we can use to change our culture, and the questions we’re afraid to ask that might be essential to our health—both emotional and physical. All of us are touched by big data everyday, and its influence is multiplying. Everybody Lies challenges us to think differently about how we see it and the world.","[{'type': 'ISBN_10', 'identifier': '0062390856'}, {'type': 'ISBN_13', 'identifier': '9780062390851'}]","{'text': False, 'image': False}",352.0,BOOK,['Social Science'],NOT_MATURE,False,preview-1.0.0,"{'containsEpubBubbles': False, 'containsImageBubbles': False}","{'smallThumbnail': 'http://books.google.com/books/content?id=b1BqjwEACAAJ&printsec=frontcover&img=1&zoom=5&source=gbs_api', 'thumbnail': 'http://books.google.com/books/content?id=b1BqjwEACAAJ&printsec=frontcover&img=1&zoom=1&source=gbs_api'}",en,http://books.google.com/books?id=b1BqjwEACAAJ&dq=isbn:9780062390851&hl=&cd=1&source=gbs_api,http://books.google.com/books?id=b1BqjwEACAAJ&dq=isbn:9780062390851&hl=&source=gbs_api,https://books.google.com/books/about/Everybody_Lies.html?hl=&id=b1BqjwEACAAJ,"Big Data, New Data, and What the Internet Can Tell Us About Who We Really Are",,,9780062390851,0062390856,,http://books.google.com/books/content?id=b1BqjwEACAAJ&printsec=frontcover&img=1&zoom=5&source=gbs_api,http://books.google.com/books/content?id=b1BqjwEACAAJ&printsec=frontcover&img=1&zoom=1&source=gbs_api
234,9780062469694,The Hearts of Men,Nickolas Butler,2017-12-19,2017-12-25,2017,True,The Hearts of Men,['Nickolas Butler'],Ecco,2017-12-26,"""[A] tender, insightful book... Perfectly paced and leavened with humor, it's a wonderful read."" -- People An epic novel of intertwining friendships and families set in the Northwoods of Wisconsin at a beloved Boy Scout summer camp—from the bestselling author of Shotgun Lovesongs Camp Chippewa, 1962. Nelson Doughty, age thirteen, social outcast and overachiever, is the Bugler, sounding the reveille proudly each morning. Yet this particular summer marks the beginning of an uncertain and tenuous friendship with a popular boy named Jonathan. Over the years, Nelson, irrevocably scarred from the Vietnam War, becomes Scoutmaster of Camp Chippewa, while Jonathan marries, divorces, and turns his father’s business into a highly profitable company. And when something unthinkable happens at a camp get-together with Nelson as Scoutmaster and Jonathan’s teenage grandson and daughter-in-law as campers, the aftermath demonstrates the depths—and the limits—of Nelson’s selflessness and bravery. The Hearts of Men is a sweeping, panoramic novel about the slippery definitions of good and evil, family and fidelity, the challenges and rewards of lifelong friendships, the bounds of morality—and redemption.","[{'type': 'ISBN_10', 'identifier': '006246969X'}, {'type': 'ISBN_13', 'identifier': '9780062469694'}]","{'text': False, 'image': False}",400.0,BOOK,['Fiction'],NOT_MATURE,False,preview-1.0.0,"{'containsEpubBubbles': False, 'containsImageBubbles': False}","{'smallThumbnail': 'http://books.google.com/books/content?id=lv6CtAEACAAJ&printsec=frontcover&img=1&zoom=5&source=gbs_api', 'thumbnail': 'http://books.google.com/books/content?id=lv6CtAEACAAJ&printsec=frontcover&img=1&zoom=1&source=gbs_api'}",en,http://books.google.com/books?id=lv6CtAEACAAJ&dq=isbn:9780062469694&hl=&cd=1&source=gbs_api,http://books.google.com/books?id=lv6CtAEACAAJ&dq=isbn:9780062469694&hl=&source=gbs_api,https://books.google.com/books/about/The_Hearts_of_Men.html?hl=&id=lv6CtAEACAAJ,A Novel,,,9780062469694,006246969X,,http://books.google.com/books/content?id=lv6CtAEACAAJ&printsec=frontcover&img=1&zoom=5&source=gbs_api,http://books.google.com/books/content?id=lv6CtAEACAAJ&printsec=frontcover&img=1&zoom=1&source=gbs_api
232,9781101874998,The Cartel,Don Winslow,2017-12-27,2018-01-10,2018,True,The Cartel,['Don Winslow'],Knopf,2015,"A sequel to ""The Power of the Dog"" finds a drug lord's prison transfer to Mexico upsetting a precarious balance of peace and forcing a DEA agent to come out of retirement to stop the ensuing violence.","[{'type': 'ISBN_13', 'identifier': '9781101874998'}, {'type': 'ISBN_10', 'identifier': '1101874996'}]","{'text': False, 'image': False}",641.0,BOOK,['Fiction'],NOT_MATURE,False,0.3.1.0.preview.0,"{'containsEpubBubbles': False, 'containsImageBubbles': False}","{'smallThumbnail': 'http://books.google.com/books/content?id=x5CLDQAAQBAJ&printsec=frontcover&img=1&zoom=5&edge=curl&source=gbs_api', 'thumbnail': 'http://books.google.com/books/content?id=x5CLDQAAQBAJ&printsec=frontcover&img=1&zoom=1&edge=curl&source=gbs_api'}",en,http://books.google.com/books?id=x5CLDQAAQBAJ&printsec=frontcover&dq=isbn:9781101874998&hl=&cd=1&source=gbs_api,http://books.google.com/books?id=x5CLDQAAQBAJ&dq=isbn:9781101874998&hl=&source=gbs_api,https://books.google.com/books/about/The_Cartel.html?hl=&id=x5CLDQAAQBAJ,,,,9781101874998,1101874996,,http://books.google.com/books/content?id=x5CLDQAAQBAJ&printsec=frontcover&img=1&zoom=5&edge=curl&source=gbs_api,http://books.google.com/books/content?id=x5CLDQAAQBAJ&printsec=frontcover&img=1&zoom=1&edge=curl&source=gbs_api
218,9780525954828,"The Big Picture: On the Origins of Life, Meaning, and the Universe Itself",Sean Carroll,2018-01-11,2018-01-27,2018,True,The Big Picture,['Sean Carroll'],Penguin,2016-05-10,"The instant New York Times bestseller about humanity's place in the universe—and how we understand it. “Vivid...impressive....Splendidly informative.”—The New York Times “Succeeds spectacularly.”—Science “A tour de force.”—Salon Already internationally acclaimed for his elegant, lucid writing on the most challenging notions in modern physics, Sean Carroll is emerging as one of the greatest humanist thinkers of his generation as he brings his extraordinary intellect to bear not only on Higgs bosons and extra dimensions but now also on our deepest personal questions: Where are we? Who are we? Are our emotions, our beliefs, and our hopes and dreams ultimately meaningless out there in the void? Do human purpose and meaning fit into a scientific worldview? In short chapters filled with intriguing historical anecdotes, personal asides, and rigorous exposition, readers learn the difference between how the world works at the quantum level, the cosmic level, and the human level—and then how each connects to the other. Carroll's presentation of the principles that have guided the scientific revolution from Darwin and Einstein to the origins of life, consciousness, and the universe is dazzlingly unique. Carroll shows how an avalanche of discoveries in the past few hundred years has changed our world and what really matters to us. Our lives are dwarfed like never before by the immensity of space and time, but they are redeemed by our capacity to comprehend it and give it meaning. The Big Picture is an unprecedented scientific worldview, a tour de force that will sit on shelves alongside the works of Stephen Hawking, Carl Sagan, Daniel Dennett, and E. O. Wilson for years to come.","[{'type': 'ISBN_13', 'identifier': '9780525954828'}, {'type': 'ISBN_10', 'identifier': '0525954821'}]","{'text': False, 'image': False}",482.0,BOOK,['Science'],NOT_MATURE,False,1.7.2.0.preview.0,"{'containsEpubBubbles': False, 'containsImageBubbles': False}","{'smallThumbnail': 'http://books.google.com/books/content?id=lmkBDAAAQBAJ&printsec=frontcover&img=1&zoom=5&edge=curl&source=gbs_api', 'thumbnail': 'http://books.google.com/books/content?id=lmkBDAAAQBAJ&printsec=frontcover&img=1&zoom=1&edge=curl&source=gbs_api'}",en,http://books.google.com/books?id=lmkBDAAAQBAJ&printsec=frontcover&dq=isbn:9780525954828&hl=&cd=1&source=gbs_api,http://books.google.com/books?id=lmkBDAAAQBAJ&dq=isbn:9780525954828&hl=&source=gbs_api,https://books.google.com/books/about/The_Big_Picture.html?hl=&id=lmkBDAAAQBAJ,"On the Origins of Life, Meaning, and the Universe Itself",,,9780525954828,0525954821,,http://books.google.com/books/content?id=lmkBDAAAQBAJ&printsec=frontcover&img=1&zoom=5&edge=curl&source=gbs_api,http://books.google.com/books/content?id=lmkBDAAAQBAJ&printsec=frontcover&img=1&zoom=1&edge=curl&source=gbs_api
219,9780393609394,Astrophysics for People in a Hurry,Neil deGrasse Tyson,2018-01-27,2018-02-06,2018,True,Astrophysics for People in a Hurry,['Neil deGrasse Tyson'],National Geographic Books,2017-05-02,"Over a year on the New York Times bestseller list and more than a million copies sold. The essential universe, from our most celebrated and beloved astrophysicist. What is the nature of space and time? How do we fit within the universe? How does the universe fit within us? There’s no better guide through these mind-expanding questions than acclaimed astrophysicist and best-selling author Neil deGrasse Tyson. But today, few of us have time to contemplate the cosmos. So Tyson brings the universe down to Earth succinctly and clearly, with sparkling wit, in tasty chapters consumable anytime and anywhere in your busy day. While you wait for your morning coffee to brew, for the bus, the train, or a plane to arrive, Astrophysics for People in a Hurry will reveal just what you need to be fluent and ready for the next cosmic headlines: from the Big Bang to black holes, from quarks to quantum mechanics, and from the search for planets to the search for life in the universe.","[{'type': 'ISBN_13', 'identifier': '9780393609394'}, {'type': 'ISBN_10', 'identifier': '0393609391'}]","{'text': True, 'image': False}",222.0,BOOK,['Science'],NOT_MATURE,False,preview-1.0.0,"{'containsEpubBubbles': False, 'containsImageBubbles': False}","{'smallThumbnail': 'http://books.google.com/books/content?id=ll-NEAAAQBAJ&printsec=frontcover&img=1&zoom=5&source=gbs_api', 'thumbnail': 'http://books.google.com/books/content?id=ll-NEAAAQBAJ&printsec=frontcover&img=1&zoom=1&source=gbs_api'}",en,http://books.google.com/books?id=ll-NEAAAQBAJ&dq=isbn:9780393609394&hl=&cd=1&source=gbs_api,http://books.google.com/books?id=ll-NEAAAQBAJ&dq=isbn:9780393609394&hl=&source=gbs_api,https://books.google.com/books/about/Astrophysics_for_People_in_a_Hurry.html?hl=&id=ll-NEAAAQBAJ,,,,9780393609394,0393609391,,http://books.google.com/books/content?id=ll-NEAAAQBAJ&printsec=frontcover&img=1&zoom=5&source=gbs_api,http://books.google.com/books/content?id=ll-NEAAAQBAJ&printsec=frontcover&img=1&zoom=1&source=gbs_api
220,9780312430009,The Checklist Manifesto: How to Get Things Right,Atul Gawande,2018-02-02,2018-02-13,2018,True,The Checklist Manifesto,['Atul Gawande'],Picador USA,2010,"A New York Times Bestseller In latest bestseller, Atul Gawande shows what the simple idea of the checklist reveals about the complexity of our lives and how we can deal with it. The modern world has given us stupendous know-how. Yet avoidable failures continue to plague us in health care, government, the law, the financial industry--in almost every realm of organized activity. And the reason is simple: the volume and complexity of knowledge today has exceeded our ability as individuals to properly deliver it to people--consistently, correctly, safely. We train longer, specialize more, use ever-advancing technologies, and still we fail. Atul Gawande makes a compelling argument that we can do better, using the simplest of methods: the checklist. In riveting stories, he reveals what checklists can do, what they can't, and how they could bring about striking improvements in a variety of fields, from medicine and disaster recovery to professions and businesses of all kinds. And the insights are making a difference. Already, a simple surgical checklist from the World Health Organization designed by following the ideas described here has been adopted in more than twenty countries as a standard for care and has been heralded as ""the biggest clinical invention in thirty years"" (The Independent).","[{'type': 'ISBN_13', 'identifier': '9780312430009'}, {'type': 'ISBN_10', 'identifier': '0312430000'}]","{'text': True, 'image': False}",215.0,BOOK,['Business & Economics'],NOT_MATURE,False,preview-1.0.0,"{'containsEpubBubbles': False, 'containsImageBubbles': False}","{'smallThumbnail': 'http://books.google.com/books/content?id=_AP2EAAAQBAJ&printsec=frontcover&img=1&zoom=5&source=gbs_api', 'thumbnail': 'http://books.google.com/books/content?id=_AP2EAAAQBAJ&printsec=frontcover&img=1&zoom=1&source=gbs_api'}",en,http://books.google.com/books?id=_AP2EAAAQBAJ&dq=isbn:9780312430009&hl=&cd=1&source=gbs_api,http://books.google.com/books?id=_AP2EAAAQBAJ&dq=isbn:9780312430009&hl=&source=gbs_api,https://books.google.com/books/about/The_Checklist_Manifesto.html?hl=&id=_AP2EAAAQBAJ,How to Get Things Right,,,9780312430009,0312430000,,http://books.google.com/books/content?id=_AP2EAAAQBAJ&printsec=frontcover&img=1&zoom=5&source=gbs_api,http://books.google.com/books/content?id=_AP2EAAAQBAJ&printsec=frontcover&img=1&zoom=1&source=gbs_api
2,9781439195468,Why Buddhism is True: The Science and Philosophy of Meditation and Enlightenment,Robert Wright,2018-02-09,2018-02-27,2018,True,Why Buddhism is True,['Robert Wright'],Simon & Schuster,2018-05-08,"From one of America’s most brilliant writers, a New York Times bestselling journey through psychology, philosophy, and lots of meditation to show how Buddhism holds the key to moral clarity and enduring happiness. At the heart of Buddhism is a simple claim: The reason we suffer—and the reason we make other people suffer—is that we don’t see the world clearly. At the heart of Buddhist meditative practice is a radical promise: We can learn to see the world, including ourselves, more clearly and so gain a deep and morally valid happiness. In this “sublime” (The New Yorker), pathbreaking book, Robert Wright shows how taking this promise seriously can change your life—how it can loosen the grip of anxiety, regret, and hatred, and how it can deepen your appreciation of beauty and of other people. He also shows why this transformation works, drawing on the latest in neuroscience and psychology, and armed with an acute understanding of human evolution. This book is the culmination of a personal journey that began with Wright’s landmark book on evolutionary psychology, The Moral Animal, and deepened as he immersed himself in meditative practice and conversed with some of the world’s most skilled meditators. The result is a story that is “provocative, informative and...deeply rewarding” (The New York Times Book Review), and as entertaining as it is illuminating. Written with the wit, clarity, and grace for which Wright is famous, Why Buddhism Is True lays the foundation for a spiritual life in a secular age and shows how, in a time of technological distraction and social division, we can save ourselves from ourselves, both as individuals and as a species.","[{'type': 'ISBN_10', 'identifier': '1439195463'}, {'type': 'ISBN_13', 'identifier': '9781439195468'}]","{'text': False, 'image': False}",336.0,BOOK,['Psychology'],NOT_MATURE,False,preview-1.0.0,"{'containsEpubBubbles': False, 'containsImageBubbles': False}","{'smallThumbnail': 'http://books.google.com/books/content?id=kP3uyQEACAAJ&printsec=frontcover&img=1&zoom=5&source=gbs_api', 'thumbnail': 'http://books.google.com/books/content?id=kP3uyQEACAAJ&printsec=frontcover&img=1&zoom=1&source=gbs_api'}",en,http://books.google.com/books?id=kP3uyQEACAAJ&dq=isbn:9781439195468&hl=&cd=1&source=gbs_api,http://books.google.com/books?id=kP3uyQEACAAJ&dq=isbn:9781439195468&hl=&source=gbs_api,https://books.google.com/books/about/Why_Buddhism_is_True.html?hl=&id=kP3uyQEACAAJ,The Science and Philosophy of Meditation and Enlightenment,,,9781439195468,1439195463,,http://books.google.com/books/content?id=kP3uyQEACAAJ&printsec=frontcover&img=1&zoom=5&source=gbs_api,http://books.google.com/books/content?id=kP3uyQEACAAJ&printsec=frontcover&img=1&zoom=1&source=gbs_api
221,9780698161863,Getting Things Done: The Art of Stress-Free Productivity,David    Allen,2018-02-28,2018-03-14,2018,True,Getting Things Done,['David Allen'],Penguin,2015-03-17,"The book Lifehack calls ""The Bible of business and personal productivity."" ""A completely revised and updated edition of the blockbuster bestseller from 'the personal productivity guru'""—Fast Company Since it was first published almost fifteen years ago, David Allen’s Getting Things Done has become one of the most influential business books of its era, and the ultimate book on personal organization. “GTD” is now shorthand for an entire way of approaching professional and personal tasks, and has spawned an entire culture of websites, organizational tools, seminars, and offshoots. Allen has rewritten the book from start to finish, tweaking his classic text with important perspectives on the new workplace, and adding material that will make the book fresh and relevant for years to come. This new edition of Getting Things Done will be welcomed not only by its hundreds of thousands of existing fans but also by a whole new generation eager to adopt its proven principles.","[{'type': 'ISBN_13', 'identifier': '9780698161863'}, {'type': 'ISBN_10', 'identifier': '0698161866'}]","{'text': True, 'image': False}",354.0,BOOK,['Business & Economics'],NOT_MATURE,True,2.14.13.0.preview.2,"{'containsEpubBubbles': False, 'containsImageBubbles': False}","{'smallThumbnail': 'http://books.google.com/books/content?id=7PoYBAAAQBAJ&printsec=frontcover&img=1&zoom=5&edge=curl&source=gbs_api', 'thumbnail': 'http://books.google.com/books/content?id=7PoYBAAAQBAJ&printsec=frontcover&img=1&zoom=1&edge=curl&source=gbs_api'}",en,http://books.google.com/books?id=7PoYBAAAQBAJ&printsec=frontcover&dq=isbn:9780698161863&hl=&cd=1&source=gbs_api,https://play.google.com/store/books/details?id=7PoYBAAAQBAJ&source=gbs_api,https://play.google.com/store/books/details?id=7PoYBAAAQBAJ,The Art of Stress-Free Productivity,4.5,3.0,9780698161863,0698161866,,http://books.google.com/books/content?id=7PoYBAAAQBAJ&printsec=frontcover&img=1&zoom=5&edge=curl&source=gbs_api,http://books.google.com/books/content?id=7PoYBAAAQBAJ&printsec=frontcover&img=1&zoom=1&edge=curl&source=gbs_api
222,9781942788003,"The DevOps Handbook: How to Create World-Class Agility, Reliability, and Security in Technology Organizations",Gene Kim,2018-03-21,2018-04-30,2018,True,The DevOps Handbook,"['Gene Kim', 'Patrick Debois', 'John Willis', 'Jez Humble']",It Revolution Press,2015-10-07,"For decades, technology leaders have struggled to balance agility, reliability, and security, and the consequences of failure have never been greater. The effective management of technology is critical for business competitiveness. High-performing organizations are 2.5 times more likely to exceed profitability, market share, and productivity goals. The DevOps Handbook shows leaders how to create the cultural norms and the technical practices necessary to maximize organizational learning, increase employee satisfaction, and win in the marketplace.","[{'type': 'ISBN_10', 'identifier': '1942788002'}, {'type': 'ISBN_13', 'identifier': '9781942788003'}]","{'text': False, 'image': False}",480.0,BOOK,['Business & Economics'],NOT_MATURE,False,preview-1.0.0,"{'containsEpubBubbles': False, 'containsImageBubbles': False}","{'smallThumbnail': 'http://books.google.com/books/content?id=XrQcrgEACAAJ&printsec=frontcover&img=1&zoom=5&source=gbs_api', 'thumbnail': 'http://books.google.com/books/content?id=XrQcrgEACAAJ&printsec=frontcover&img=1&zoom=1&source=gbs_api'}",en,http://books.google.com/books?id=XrQcrgEACAAJ&dq=isbn:9781942788003&hl=&cd=1&source=gbs_api,http://books.google.com/books?id=XrQcrgEACAAJ&dq=isbn:9781942788003&hl=&source=gbs_api,https://books.google.com/books/about/The_DevOps_Handbook.html?hl=&id=XrQcrgEACAAJ,"How to Create World-Class Speed, Reliability, and Security in Technology Organizations",,,9781942788003,1942788002,,http://books.google.com/books/content?id=XrQcrgEACAAJ&printsec=frontcover&img=1&zoom=5&source=gbs_api,http://books.google.com/books/content?id=XrQcrgEACAAJ&printsec=frontcover&img=1&zoom=1&source=gbs_api
17,9781594206139,Churchill and Orwell: The Fight for Freedom,Thomas E. Ricks,2018-05-01,2018-05-31,2018,True,Churchill and Orwell,['Thomas E. Ricks'],Penguin,2017,"A fascinating dual biography of Winston Churchill and George Orwell, with a focus on the pivotal years from the mid-1930s through the 1940s, when their farsighted vision and inspired action in the face of the threat of fascism and communism helped preserve democracy for the world.","[{'type': 'ISBN_13', 'identifier': '9781594206139'}, {'type': 'ISBN_10', 'identifier': '1594206139'}]","{'text': False, 'image': False}",370.0,BOOK,['Biography & Autobiography'],NOT_MATURE,False,0.3.2.0.preview.0,"{'containsEpubBubbles': False, 'containsImageBubbles': False}","{'smallThumbnail': 'http://books.google.com/books/content?id=LO0kDwAAQBAJ&printsec=frontcover&img=1&zoom=5&edge=curl&source=gbs_api', 'thumbnail': 'http://books.google.com/books/content?id=LO0kDwAAQBAJ&printsec=frontcover&img=1&zoom=1&edge=curl&source=gbs_api'}",en,http://books.google.com/books?id=LO0kDwAAQBAJ&printsec=frontcover&dq=isbn:9781594206139&hl=&cd=1&source=gbs_api,http://books.google.com/books?id=LO0kDwAAQBAJ&dq=isbn:9781594206139&hl=&source=gbs_api,https://books.google.com/books/about/Churchill_and_Orwell.html?hl=&id=LO0kDwAAQBAJ,The Fight for Freedom,,,9781594206139,1594206139,,http://books.google.com/books/content?id=LO0kDwAAQBAJ&printsec=frontcover&img=1&zoom=5&edge=curl&source=gbs_api,http://books.google.com/books/content?id=LO0kDwAAQBAJ&printsec=frontcover&img=1&zoom=1&edge=curl&source=gbs_api
14,9780399588952,Meditation for Fidgety Skeptics: A 10% Happier How-To Book,Dan   Harris,2018-05-09,2018-05-17,2018,True,Meditation for Fidgety Skeptics,"['Dan Harris', 'Jeffrey Warren', 'Carlye Adler']",Harmony,2017-12-26,"THE NEW YORK TIMES BESTSELLER FROM THE AUTHOR OF 10% HAPPIER Too busy to meditate? Can’t turn off your brain? Curious about mindfulness but more comfortable in the gym? This book is for you. You’ll also get access to guided audio meditations on the 10% Happier app, to jumpstart your practice from day one. What exactly is meditation? ABC News anchor Dan Harris used to think that meditation was for people who collect crystals, play Ultimate Frisbee, and use the word “namaste” without irony. After he had a panic attack on live television, he went on a strange and circuitous journey that ultimately led him to become one of meditation’s most vocal public proponents. Harris found that meditation made him more focused and less yanked around by his emotions. According to his wife, it also made him less annoying. Science suggests that the practice can lower your blood pressure, mitigate depression and anxiety, and literally rewire key parts of the brain. So what’s holding you back? In Meditation for Fidgety Skeptics, Harris and Jeff Warren, a masterful teacher and “Meditation MacGyver,” embark on a gonzo cross-country quest to tackle the myths, misconceptions, and self-deceptions that keep people from meditating. It is filled with game-changing and deeply practical meditation instructions—all of which are also available (for free) on the 10% Happier app. This book is a trip worth taking. Praise for Meditation for Fidgety Skeptics “If you’re intrigued by meditation but don’t know how to begin—or you’ve benefited from meditation in the past but need help to get started again—Dan Harris has written the book for you. Well researched, practical, and crammed with expert advice, it’s also an irreverent, hilarious page-turner.”—Gretchen Rubin, author of The Happiness Project “The ABC News anchor, a ‘defender of worrying’ who once had an anxiety attack on air, offers a hilarious and stirring account of his two-steps-forward-one-step-back campaign to sort ‘useless rumination’ from ‘constructive anguish’ via mindfulness, along with invaluable suggestions for following in his footsteps.”—O: The Oprah Magazine","[{'type': 'ISBN_13', 'identifier': '9780399588952'}, {'type': 'ISBN_10', 'identifier': '0399588957'}]","{'text': True, 'image': False}",305.0,BOOK,['Self-Help'],NOT_MATURE,True,1.9.7.0.preview.2,"{'containsEpubBubbles': False, 'containsImageBubbles': False}","{'smallThumbnail': 'http://books.google.com/books/content?id=oqeiDgAAQBAJ&printsec=frontcover&img=1&zoom=5&edge=curl&source=gbs_api', 'thumbnail': 'http://books.google.com/books/content?id=oqeiDgAAQBAJ&printsec=frontcover&img=1&zoom=1&edge=curl&source=gbs_api'}",en,http://books.google.com/books?id=oqeiDgAAQBAJ&printsec=frontcover&dq=isbn:9780399588952&hl=&cd=1&source=gbs_api,https://play.google.com/store/books/details?id=oqeiDgAAQBAJ&source=gbs_api,https://play.google.com/store/books/details?id=oqeiDgAAQBAJ,A 10% Happier How-to Book,5.0,1.0,9780399588952,0399588957,,http://books.google.com/books/content?id=oqeiDgAAQBAJ&printsec=frontcover&img=1&zoom=5&edge=curl&source=gbs_api,http://books.google.com/books/content?id=oqeiDgAAQBAJ&printsec=frontcover&img=1&zoom=1&edge=curl&source=gbs_api
231,9781328869333,1984,George Orwell,2018-06-01,2018-06-16,2018,True,Nineteen Eighty-four,['George Orwell'],Mariner Books,2017,Portrays life in a future time when a totalitarian government watches over all citizens and directs all activities.,"[{'type': 'ISBN_10', 'identifier': '1328869334'}, {'type': 'ISBN_13', 'identifier': '9781328869333'}]","{'text': False, 'image': False}",304.0,BOOK,['Fiction'],NOT_MATURE,False,preview-1.0.0,"{'containsEpubBubbles': False, 'containsImageBubbles': False}","{'smallThumbnail': 'http://books.google.com/books/content?id=o-Y7ngAACAAJ&printsec=frontcover&img=1&zoom=5&source=gbs_api', 'thumbnail': 'http://books.google.com/books/content?id=o-Y7ngAACAAJ&printsec=frontcover&img=1&zoom=1&source=gbs_api'}",en,http://books.google.com/books?id=o-Y7ngAACAAJ&dq=isbn:9781328869333&hl=&cd=1&source=gbs_api,http://books.google.com/books?id=o-Y7ngAACAAJ&dq=isbn:9781328869333&hl=&source=gbs_api,https://books.google.com/books/about/Nineteen_Eighty_four.html?hl=&id=o-Y7ngAACAAJ,,,,9781328869333,1328869334,,http://books.google.com/books/content?id=o-Y7ngAACAAJ&printsec=frontcover&img=1&zoom=5&source=gbs_api,http://books.google.com/books/content?id=o-Y7ngAACAAJ&printsec=frontcover&img=1&zoom=1&source=gbs_api
216,9780241294222,"How to Change Your Mind: What the New Science of Psychedelics Teaches Us About Consciousness, Dying, Addiction, Depression, and Transcendence",Michael Pollan,2018-06-21,2018-08-07,2018,True,How to Change Your Mind,['Michael Pollan'],Allen Lane,2018-05-17,"The No.1 New York Times Bestseller 'Reminds us that the mind is the greatest mystery in the universe' Yuval Noah Harari, Guardian, Books of the Year Could psychedelic drugs change our worldview? One of America's most admired writers takes us on a mind-altering journey to the frontiers of human consciousness When LSD was first discovered in the 1940s, it seemed to researchers, scientists and doctors as if the world might be on the cusp of psychological revolution. It promised to shed light on the deep mysteries of consciousness, as well as offer relief to addicts and the mentally ill. But in the 1960s, with the vicious backlash against the counter-culture, all further research was banned. In recent years, however, work has quietly begun again on the amazing potential of LSD, psilocybin and DMT. Could these drugs in fact improve the lives of many people? Diving deep into this extraordinary world and putting himself forwardas a guinea-pig, Michael Pollan has written a remarkable history of psychedelics and a compelling portrait of the new generation of scientists fascinatedby the implications of these drugs. How to Change Your Mind is a report from what could very well be the future of human consciousness. 'His approach is steeped in honesty and self-awareness. His cause is just, his thinking is clear, and his writing is compelling' - Washington Post 'An easy-going humane generosity ... mischievous self-regard ... as if Henry David Thoreau had had an encounter with Woody Allen and never been quite the same since' - Simon Schama","[{'type': 'ISBN_10', 'identifier': '0241294223'}, {'type': 'ISBN_13', 'identifier': '9780241294222'}]","{'text': False, 'image': False}",480.0,BOOK,['Hallucinations and illusions'],NOT_MATURE,False,preview-1.0.0,"{'containsEpubBubbles': False, 'containsImageBubbles': False}","{'smallThumbnail': 'http://books.google.com/books/content?id=3c9JswEACAAJ&printsec=frontcover&img=1&zoom=5&source=gbs_api', 'thumbnail': 'http://books.google.com/books/content?id=3c9JswEACAAJ&printsec=frontcover&img=1&zoom=1&source=gbs_api'}",en,http://books.google.com/books?id=3c9JswEACAAJ&dq=isbn:9780241294222&hl=&cd=1&source=gbs_api,http://books.google.com/books?id=3c9JswEACAAJ&dq=isbn:9780241294222&hl=&source=gbs_api,https://books.google.com/books/about/How_to_Change_Your_Mind.html?hl=&id=3c9JswEACAAJ,"What the New Science of Psychedelics Teaches Us about Consciousness, Dying, Addiction, Depression, and Transcendence",,,9780241294222,0241294223,,http://books.google.com/books/content?id=3c9JswEACAAJ&printsec=frontcover&img=1&zoom=5&source=gbs_api,http://books.google.com/books/content?id=3c9JswEACAAJ&printsec=frontcover&img=1&zoom=1&source=gbs_api
230,9781476706139,Red Sparrow (Red Sparrow Trilogy #1),Jason  Matthews,2018-06-25,2018-07-01,2018,True,Red Sparrow,['Jason Matthews'],Simon and Schuster,2013,Includes an excerpt of: Palace of treason.,"[{'type': 'ISBN_13', 'identifier': '9781476706139'}, {'type': 'ISBN_10', 'identifier': '1476706131'}]","{'text': False, 'image': False}",464.0,BOOK,['Fiction'],NOT_MATURE,False,0.5.3.0.preview.0,"{'containsEpubBubbles': False, 'containsImageBubbles': False}","{'smallThumbnail': 'http://books.google.com/books/content?id=QHenBQAAQBAJ&printsec=frontcover&img=1&zoom=5&edge=curl&source=gbs_api', 'thumbnail': 'http://books.google.com/books/content?id=QHenBQAAQBAJ&printsec=frontcover&img=1&zoom=1&edge=curl&source=gbs_api'}",en,http://books.google.com/books?id=QHenBQAAQBAJ&printsec=frontcover&dq=isbn:9781476706139&hl=&cd=1&source=gbs_api,http://books.google.com/books?id=QHenBQAAQBAJ&dq=isbn:9781476706139&hl=&source=gbs_api,https://books.google.com/books/about/Red_Sparrow.html?hl=&id=QHenBQAAQBAJ,A Novel,,,9781476706139,1476706131,,http://books.google.com/books/content?id=QHenBQAAQBAJ&printsec=frontcover&img=1&zoom=5&edge=curl&source=gbs_api,http://books.google.com/books/content?id=QHenBQAAQBAJ&printsec=frontcover&img=1&zoom=1&edge=curl&source=gbs_api
223,9781476793764,Palace of Treason (Red Sparrow Trilogy #2),Jason  Matthews,2018-07-01,2018-09-11,2018,True,Palace of Treason,['Jason Matthews'],Simon and Schuster,2017-06-13,"""Captain Dominika Egorova of the Russian Intelligence Service (SVR) has returned from the West to Moscow. She despises the men she serves, the oligarchs, and crooks, and thugs of Putin's Russia. What no one knows is that Dominika is working for the CIA as Washington's most sensitive penetration of SVR and the Kremlin. As she expertly dodges exposure, Dominika deals with a murderously psychotic boss; survives an Iranian assassination attempt; escapes a counterintelligence ambush; rescues an arrested agent and exfiltrates him out of Russia; and has a chilling midnight conversation in her nightgown with President Putin. Complicating these risks is the fact that Dominika is in love with her CIA handler, Nate Nash, and their lust is as dangerous as committing espionage in Moscow. And when a mole in the SVR finds Dominika's name on a restricted list of sources, it is a virtual death sentence.""--","[{'type': 'ISBN_13', 'identifier': '9781476793764'}, {'type': 'ISBN_10', 'identifier': '147679376X'}]","{'text': False, 'image': False}",496.0,BOOK,['Fiction'],NOT_MATURE,False,0.2.2.0.preview.0,"{'containsEpubBubbles': False, 'containsImageBubbles': False}","{'smallThumbnail': 'http://books.google.com/books/content?id=A9AmDwAAQBAJ&printsec=frontcover&img=1&zoom=5&edge=curl&source=gbs_api', 'thumbnail': 'http://books.google.com/books/content?id=A9AmDwAAQBAJ&printsec=frontcover&img=1&zoom=1&edge=curl&source=gbs_api'}",en,http://books.google.com/books?id=A9AmDwAAQBAJ&printsec=frontcover&dq=isbn:9781476793764&hl=&cd=1&source=gbs_api,http://books.google.com/books?id=A9AmDwAAQBAJ&dq=isbn:9781476793764&hl=&source=gbs_api,https://books.google.com/books/about/Palace_of_Treason.html?hl=&id=A9AmDwAAQBAJ,A Novel,,,9781476793764,147679376X,,http://books.google.com/books/content?id=A9AmDwAAQBAJ&printsec=frontcover&img=1&zoom=5&edge=curl&source=gbs_api,http://books.google.com/books/content?id=A9AmDwAAQBAJ&printsec=frontcover&img=1&zoom=1&edge=curl&source=gbs_api
227,9780593081648,Bad Blood: Secrets and Lies in a Silicon Valley Startup,John Carreyrou,2018-08-17,2018-08-23,2018,True,Bad Blood,['John Carreyrou'],Vintage Books,2020-01-28,"""In 2014 Theranos founder and CEO Elizabeth Holmes was widely seen as the female Steve Jobs: a brilliant Stanford dropout whose startup 'unicorn' promised to revolutionize the medical industry with a machine that would make blood tests significantly faster and easier ... There was just one problem: The technology didn't work. For years, Holmes had been misleading investors, FDA officials, and her own employees. When [the author], working at The Wall Street Journal, got a tip from a former Theranos employee and started asking questions, both [he] and the Journal were threatened with lawsuits. Undaunted, the newspaper ran the first of dozens of Theranos articles in late 2015. By early 2017, the company's value was zero and Holmes faced potential legal action from the government and her investors. Here is the riveting story of the biggest corporate fraud since Enron, a disturbing cautionary tale set amid the bold promises and gold-rush frenzy of Silicon Valley""--","[{'type': 'ISBN_10', 'identifier': '0593081641'}, {'type': 'ISBN_13', 'identifier': '9780593081648'}]","{'text': False, 'image': False}",438.0,BOOK,['Business & Economics'],NOT_MATURE,False,preview-1.0.0,"{'containsEpubBubbles': False, 'containsImageBubbles': False}","{'smallThumbnail': 'http://books.google.com/books/content?id=GngpyQEACAAJ&printsec=frontcover&img=1&zoom=5&source=gbs_api', 'thumbnail': 'http://books.google.com/books/content?id=GngpyQEACAAJ&printsec=frontcover&img=1&zoom=1&source=gbs_api'}",en,http://books.google.com/books?id=GngpyQEACAAJ&dq=isbn:9780593081648&hl=&cd=1&source=gbs_api,http://books.google.com/books?id=GngpyQEACAAJ&dq=isbn:9780593081648&hl=&source=gbs_api,https://books.google.com/books/about/Bad_Blood.html?hl=&id=GngpyQEACAAJ,Secrets and Lies in a Silicon Valley Startup,,,9780593081648,0593081641,,http://books.google.com/books/content?id=GngpyQEACAAJ&printsec=frontcover&img=1&zoom=5&source=gbs_api,http://books.google.com/books/content?id=GngpyQEACAAJ&printsec=frontcover&img=1&zoom=1&source=gbs_api
217,9780385680998,Mindware: Tools for Smart Thinking,Richard E.  Nisbett,2018-08-24,2018-12-22,2018,True,Mindware,['Richard Nisbett'],,2015-08-18,"Learn how to think more effectively, at work and at home. Many scientific and philosophical ideas are so powerful that they can be applied to our lives at home and work and school to help us think smarter and more effectively about our behaviour and the world around us. Surprisingly, many of these ideas remain unknown to most of us. In ""Mindware, "" the world-renowned psychologist Richard Nisbett presents these ideas in clear and accessible detail, offering a tool kit for better thinking and wiser decisions. He has made a distinguished career of studying and teaching such powerful problem-solving concepts as the law of large numbers, statistical regression, cost-benefit analysis, sunk costs and opportunity costs, and causation and correlation, probing how best to teach others to use them effectively in their daily lives. In this groundbreaking book, he shows that a course in a given field--statistics or economics, for example--often doesn't work as well as a few minutes of more practical instruction in analyzing everyday situations. ""Mindware"" shows how to reframe common problems in such a way that these powerful scientific and statistical concepts can be applied to them. The result is an enlightening and practical guide to the most powerful tools of reasoning ever developed--tools that can easily be used to make better professional, business and personal decisions.","[{'type': 'ISBN_10', 'identifier': '0385680996'}, {'type': 'ISBN_13', 'identifier': '9780385680998'}]","{'text': False, 'image': False}",320.0,BOOK,['Decision making'],NOT_MATURE,False,preview-1.0.0,,"{'smallThumbnail': 'http://books.google.com/books/content?id=VeTXrQEACAAJ&printsec=frontcover&img=1&zoom=5&source=gbs_api', 'thumbnail': 'http://books.google.com/books/content?id=VeTXrQEACAAJ&printsec=frontcover&img=1&zoom=1&source=gbs_api'}",en,http://books.google.com/books?id=VeTXrQEACAAJ&dq=isbn:9780385680998&hl=&cd=1&source=gbs_api,http://books.google.com/books?id=VeTXrQEACAAJ&dq=isbn:9780385680998&hl=&source=gbs_api,https://books.google.com/books/about/Mindware.html?hl=&id=VeTXrQEACAAJ,Tools for Smart Thinking,,,9780385680998,0385680996,,http://books.google.com/books/content?id=VeTXrQEACAAJ&printsec=frontcover&img=1&zoom=5&source=gbs_api,http://books.google.com/books/content?id=VeTXrQEACAAJ&printsec=frontcover&img=1&zoom=1&source=gbs_api
225,9780393254594,The Coming Storm,Michael   Lewis,2018-09-08,2018-09-10,2018,True,The Undoing Project,['Michael Lewis'],National Geographic Books,2016-12-06,"How a Nobel Prize–winning theory of the mind altered our perception of reality. Forty years ago, Israeli psychologists Daniel Kahneman and Amos Tversky wrote a series of breathtakingly original studies undoing our assumptions about the decision-making process. Their papers showed the ways in which the human mind erred, systematically, when forced to make judgments in uncertain situations. Their work created the field of behavioral economics, revolutionized Big Data studies, advanced evidence-based medicine, led to a new approach to government regulation, and made much of Michael Lewis’s own work possible. Kahneman and Tversky are more responsible than anybody for the powerful trend to mistrust human intuition and defer to algorithms. The Undoing Project is about a compelling collaboration between two men who have the dimensions of great literary figures. They became heroes in the university and on the battlefield—both had important careers in the Israeli military—and their research was deeply linked to their extraordinary life experiences. Amos Tversky was a brilliant, self-confident warrior and extrovert, the center of rapt attention in any room; Kahneman, a fugitive from the Nazis in his childhood, was an introvert whose questing self-doubt was the seedbed of his ideas. They became one of the greatest partnerships in the history of science, working together so closely that they couldn’t remember whose brain originated which ideas, or who should claim credit. They flipped a coin to decide the lead authorship on the first paper they wrote, and simply alternated thereafter. This story about the workings of the human mind is explored through the personalities of two fascinating individuals so fundamentally different from each other that they seem unlikely friends or colleagues. In the process they may well have changed, for good, mankind’s view of its own mind.","[{'type': 'ISBN_13', 'identifier': '9780393254594'}, {'type': 'ISBN_10', 'identifier': '0393254593'}]","{'text': True, 'image': False}",86.08133600076454,BOOK,['Science'],NOT_MATURE,False,preview-1.0.0,"{'containsEpubBubbles': False, 'containsImageBubbles': False}","{'smallThumbnail': 'http://books.google.com/books/content?id=PVSNEAAAQBAJ&printsec=frontcover&img=1&zoom=5&source=gbs_api', 'thumbnail': 'http://books.google.com/books/content?id=PVSNEAAAQBAJ&printsec=frontcover&img=1&zoom=1&source=gbs_api'}",en,http://books.google.com/books?id=PVSNEAAAQBAJ&dq=isbn:9780393254594&hl=&cd=1&source=gbs_api,http://books.google.com/books?id=PVSNEAAAQBAJ&dq=isbn:9780393254594&hl=&source=gbs_api,https://books.google.com/books/about/The_Undoing_Project.html?hl=&id=PVSNEAAAQBAJ,A Friendship That Changed Our Minds,,,9780393254594,0393254593,,http://books.google.com/books/content?id=PVSNEAAAQBAJ&printsec=frontcover&img=1&zoom=5&source=gbs_api,http://books.google.com/books/content?id=PVSNEAAAQBAJ&printsec=frontcover&img=1&zoom=1&source=gbs_api
229,9781501175534,Fear: Trump in the White House,Bob Woodward,2018-09-11,2018-09-16,2018,True,Fear,['Bob Woodward'],Simon and Schuster,2018-09-11,"OVER 2 MILLION COPIES SOLD RUNAWAY #1 NEW YORK TIMES BESTSELLER SENSATIONAL #1 INTERNATIONAL BESTSELLER “Explosive.”—The Washington Post “Devastating.”—The New Yorker “Unprecedented.”—CNN “Great reporting...astute.”—Hugh Hewitt THE INSIDE STORY ON PRESIDENT TRUMP, AS ONLY BOB WOODWARD CAN TELL IT With authoritative reporting honed through nine presidencies, author Bob Woodward reveals in unprecedented detail the harrowing life inside President Donald Trump’s White House and precisely how he makes decisions on major foreign and domestic policies. Fear is the most intimate portrait of a sitting president ever published during the president’s first years in office. The focus is on the explosive debates and the decision-making in the Oval Office, the Situation Room, Air Force One and the White House residence. Woodward draws from hundreds of hours of interviews with firsthand sources, meeting notes, personal diaries, files and documents. Often with day-by-day details, dialogue and documentation, Fear tracks key foreign issues from North Korea, Afghanistan, Iran, the Middle East, NATO, China and Russia. It reports in-depth on Trump’s key domestic issues particularly trade and tariff disputes, immigration, tax legislation, the Paris Climate Accord and the racial violence in Charlottesville in 2017. Fear presents vivid details of the negotiations between Trump’s attorneys and Robert Mueller, the special counsel in the Russia investigation, laying out for the first time the meeting-by-meeting discussions and strategies. It discloses how senior Trump White House officials joined together to steal draft orders from the president’s Oval Office desk so he would not issue directives that would jeopardize top secret intelligence operations. “It was no less than an administrative coup d’état,” Woodward writes, “a nervous breakdown of the executive power of the most powerful country in the world.”","[{'type': 'ISBN_13', 'identifier': '9781501175534'}, {'type': 'ISBN_10', 'identifier': '150117553X'}]","{'text': True, 'image': False}",448.0,BOOK,['Political Science'],NOT_MATURE,True,2.20.17.0.preview.2,"{'containsEpubBubbles': False, 'containsImageBubbles': False}","{'smallThumbnail': 'http://books.google.com/books/content?id=wKRkDwAAQBAJ&printsec=frontcover&img=1&zoom=5&edge=curl&source=gbs_api', 'thumbnail': 'http://books.google.com/books/content?id=wKRkDwAAQBAJ&printsec=frontcover&img=1&zoom=1&edge=curl&source=gbs_api'}",en,http://books.google.com/books?id=wKRkDwAAQBAJ&printsec=frontcover&dq=isbn:9781501175534&hl=&cd=1&source=gbs_api,https://play.google.com/store/books/details?id=wKRkDwAAQBAJ&source=gbs_api,https://play.google.com/store/books/details?id=wKRkDwAAQBAJ,Trump in the White House,2.5,3.0,9781501175534,150117553X,,http://books.google.com/books/content?id=wKRkDwAAQBAJ&printsec=frontcover&img=1&zoom=5&edge=curl&source=gbs_api,http://books.google.com/books/content?id=wKRkDwAAQBAJ&printsec=frontcover&img=1&zoom=1&edge=curl&source=gbs_api
187,9780525512172,21 Lessons for the 21st Century,Yuval Noah Harari,2018-09-16,2019-01-08,2019,True,21 Lessons for the 21st Century,['Yuval Noah Harari'],Random House,2018-09-04,"#1 NEW YORK TIMES BESTSELLER • In Sapiens, he explored our past. In Homo Deus, he looked to our future. Now, one of the world’s most innovative thinkers explores what it means to be human in an age of bewilderment. “Fascinating . . . a crucial global conversation about how to take on the problems of the twenty-first century.”—Bill Gates, The New York Times Book Review A FINANCIAL TIMES BEST BOOK OF THE YEAR How can we protect ourselves from nuclear war or ecological catastrophe? What do we do about the epidemic of fake news or the threat of terrorism? How should we prepare our children for the future? 21 Lessons for the 21st Century is a probing and visionary investigation into today’s most urgent issues as we move into the future. As technology advances faster than our understanding of it, hacking becomes a tactic of war, and the world feels more polarized than ever, Harari addresses the challenge of navigating life in the face of constant and disorienting change and raises the important questions we need to ask ourselves in order to survive. In twenty-one accessible chapters that are both provocative and profound, Harari untangles political, technological, social, and existential issues and offers advice on how to prepare for a very different future from the world we now live in: How can we retain freedom of choice when Big Data is watching us? What will the future workforce look like, and how should we ready ourselves for it? Why is liberal democracy in crisis? Harari’s unique ability to make sense of where we have come from and where we are going has captured the imaginations of millions of readers. Here he invites us to consider values, meaning, and personal engagement in a world full of noise and uncertainty. When we are deluged with irrelevant information, clarity is power. Presenting complex contemporary challenges clearly and accessibly, 21 Lessons for the 21st Century is essential reading.","[{'type': 'ISBN_13', 'identifier': '9780525512172'}, {'type': 'ISBN_10', 'identifier': '0525512179'}]","{'text': True, 'image': False}",372.0,BOOK,['History'],NOT_MATURE,False,preview-1.0.0,"{'containsEpubBubbles': False, 'containsImageBubbles': False}","{'smallThumbnail': 'http://books.google.com/books/content?id=FLhPEAAAQBAJ&printsec=frontcover&img=1&zoom=5&source=gbs_api', 'thumbnail': 'http://books.google.com/books/content?id=FLhPEAAAQBAJ&printsec=frontcover&img=1&zoom=1&source=gbs_api'}",en,http://books.google.com/books?id=FLhPEAAAQBAJ&dq=isbn:9780525512172&hl=&cd=1&source=gbs_api,http://books.google.com/books?id=FLhPEAAAQBAJ&dq=isbn:9780525512172&hl=&source=gbs_api,https://books.google.com/books/about/21_Lessons_for_the_21st_Century.html?hl=&id=FLhPEAAAQBAJ,,,,9780525512172,0525512179,,http://books.google.com/books/content?id=FLhPEAAAQBAJ&printsec=frontcover&img=1&zoom=5&source=gbs_api,http://books.google.com/books/content?id=FLhPEAAAQBAJ&printsec=frontcover&img=1&zoom=1&source=gbs_api
226,9781501140099,The Kremlin's Candidate,Jason  Matthews,2018-09-17,2018-11-30,2018,True,The Kremlin's Candidate,['Jason Matthews'],Scribner,2018-08-07,"The “terrifically good” (The New York Times Book Review) finale in the New York Times bestselling Red Sparrow trilogy continues the dangerous entanglements of Russian counterintelligence chief Dominika Egorova and her lover, CIA agent Nate Nash, on the hunt for a Russian agent working in the US government. Russian president Vladimir Putin is planning the covert assassination of a high-ranking US official with the intention of replacing him with a mole whom Russian intelligence has cultivated for more than fifteen years. Catching wind of this plot, Dominika, Nate, and their CIA colleagues must unmask the traitor before he or she is able to reveal that Dominika has been spying for years on behalf of the CIA. Any leak, any misstep, will expose her as a CIA asset and result in a one-way trip to a Moscow execution cellar. Ultimately, the lines of danger converge on the spectacular billion-dollar presidential palace on the Black Sea during a power weekend with Putin’s inner circle. Does Nate sacrifice himself to save Dominika? Does Dominika forfeit herself to protect Nate? Do they go down together? With a plot ripped from tomorrow’s headlines, The Kremlin’s Candidate is “both timely and timeless; an espionage tale that takes the reader behind and beyond the headlines of Russia’s assault on America” (Nelson DeMille).","[{'type': 'ISBN_10', 'identifier': '1501140094'}, {'type': 'ISBN_13', 'identifier': '9781501140099'}]","{'text': False, 'image': False}",448.0,BOOK,['Fiction'],NOT_MATURE,False,preview-1.0.0,"{'containsEpubBubbles': False, 'containsImageBubbles': False}","{'smallThumbnail': 'http://books.google.com/books/content?id=TLcSygEACAAJ&printsec=frontcover&img=1&zoom=5&source=gbs_api', 'thumbnail': 'http://books.google.com/books/content?id=TLcSygEACAAJ&printsec=frontcover&img=1&zoom=1&source=gbs_api'}",en,http://books.google.com/books?id=TLcSygEACAAJ&dq=isbn:9781501140099&hl=&cd=1&source=gbs_api,http://books.google.com/books?id=TLcSygEACAAJ&dq=isbn:9781501140099&hl=&source=gbs_api,https://books.google.com/books/about/The_Kremlin_s_Candidate.html?hl=&id=TLcSygEACAAJ,A Novel,,,9781501140099,1501140094,,http://books.google.com/books/content?id=TLcSygEACAAJ&printsec=frontcover&img=1&zoom=5&source=gbs_api,http://books.google.com/books/content?id=TLcSygEACAAJ&printsec=frontcover&img=1&zoom=1&source=gbs_api
228,9781324002642,The Fifth Risk,Michael   Lewis,2018-10-02,2018-10-16,2018,True,The Fifth Risk,['Michael Lewis'],National Geographic Books,2018-10-02,"New York Times Bestseller What are the consequences if the people given control over our government have no idea how it works? ""The election happened,"" remembers Elizabeth Sherwood-Randall, then deputy secretary of the Department of Energy. ""And then there was radio silence."" Across all departments, similar stories were playing out: Trump appointees were few and far between; those that did show up were shockingly uninformed about the functions of their new workplace. Some even threw away the briefing books that had been prepared for them. Michael Lewis’s brilliant narrative takes us into the engine rooms of a government under attack by its own leaders. In Agriculture the funding of vital programs like food stamps and school lunches is being slashed. The Commerce Department may not have enough staff to conduct the 2020 Census properly. Over at Energy, where international nuclear risk is managed, it’s not clear there will be enough inspectors to track and locate black market uranium before terrorists do. Willful ignorance plays a role in these looming disasters. If your ambition is to maximize short-term gains without regard to the long-term cost, you are better off not knowing those costs. If you want to preserve your personal immunity to the hard problems, it’s better never to really understand those problems. There is upside to ignorance, and downside to knowledge. Knowledge makes life messier. It makes it a bit more difficult for a person who wishes to shrink the world to a worldview. If there are dangerous fools in this book, there are also heroes, unsung, of course. They are the linchpins of the system—those public servants whose knowledge, dedication, and proactivity keep the machinery running. Michael Lewis finds them, and he asks them what keeps them up at night.","[{'type': 'ISBN_13', 'identifier': '9781324002642'}, {'type': 'ISBN_10', 'identifier': '1324002646'}]","{'text': True, 'image': False}",221.0,BOOK,['Political Science'],NOT_MATURE,False,preview-1.0.0,"{'containsEpubBubbles': False, 'containsImageBubbles': False}","{'smallThumbnail': 'http://books.google.com/books/content?id=OGmPEAAAQBAJ&printsec=frontcover&img=1&zoom=5&source=gbs_api', 'thumbnail': 'http://books.google.com/books/content?id=OGmPEAAAQBAJ&printsec=frontcover&img=1&zoom=1&source=gbs_api'}",en,http://books.google.com/books?id=OGmPEAAAQBAJ&dq=isbn:9781324002642&hl=&cd=1&source=gbs_api,http://books.google.com/books?id=OGmPEAAAQBAJ&dq=isbn:9781324002642&hl=&source=gbs_api,https://books.google.com/books/about/The_Fifth_Risk.html?hl=&id=OGmPEAAAQBAJ,Undoing Democracy,,,9781324002642,1324002646,,http://books.google.com/books/content?id=OGmPEAAAQBAJ&printsec=frontcover&img=1&zoom=5&source=gbs_api,http://books.google.com/books/content?id=OGmPEAAAQBAJ&printsec=frontcover&img=1&zoom=1&source=gbs_api
224,9780735224902,The Coddling of the American Mind: How Good Intentions and Bad Ideas Are Setting Up a Generation for Failure,Jonathan Haidt,2018-10-14,2018-11-11,2018,True,The Coddling of the American Mind,"['Greg Lukianoff', 'Jonathan Haidt']",Penguin,2018-09-04,"Something is going wrong on many college campuses in the last few years. Rates of anxiety, depression, and suicide are rising. Speakers are shouted down. Students and professors say they are walking on eggshells and afraid to speak honestly. How did this happen? First Amendment expert Greg Lukianoff and social psychologist Jonathan Haidt show how the new problems on campus have their origins in three terrible ideas that have become increasingly woven into American childhood and education: what doesn’t kill you makes you weaker; always trust your feelings; and life is a battle between good people and evil people. These three Great Untruths are incompatible with basic psychological principles, as well as ancient wisdom from many cultures. They interfere with healthy development. Anyone who embraces these untruths—and the resulting culture of safetyism—is less likely to become an autonomous adult able to navigate the bumpy road of life. Lukianoff and Haidt investigate the many social trends that have intersected to produce these untruths. They situate the conflicts on campus in the context of America’s rapidly rising political polarization, including a rise in hate crimes and off-campus provocation. They explore changes in childhood including the rise of fearful parenting, the decline of unsupervised play, and the new world of social media that has engulfed teenagers in the last decade. This is a book for anyone who is confused by what is happening on college campuses today, or has children, or is concerned about the growing inability of Americans to live, work, and cooperate across party lines.","[{'type': 'ISBN_13', 'identifier': '9780735224902'}, {'type': 'ISBN_10', 'identifier': '0735224900'}]","{'text': True, 'image': False}",353.0,BOOK,['Social Science'],NOT_MATURE,True,1.24.19.0.preview.2,"{'containsEpubBubbles': False, 'containsImageBubbles': False}","{'smallThumbnail': 'http://books.google.com/books/content?id=9-o6DwAAQBAJ&printsec=frontcover&img=1&zoom=5&edge=curl&source=gbs_api', 'thumbnail': 'http://books.google.com/books/content?id=9-o6DwAAQBAJ&printsec=frontcover&img=1&zoom=1&edge=curl&source=gbs_api'}",en,http://books.google.com/books?id=9-o6DwAAQBAJ&printsec=frontcover&dq=isbn:9780735224902&hl=&cd=1&source=gbs_api,https://play.google.com/store/books/details?id=9-o6DwAAQBAJ&source=gbs_api,https://play.google.com/store/books/details?id=9-o6DwAAQBAJ,How Good Intentions and Bad Ideas Are Setting Up a Generation for Failure,5.0,1.0,9780735224902,0735224900,,http://books.google.com/books/content?id=9-o6DwAAQBAJ&printsec=frontcover&img=1&zoom=5&edge=curl&source=gbs_api,http://books.google.com/books/content?id=9-o6DwAAQBAJ&printsec=frontcover&img=1&zoom=1&edge=curl&source=gbs_api
188,9781604077742,Mindfulness for Beginners,Jon Kabat-Zinn,2019-01-08,2019-01-10,2019,True,Mindfulness for Beginners,"['Jon Kabat-Zinn, PhD']",St. Martin's Essentials,2012-01-01,"An Invitation to the Practice of Mindfulness We may long for wholeness, suggests Jon Kabat-Zinn, but the truth is that it is already here and already ours. The practice of mindfulness holds the possibility of not just a fleeting sense of contentment, but a true embracing of a deeper unity that envelops and permeates our lives. With Mindfulness for Beginners you are invited to learn how to transform your relationship to the way you think, feel, love, work, and play—and thereby awaken to and embody more completely who you really are. Here, the teacher, scientist, and clinician who first demonstrated the benefits of mindfulness within mainstream Western medicine offers a book that you can use in three unique ways: as a collection of reflections and practices to be opened and explored at random; as an illuminating and engaging start-to-finish read; or as an unfolding “lesson-a-day” primer on mindfulness practice. Beginning and advanced meditators alike will discover in these pages a valuable distillation of the key attitudes and essential practices that Jon Kabat-Zinn has found most useful with his students, including: Why heartfulness is synonymous with true mindfulnessThe value of coming back to our bodies and to our senses over and over againHow our thoughts “self-liberate” when touched by awarenessMoving beyond our “story” into direct experienceStabilizing our attention and presence amidst daily activitiesThe three poisons that cause suffering—and their antidotesHow mindfulness heals, even after the factReclaiming our wholeness, and more. The prescription for living a more mindful life seems simple enough: return your awareness again and again to whatever is going on. But if you’ve tried it, you know that here is where all the questions and challenges really begin. Mindfulness for Beginners provides welcome answers, insights, and instruction to help us make that shift, moment by moment, into a more spacious, clear, reliable, and loving connection with ourselves and the world. Includes digital access to five guided mindfulness meditations by Jon Kabat-Zinn, selected from the audio program that inspired this book.","[{'type': 'ISBN_13', 'identifier': '9781604077742'}, {'type': 'ISBN_10', 'identifier': '1604077743'}]","{'text': True, 'image': False}",147.0,BOOK,['Self-Help'],NOT_MATURE,False,1.2.2.0.preview.2,"{'containsEpubBubbles': False, 'containsImageBubbles': False}","{'smallThumbnail': 'http://books.google.com/books/content?id=yFSzEAAAQBAJ&printsec=frontcover&img=1&zoom=5&edge=curl&source=gbs_api', 'thumbnail': 'http://books.google.com/books/content?id=yFSzEAAAQBAJ&printsec=frontcover&img=1&zoom=1&edge=curl&source=gbs_api'}",en,http://books.google.com/books?id=yFSzEAAAQBAJ&printsec=frontcover&dq=isbn:9781604077742&hl=&cd=1&source=gbs_api,https://play.google.com/store/books/details?id=yFSzEAAAQBAJ&source=gbs_api,https://play.google.com/store/books/details?id=yFSzEAAAQBAJ,Explore the Infinite Potential that Lies Within This Very Moment,,,9781604077742,1604077743,,http://books.google.com/books/content?id=yFSzEAAAQBAJ&printsec=frontcover&img=1&zoom=5&edge=curl&source=gbs_api,http://books.google.com/books/content?id=yFSzEAAAQBAJ&printsec=frontcover&img=1&zoom=1&edge=curl&source=gbs_api
189,9781101515167,The Psychopath Test: A Journey Through the Madness Industry,Jon Ronson,2019-01-11,2019-01-19,2019,True,The Psychopath Test,['Jon Ronson'],Penguin,2011-05-12,"In this madcap journey, a bestselling journalist investigates psychopaths and the industry of doctors, scientists, and everyone else who studies them. The Psychopath Test is a fascinating journey through the minds of madness. Jon Ronson's exploration of a potential hoax being played on the world's top neurologists takes him, unexpectedly, into the heart of the madness industry. An influential psychologist who is convinced that many important CEOs and politicians are, in fact, psychopaths teaches Ronson how to spot these high-flying individuals by looking out for little telltale verbal and nonverbal clues. And so Ronson, armed with his new psychopath-spotting abilities, enters the corridors of power. He spends time with a death-squad leader institutionalized for mortgage fraud in Coxsackie, New York; a legendary CEO whose psychopathy has been speculated about in the press; and a patient in an asylum for the criminally insane who insists he's sane and certainly not a psychopath. Ronson not only solves the mystery of the hoax but also discovers, disturbingly, that sometimes the personalities at the helm of the madness industry are, with their drives and obsessions, as mad in their own way as those they study. And that relatively ordinary people are, more and more, defined by their maddest edges.","[{'type': 'ISBN_13', 'identifier': '9781101515167'}, {'type': 'ISBN_10', 'identifier': '1101515163'}]","{'text': True, 'image': False}",222.0,BOOK,['Social Science'],NOT_MATURE,True,0.4.5.0.preview.2,"{'containsEpubBubbles': False, 'containsImageBubbles': False}","{'smallThumbnail': 'http://books.google.com/books/content?id=U5bs6Kqwux4C&printsec=frontcover&img=1&zoom=5&edge=curl&source=gbs_api', 'thumbnail': 'http://books.google.com/books/content?id=U5bs6Kqwux4C&printsec=frontcover&img=1&zoom=1&edge=curl&source=gbs_api'}",en,http://books.google.com/books?id=U5bs6Kqwux4C&printsec=frontcover&dq=isbn:9781101515167&hl=&cd=1&source=gbs_api,https://play.google.com/store/books/details?id=U5bs6Kqwux4C&source=gbs_api,https://play.google.com/store/books/details?id=U5bs6Kqwux4C,A Journey Through the Madness Industry,4.0,12.0,9781101515167,1101515163,,http://books.google.com/books/content?id=U5bs6Kqwux4C&printsec=frontcover&img=1&zoom=5&edge=curl&source=gbs_api,http://books.google.com/books/content?id=U5bs6Kqwux4C&printsec=frontcover&img=1&zoom=1&edge=curl&source=gbs_api
191,9781476733524,The Gene: An Intimate History,Siddhartha Mukherjee,2019-01-13,2019-04-10,2019,True,The Gene,['Siddhartha Mukherjee'],Simon and Schuster,2016,"Prologue: Families -- ""The missing science of heredity"" 1865-1935 -- ""In the sum of the parts, there are only the parts"" 1930-1970 -- ""The dreams of geneticists"" 1970-2001 -- ""The proper study of mankind is man"" 1970-2005 -- Through the looking glass 2001-2015 -- Post-genome 2015- ... -- Epilogue: Bheda, Abheda","[{'type': 'ISBN_13', 'identifier': '9781476733524'}, {'type': 'ISBN_10', 'identifier': '147673352X'}]","{'text': False, 'image': False}",624.0,BOOK,['History'],NOT_MATURE,False,0.7.4.0.preview.0,"{'containsEpubBubbles': False, 'containsImageBubbles': False}","{'smallThumbnail': 'http://books.google.com/books/content?id=aF29DgAAQBAJ&printsec=frontcover&img=1&zoom=5&edge=curl&source=gbs_api', 'thumbnail': 'http://books.google.com/books/content?id=aF29DgAAQBAJ&printsec=frontcover&img=1&zoom=1&edge=curl&source=gbs_api'}",en,http://books.google.com/books?id=aF29DgAAQBAJ&printsec=frontcover&dq=isbn:9781476733524&hl=&cd=1&source=gbs_api,http://books.google.com/books?id=aF29DgAAQBAJ&dq=isbn:9781476733524&hl=&source=gbs_api,https://books.google.com/books/about/The_Gene.html?hl=&id=aF29DgAAQBAJ,An Intimate History,,,9781476733524,147673352X,,http://books.google.com/books/content?id=aF29DgAAQBAJ&printsec=frontcover&img=1&zoom=5&edge=curl&source=gbs_api,http://books.google.com/books/content?id=aF29DgAAQBAJ&printsec=frontcover&img=1&zoom=1&edge=curl&source=gbs_api
215,9780312358341,The Leftovers,Tom Perrotta,2019-02-10,2019-02-15,2019,True,The Leftovers,['Tom Perrotta'],St Martins Press,2011-08-30,"When a bizarre phenomenon causes the cataclysmic disappearances of numerous people all over the world, Kevin Garvey, the new mayor of a once-comfortable suburban community, struggles to help his neighbors heal while enduring the fanatical religious conversions of his wife and son. By the best-selling author of Little Children. 300,000 first printing.","[{'type': 'ISBN_10', 'identifier': '0312358342'}, {'type': 'ISBN_13', 'identifier': '9780312358341'}]","{'text': False, 'image': False}",355.0,BOOK,['Fiction'],NOT_MATURE,False,preview-1.0.0,,"{'smallThumbnail': 'http://books.google.com/books/content?id=jtv9ngEACAAJ&printsec=frontcover&img=1&zoom=5&source=gbs_api', 'thumbnail': 'http://books.google.com/books/content?id=jtv9ngEACAAJ&printsec=frontcover&img=1&zoom=1&source=gbs_api'}",en,http://books.google.com/books?id=jtv9ngEACAAJ&dq=isbn:9780312358341&hl=&cd=1&source=gbs_api,http://books.google.com/books?id=jtv9ngEACAAJ&dq=isbn:9780312358341&hl=&source=gbs_api,https://books.google.com/books/about/The_Leftovers.html?hl=&id=jtv9ngEACAAJ,,,,9780312358341,0312358342,,http://books.google.com/books/content?id=jtv9ngEACAAJ&printsec=frontcover&img=1&zoom=5&source=gbs_api,http://books.google.com/books/content?id=jtv9ngEACAAJ&printsec=frontcover&img=1&zoom=1&source=gbs_api
214,9781501144035,Mrs. Fletcher,Tom Perrotta,2019-02-21,2019-02-24,2019,True,Mrs. Fletcher,['Tom Perrotta'],Scribner,2018-05-01,"Now an HBO series starring Kathryn Hahn! “Light, zingy, and laugh-out-loud funny” (People), the New York Times bestselling novel about sex, love, and identity as seen through the eyes of a middle-aged woman and her college freshman son. A forty-six-year-old divorcee whose beloved only child has just left for college, Eve Fletcher is struggling to adjust to her empty nest. One night she receives a text from an anonymous number that says, “U R my MILF!” Over the months that follow, that message comes to obsess Eve. While leading her all-too-placid life—serving as Executive Director of the local senior center and taking a community college course on Gender and Society—Eve can’t curtail her own interest in a porn website that features the erotic exploits of ordinary, middle-aged women like herself. Before long, Eve’s online fixations begin to spill over into real life, revealing new romantic possibilities that threaten to upend her quiet suburban existence. Meanwhile, miles away at the state college, Eve’s son Brendan—a jock and aspiring frat boy—discovers that his new campus isn’t nearly as welcoming to his hard-partying lifestyle as he had imagined. Only a few weeks into his freshman year, Brendan is floundering in a college environment that challenges his white-dude privilege and shames him for his outmoded, chauvinistic ideas of sex. As the New England autumn turns cold, both mother and son find themselves enmeshed in morally fraught situations that come to a head on one fateful November night. “The sweetest and most charming novel about pornography addiction and the harrowing issues of sexual consent that you will probably ever read” (The New York Times Book Review), Mrs. Fletcher is a timeless examination of sexuality, identity, parenthood, and the big clarifying mistakes people can make when they’re no longer sure of who they are or where they belong. “Tom Perrotta’s latest might just be his best” (NPR).","[{'type': 'ISBN_10', 'identifier': '1501144030'}, {'type': 'ISBN_13', 'identifier': '9781501144035'}]","{'text': False, 'image': False}",336.0,BOOK,['Fiction'],NOT_MATURE,False,preview-1.0.0,"{'containsEpubBubbles': False, 'containsImageBubbles': False}","{'smallThumbnail': 'http://books.google.com/books/content?id=85LoyQEACAAJ&printsec=frontcover&img=1&zoom=5&source=gbs_api', 'thumbnail': 'http://books.google.com/books/content?id=85LoyQEACAAJ&printsec=frontcover&img=1&zoom=1&source=gbs_api'}",en,http://books.google.com/books?id=85LoyQEACAAJ&dq=isbn:9781501144035&hl=&cd=1&source=gbs_api,http://books.google.com/books?id=85LoyQEACAAJ&dq=isbn:9781501144035&hl=&source=gbs_api,https://books.google.com/books/about/Mrs_Fletcher.html?hl=&id=85LoyQEACAAJ,A Novel,,,9781501144035,1501144030,,http://books.google.com/books/content?id=85LoyQEACAAJ&printsec=frontcover&img=1&zoom=5&source=gbs_api,http://books.google.com/books/content?id=85LoyQEACAAJ&printsec=frontcover&img=1&zoom=1&source=gbs_api
190,9780062664518,"The Border (Power of the Dog, #3)",Don Winslow,2019-02-26,2019-03-14,2019,True,The Border,['Don Winslow'],HarperCollins,2019-02-26,"ONE OF THE MOST ACCLAIMED BOOKS OF THE YEAR Contains an excerpt from Don Winslow’s explosive new novel, City on Fire! NAMED A BEST BOOK OF THE YEAR BY Washington Post • NPR • Financial Times • The Guardian • Booklist • New Statesman • Daily Telegraph • Irish Times • Dallas Morning News • Sunday Times • New York Post ""A big, sprawling, ultimately stunning crime tableau."" – Janet Maslin, New York Times ""You can't ask for more emotionally moving entertainment."" – Stephen King ""One of the best thriller writers on the planet."" – Esquire The explosive, highly anticipated conclusion to the epic Cartel trilogy from the New York Times bestselling author of The Force What do you do when there are no borders? When the lines you thought existed simply vanish? How do you plant your feet to make a stand when you no longer know what side you’re on? The war has come home. For over forty years, Art Keller has been on the front lines of America’s longest conflict: The War on Drugs. His obsession to defeat the world’s most powerful, wealthy, and lethal kingpin?the godfather of the Sinaloa Cartel, Adán Barrera?has left him bloody and scarred, cost him the people he loves, even taken a piece of his soul. Now Keller is elevated to the highest ranks of the DEA, only to find that in destroying one monster he has created thirty more that are wreaking even more chaos and suffering in his beloved Mexico. But not just there. Barrera’s final legacy is the heroin epidemic scourging America. Throwing himself into the gap to stem the deadly flow, Keller finds himself surrounded by enemies?men who want to kill him, politicians who want to destroy him, and worse, the unimaginable?an incoming administration that’s in bed with the very drug traffickers that Keller is trying to bring down. Art Keller is at war with not only the cartels, but with his own government. And the long fight has taught him more than he ever imagined. Now, he learns the final lesson?there are no borders. In a story that moves from deserts of Mexico to Wall Street, from the slums of Guatemala to the marbled corridors of Washington, D.C., Winslow follows a new generation of narcos, the cops who fight them, street traffickers, addicts, politicians, money-launderers, real-estate moguls, and mere children fleeing the violence for the chance of a life in a new country. A shattering tale of vengeance, violence, corruption and justice, this last novel in Don Winslow’s magnificent, award-winning, internationally bestselling trilogy is packed with unforgettable, drawn-from-the-headlines scenes. Shocking in its brutality, raw in its humanity, The Border is an unflinching portrait of modern America, a story of—and for—our time.","[{'type': 'ISBN_13', 'identifier': '9780062664518'}, {'type': 'ISBN_10', 'identifier': '0062664514'}]","{'text': True, 'image': False}",967.0,BOOK,['Fiction'],NOT_MATURE,True,1.6.6.0.preview.2,"{'containsEpubBubbles': False, 'containsImageBubbles': False}","{'smallThumbnail': 'http://books.google.com/books/content?id=AndbDwAAQBAJ&printsec=frontcover&img=1&zoom=5&edge=curl&source=gbs_api', 'thumbnail': 'http://books.google.com/books/content?id=AndbDwAAQBAJ&printsec=frontcover&img=1&zoom=1&edge=curl&source=gbs_api'}",en,http://books.google.com/books?id=AndbDwAAQBAJ&printsec=frontcover&dq=isbn:9780062664518&hl=&cd=1&source=gbs_api,https://play.google.com/store/books/details?id=AndbDwAAQBAJ&source=gbs_api,https://play.google.com/store/books/details?id=AndbDwAAQBAJ,A Novel,,,9780062664518,0062664514,,http://books.google.com/books/content?id=AndbDwAAQBAJ&printsec=frontcover&img=1&zoom=5&edge=curl&source=gbs_api,http://books.google.com/books/content?id=AndbDwAAQBAJ&printsec=frontcover&img=1&zoom=1&edge=curl&source=gbs_api
213,9780375701900,Straight Man,Richard Russo,2019-03-23,2019-03-28,2019,True,Straight Man,['Richard Russo'],Vintage,1998-06-09,"Hilarious and true-to-life, witty, compassionate, and impossible to put down, Straight Man follows Hank Devereaux through one very bad week in this novel from the Pulitzer Prize-winning author of Empire Falls. • Now the AMC Original Series Lucky Hank. William Henry Devereaux, Jr., is the reluctant chairman of the English department of a badly underfunded college in the Pennsylvania rust belt. Devereaux's reluctance is partly rooted in his character—he is a born anarchist—and partly in the fact that his department is more savagely divided than the Balkans. In the course of a single week, Devereaux will have his nose mangled by an angry colleague, imagine his wife is having an affair with his dean, wonder if a curvaceous adjunct is trying to seduce him with peach pits, and threaten to execute a goose on local television. All this while coming to terms with his philandering father, the dereliction of his youthful promise, and the ominous failure of certain vital body functions. In short, Straight Man is classic Russo—side-splitting, poignant, compassionate, and unforgettable. Look for Richard Russo's new book, Somebody's Fool, coming soon.","[{'type': 'ISBN_13', 'identifier': '9780375701900'}, {'type': 'ISBN_10', 'identifier': '0375701907'}]","{'text': False, 'image': False}",417.0,BOOK,['Fiction'],NOT_MATURE,False,0.9.2.0.preview.0,"{'containsEpubBubbles': False, 'containsImageBubbles': False}","{'smallThumbnail': 'http://books.google.com/books/content?id=V6uLPr34lPcC&printsec=frontcover&img=1&zoom=5&edge=curl&source=gbs_api', 'thumbnail': 'http://books.google.com/books/content?id=V6uLPr34lPcC&printsec=frontcover&img=1&zoom=1&edge=curl&source=gbs_api'}",en,http://books.google.com/books?id=V6uLPr34lPcC&printsec=frontcover&dq=isbn:9780375701900&hl=&cd=1&source=gbs_api,http://books.google.com/books?id=V6uLPr34lPcC&dq=isbn:9780375701900&hl=&source=gbs_api,https://books.google.com/books/about/Straight_Man.html?hl=&id=V6uLPr34lPcC,A Novel,5.0,1.0,9780375701900,0375701907,,http://books.google.com/books/content?id=V6uLPr34lPcC&printsec=frontcover&img=1&zoom=5&edge=curl&source=gbs_api,http://books.google.com/books/content?id=V6uLPr34lPcC&printsec=frontcover&img=1&zoom=1&edge=curl&source=gbs_api
193,9780375726408,Empire Falls,Richard Russo,2019-03-28,2019-05-10,2019,True,Empire Falls,['Richard Russo'],Vintage,2002-04-12,"NATIONAL BESTSELLER • PULITZER PRIZE WINNER • The bestselling author of Nobody's Fool and Straight Man delves deep into the blue-collar heart of America in a work that overflows with hilarity, heartache, and grace. “Rich, humorous ... Mr. Russo’s most seductive book thus far.” —The New York Times Welcome to Empire Falls, a blue-collar town full of abandoned mills whose citizens surround themselves with the comforts and feuds provided by lifelong friends and neighbors and who find humor and hope in the most unlikely places, in this Pulitzer Prize-winning novel by Richard Russo. Miles Roby has been slinging burgers at the Empire Grill for 20 years, a job that cost him his college education and much of his self-respect. What keeps him there? It could be his bright, sensitive daughter Tick, who needs all his help surviving the local high school. Or maybe it’s Janine, Miles’ soon-to-be ex-wife, who’s taken up with a noxiously vain health-club proprietor. Or perhaps it’s the imperious Francine Whiting, who owns everything in town–and seems to believe that “everything” includes Miles himself. Look for Richard Russo's new book, Somebody's Fool, coming soon.","[{'type': 'ISBN_13', 'identifier': '9780375726408'}, {'type': 'ISBN_10', 'identifier': '0375726403'}]","{'text': False, 'image': False}",497.0,BOOK,['Fiction'],NOT_MATURE,False,0.10.4.0.preview.0,"{'containsEpubBubbles': False, 'containsImageBubbles': False}","{'smallThumbnail': 'http://books.google.com/books/content?id=bX8N8shdUTAC&printsec=frontcover&img=1&zoom=5&edge=curl&source=gbs_api', 'thumbnail': 'http://books.google.com/books/content?id=bX8N8shdUTAC&printsec=frontcover&img=1&zoom=1&edge=curl&source=gbs_api'}",en,http://books.google.com/books?id=bX8N8shdUTAC&printsec=frontcover&dq=isbn:9780375726408&hl=&cd=1&source=gbs_api,http://books.google.com/books?id=bX8N8shdUTAC&dq=isbn:9780375726408&hl=&source=gbs_api,https://books.google.com/books/about/Empire_Falls.html?hl=&id=bX8N8shdUTAC,,3.5,8.0,9780375726408,0375726403,,http://books.google.com/books/content?id=bX8N8shdUTAC&printsec=frontcover&img=1&zoom=5&edge=curl&source=gbs_api,http://books.google.com/books/content?id=bX8N8shdUTAC&printsec=frontcover&img=1&zoom=1&edge=curl&source=gbs_api
212,9780399590504,Educated,Tara Westover,2019-04-15,2019-04-24,2019,True,Educated,['Tara Westover'],National Geographic Books,2018-02-20,"#1 NEW YORK TIMES, WALL STREET JOURNAL, AND BOSTON GLOBE BESTSELLER • One of the most acclaimed books of our time: an unforgettable memoir about a young woman who, kept out of school, leaves her survivalist family and goes on to earn a PhD from Cambridge University “Extraordinary . . . an act of courage and self-invention.”—The New York Times NAMED ONE OF THE TEN BEST BOOKS OF THE YEAR BY THE NEW YORK TIMES BOOK REVIEW • ONE OF PRESIDENT BARACK OBAMA’S FAVORITE BOOKS OF THE YEAR • BILL GATES’S HOLIDAY READING LIST • FINALIST: National Book Critics Circle’s Award In Autobiography and John Leonard Prize For Best First Book • PEN/Jean Stein Book Award • Los Angeles Times Book Prize Born to survivalists in the mountains of Idaho, Tara Westover was seventeen the first time she set foot in a classroom. Her family was so isolated from mainstream society that there was no one to ensure the children received an education, and no one to intervene when one of Tara’s older brothers became violent. When another brother got himself into college, Tara decided to try a new kind of life. Her quest for knowledge transformed her, taking her over oceans and across continents, to Harvard and to Cambridge University. Only then would she wonder if she’d traveled too far, if there was still a way home. “Beautiful and propulsive . . . Despite the singularity of [Westover’s] childhood, the questions her book poses are universal: How much of ourselves should we give to those we love? And how much must we betray them to grow up?”—Vogue ONE OF THE BEST BOOKS OF THE YEAR: The Washington Post, O: The Oprah Magazine, Time, NPR, Good Morning America, San Francisco Chronicle, The Guardian, The Economist, Financial Times, Newsday, New York Post, theSkimm, Refinery29, Bloomberg, Self, Real Simple, Town & Country, Bustle, Paste, Publishers Weekly, Library Journal, LibraryReads, Book Riot, Pamela Paul, KQED, New York Public Library","[{'type': 'ISBN_13', 'identifier': '9780399590504'}, {'type': 'ISBN_10', 'identifier': '0399590501'}]","{'text': True, 'image': False}",334.0,BOOK,['Biography & Autobiography'],NOT_MATURE,False,preview-1.0.0,"{'containsEpubBubbles': False, 'containsImageBubbles': False}","{'smallThumbnail': 'http://books.google.com/books/content?id=2nyNEAAAQBAJ&printsec=frontcover&img=1&zoom=5&source=gbs_api', 'thumbnail': 'http://books.google.com/books/content?id=2nyNEAAAQBAJ&printsec=frontcover&img=1&zoom=1&source=gbs_api'}",en,http://books.google.com/books?id=2nyNEAAAQBAJ&dq=isbn:9780399590504&hl=&cd=1&source=gbs_api,http://books.google.com/books?id=2nyNEAAAQBAJ&dq=isbn:9780399590504&hl=&source=gbs_api,https://books.google.com/books/about/Educated.html?hl=&id=2nyNEAAAQBAJ,A Memoir,,,9780399590504,0399590501,,http://books.google.com/books/content?id=2nyNEAAAQBAJ&printsec=frontcover&img=1&zoom=5&source=gbs_api,http://books.google.com/books/content?id=2nyNEAAAQBAJ&printsec=frontcover&img=1&zoom=1&source=gbs_api
192,9780679753339,Nobody's Fool,Richard Russo,2019-04-25,2019-05-09,2019,True,Nobody's Fool,['Richard Russo'],Vintage,1994-04-12,"From the Pulitzer Prize–winning author of Empire Falls, this slyly funny, moving novel about a blue-collar town in upstate New York—and about Sully, one of its unluckiest citizens, who has been doing the wrong thing triumphantly for fifty years—is a classic American story. ""Remarkable.... A revelation of the human heart."" —The Washington Post Divorced from his own wife and carrying on halfheartedly with another man's, saddled with a bum knee and friends who make enemies redundant, Sully now has one new problem to cope with: a long-estranged son who is in imminent danger of following in his father's footsteps. With its uproarious humor and a heart that embraces humanity's follies as well as its triumphs, Nobody's Fool, from Pulitzer Prize-winning author, Richard Russo, is storytelling at its most generous. Nobody’s Fool was made into a movie starring Paul Newman, Bruce Willis, Jessica Tandy, and Melody Griffith. Look for Everybody’s Fool, available now, and Somebody’s Fool, coming soon.","[{'type': 'ISBN_13', 'identifier': '9780679753339'}, {'type': 'ISBN_10', 'identifier': '0679753338'}]","{'text': False, 'image': False}",561.0,BOOK,['Fiction'],NOT_MATURE,False,1.7.3.0.preview.0,"{'containsEpubBubbles': False, 'containsImageBubbles': False}","{'smallThumbnail': 'http://books.google.com/books/content?id=aHXvWklvxuEC&printsec=frontcover&img=1&zoom=5&edge=curl&source=gbs_api', 'thumbnail': 'http://books.google.com/books/content?id=aHXvWklvxuEC&printsec=frontcover&img=1&zoom=1&edge=curl&source=gbs_api'}",en,http://books.google.com/books?id=aHXvWklvxuEC&printsec=frontcover&dq=isbn:9780679753339&hl=&cd=1&source=gbs_api,http://books.google.com/books?id=aHXvWklvxuEC&dq=isbn:9780679753339&hl=&source=gbs_api,https://books.google.com/books/about/Nobody_s_Fool.html?hl=&id=aHXvWklvxuEC,,4.0,8.0,9780679753339,0679753338,,http://books.google.com/books/content?id=aHXvWklvxuEC&printsec=frontcover&img=1&zoom=5&edge=curl&source=gbs_api,http://books.google.com/books/content?id=aHXvWklvxuEC&printsec=frontcover&img=1&zoom=1&edge=curl&source=gbs_api
195,9781501144325,Why We Sleep: Unlocking the Power of Sleep and Dreams,Matthew Walker,2019-05-03,2019-12-08,2019,True,Why We Sleep,['Matthew Walker'],Scribner,2018-06-19,"“Why We Sleep is an important and fascinating book…Walker taught me a lot about this basic activity that every person on Earth needs. I suspect his book will do the same for you.” —Bill Gates A New York Times bestseller and international sensation, this “stimulating and important book” (Financial Times) is a fascinating dive into the purpose and power of slumber. With two appearances on CBS This Morning and Fresh Air's most popular interview of 2017, Matthew Walker has made abundantly clear that sleep is one of the most important but least understood aspects of our life. Until very recently, science had no answer to the question of why we sleep, or what good it served, or why we suffer such devastating health consequences when it is absent. Compared to the other basic drives in life—eating, drinking, and reproducing—the purpose of sleep remains more elusive. Within the brain, sleep enriches a diversity of functions, including our ability to learn, memorize, and make logical decisions. It recalibrates our emotions, restocks our immune system, fine-tunes our metabolism, and regulates our appetite. Dreaming creates a virtual reality space in which the brain melds past and present knowledge, inspiring creativity. In this “compelling and utterly convincing” (The Sunday Times) book, preeminent neuroscientist and sleep expert Matthew Walker provides a revolutionary exploration of sleep, examining how it affects every aspect of our physical and mental well-being. Charting the most cutting-edge scientific breakthroughs, and marshalling his decades of research and clinical practice, Walker explains how we can harness sleep to improve learning, mood and energy levels, regulate hormones, prevent cancer, Alzheimer’s and diabetes, slow the effects of aging, and increase longevity. He also provides actionable steps towards getting a better night’s sleep every night. Clear-eyed, fascinating, and accessible, Why We Sleep is a crucial and illuminating book. Written with the precision of Atul Gawande, Andrew Solomon, and Sherwin Nuland, it is “recommended for night-table reading in the most pragmatic sense” (The New York Times Book Review).","[{'type': 'ISBN_10', 'identifier': '1501144324'}, {'type': 'ISBN_13', 'identifier': '9781501144325'}]","{'text': False, 'image': False}",368.0,BOOK,['Science'],NOT_MATURE,False,preview-1.0.0,"{'containsEpubBubbles': False, 'containsImageBubbles': False}","{'smallThumbnail': 'http://books.google.com/books/content?id=2pgNygEACAAJ&printsec=frontcover&img=1&zoom=5&source=gbs_api', 'thumbnail': 'http://books.google.com/books/content?id=2pgNygEACAAJ&printsec=frontcover&img=1&zoom=1&source=gbs_api'}",en,http://books.google.com/books?id=2pgNygEACAAJ&dq=isbn:9781501144325&hl=&cd=1&source=gbs_api,http://books.google.com/books?id=2pgNygEACAAJ&dq=isbn:9781501144325&hl=&source=gbs_api,https://books.google.com/books/about/Why_We_Sleep.html?hl=&id=2pgNygEACAAJ,Unlocking the Power of Sleep and Dreams,,,9781501144325,1501144324,,http://books.google.com/books/content?id=2pgNygEACAAJ&printsec=frontcover&img=1&zoom=5&source=gbs_api,http://books.google.com/books/content?id=2pgNygEACAAJ&printsec=frontcover&img=1&zoom=1&source=gbs_api
201,9781594202605,"Moral Tribes: Emotion, Reason, and the Gap Between Us and Them",Joshua D. Greene,2019-05-11,2019-09-02,2019,True,Moral Tribes,['Joshua David Greene'],Penguin Press HC,2013,"A path-breaking neuroscientist explores how globalization has illuminated the deep moral divisions between opposing sides, drawing on pioneering research to reveal the evolutionary sources of morality while outlining recommendations for bridging divided cultures.","[{'type': 'ISBN_10', 'identifier': '1594202605'}, {'type': 'ISBN_13', 'identifier': '9781594202605'}]","{'text': False, 'image': False}",422.0,BOOK,['Philosophy'],NOT_MATURE,False,preview-1.0.0,,"{'smallThumbnail': 'http://books.google.com/books/content?id=RZUYmwEACAAJ&printsec=frontcover&img=1&zoom=5&source=gbs_api', 'thumbnail': 'http://books.google.com/books/content?id=RZUYmwEACAAJ&printsec=frontcover&img=1&zoom=1&source=gbs_api'}",en,http://books.google.com/books?id=RZUYmwEACAAJ&dq=isbn:9781594202605&hl=&cd=1&source=gbs_api,http://books.google.com/books?id=RZUYmwEACAAJ&dq=isbn:9781594202605&hl=&source=gbs_api,https://books.google.com/books/about/Moral_Tribes.html?hl=&id=RZUYmwEACAAJ,"Emotion, Reason, and the Gap Between Us and Them",,,9781594202605,1594202605,,http://books.google.com/books/content?id=RZUYmwEACAAJ&printsec=frontcover&img=1&zoom=5&source=gbs_api,http://books.google.com/books/content?id=RZUYmwEACAAJ&printsec=frontcover&img=1&zoom=1&source=gbs_api
211,9781616201340,An American Marriage,Tayari Jones,2019-05-29,2019-06-01,2019,True,An American Marriage,['Tayari Jones'],Algonquin Books,2018-01-01,"""Newlyweds Celestial and Roy, the living embodiment of the New South, are settling into the routine of their life together when Roy is sent to prison for a crime he didn't commit. An insightful look into the lives of people who are bound and separated by forces beyond their control""--","[{'type': 'ISBN_13', 'identifier': '9781616201340'}, {'type': 'ISBN_10', 'identifier': '1616201347'}]","{'text': False, 'image': True}",321.0,BOOK,['Fiction'],NOT_MATURE,False,0.9.3.0.preview.1,"{'containsEpubBubbles': False, 'containsImageBubbles': False}","{'smallThumbnail': 'http://books.google.com/books/content?id=6JNFDwAAQBAJ&printsec=frontcover&img=1&zoom=5&edge=curl&source=gbs_api', 'thumbnail': 'http://books.google.com/books/content?id=6JNFDwAAQBAJ&printsec=frontcover&img=1&zoom=1&edge=curl&source=gbs_api'}",en,http://books.google.com/books?id=6JNFDwAAQBAJ&printsec=frontcover&dq=isbn:9781616201340&hl=&cd=1&source=gbs_api,http://books.google.com/books?id=6JNFDwAAQBAJ&dq=isbn:9781616201340&hl=&source=gbs_api,https://books.google.com/books/about/An_American_Marriage.html?hl=&id=6JNFDwAAQBAJ,A Novel,,,9781616201340,1616201347,,http://books.google.com/books/content?id=6JNFDwAAQBAJ&printsec=frontcover&img=1&zoom=5&edge=curl&source=gbs_api,http://books.google.com/books/content?id=6JNFDwAAQBAJ&printsec=frontcover&img=1&zoom=1&edge=curl&source=gbs_api
210,9780778330950,Lie to Me,J.T. Ellison,2019-06-02,2019-06-06,2019,True,Lie to Me,['J. T. Ellison'],Mira Books,2017,"Domestic noir at its best. Readers will devour this stunning page-turner about the disintegration of a marriage as grief, jealousy, betrayal and murder destroy the facade of the perfect literary couple. New York Times bestselling author J.T. Ellison takes her exceptional writing to a new level with this breakout novel. They built a life on lies Sutton and Ethan Montclair's idyllic life is not as it appears. They seem made for each other, but the truth is ugly. Consumed by professional and personal betrayals and financial woes, the two both love and hate each other. As tensions mount, Sutton disappears, leaving behind a note saying not to look for her. Ethan finds himself the target of vicious gossip as friends, family and the media speculate on what really happened to Sutton Montclair. As the police investigate, the lies the couple have been spinning for years quickly unravel. Is Ethan a killer? Is he being set up? Did Sutton hate him enough to kill the child she never wanted and then herself? The path to the answers is full of twists that will leave the reader breathless. Don't miss It's One of Us, the next page-turning thriller from New York Times bestselling author J.T. Ellison!","[{'type': 'ISBN_10', 'identifier': '0778330958'}, {'type': 'ISBN_13', 'identifier': '9780778330950'}]","{'text': False, 'image': False}",407.0,BOOK,['Fiction'],NOT_MATURE,False,preview-1.0.0,"{'containsEpubBubbles': False, 'containsImageBubbles': False}","{'smallThumbnail': 'http://books.google.com/books/content?id=ar4JMQAACAAJ&printsec=frontcover&img=1&zoom=5&source=gbs_api', 'thumbnail': 'http://books.google.com/books/content?id=ar4JMQAACAAJ&printsec=frontcover&img=1&zoom=1&source=gbs_api'}",en,http://books.google.com/books?id=ar4JMQAACAAJ&dq=isbn:9780778330950&hl=&cd=1&source=gbs_api,http://books.google.com/books?id=ar4JMQAACAAJ&dq=isbn:9780778330950&hl=&source=gbs_api,https://books.google.com/books/about/Lie_to_Me.html?hl=&id=ar4JMQAACAAJ,,5.0,1.0,9780778330950,0778330958,,http://books.google.com/books/content?id=ar4JMQAACAAJ&printsec=frontcover&img=1&zoom=5&source=gbs_api,http://books.google.com/books/content?id=ar4JMQAACAAJ&printsec=frontcover&img=1&zoom=1&source=gbs_api
200,9781476746586,All the Light We Cannot See,Anthony Doerr,2019-06-07,2019-07-17,2019,True,All the Light We Cannot See,['Anthony Doerr'],Simon and Schuster,2014-05-06,"An imaginative and intricate novel inspired by the horrors of World War II and written in short, elegant chapters that explore human nature and the contradictory power of technology.","[{'type': 'ISBN_13', 'identifier': '9781476746586'}, {'type': 'ISBN_10', 'identifier': '1476746583'}]","{'text': False, 'image': False}",544.0,BOOK,['Fiction'],NOT_MATURE,False,0.25.4.0.preview.0,"{'containsEpubBubbles': False, 'containsImageBubbles': False}","{'smallThumbnail': 'http://books.google.com/books/content?id=_AZ_AwAAQBAJ&printsec=frontcover&img=1&zoom=5&edge=curl&source=gbs_api', 'thumbnail': 'http://books.google.com/books/content?id=_AZ_AwAAQBAJ&printsec=frontcover&img=1&zoom=1&edge=curl&source=gbs_api'}",en,http://books.google.com/books?id=_AZ_AwAAQBAJ&printsec=frontcover&dq=isbn:9781476746586&hl=&cd=1&source=gbs_api,http://books.google.com/books?id=_AZ_AwAAQBAJ&dq=isbn:9781476746586&hl=&source=gbs_api,https://books.google.com/books/about/All_the_Light_We_Cannot_See.html?hl=&id=_AZ_AwAAQBAJ,A Novel,4.5,4.0,9781476746586,1476746583,,http://books.google.com/books/content?id=_AZ_AwAAQBAJ&printsec=frontcover&img=1&zoom=5&edge=curl&source=gbs_api,http://books.google.com/books/content?id=_AZ_AwAAQBAJ&printsec=frontcover&img=1&zoom=1&edge=curl&source=gbs_api
199,9780307947727,The Sense of an Ending,Julian Barnes,2019-06-08,2019-06-22,2019,True,The Sense of an Ending,['Julian Barnes'],Vintage,2012-05-29,"BOOKER PRIZE WINNER • NATIONAL BESTSELLER • A novel that follows a middle-aged man as he contends with a past he never much thought about—until his closest childhood friends return with a vengeance: one of them from the grave, another maddeningly present. A novel so compelling that it begs to be read in a single setting, The Sense of an Ending has the psychological and emotional depth and sophistication of Henry James at his best, and is a stunning achievement in Julian Barnes's oeuvre. Tony Webster thought he left his past behind as he built a life for himself, and his career has provided him with a secure retirement and an amicable relationship with his ex-wife and daughter, who now has a family of her own. But when he is presented with a mysterious legacy, he is forced to revise his estimation of his own nature and place in the world.","[{'type': 'ISBN_13', 'identifier': '9780307947727'}, {'type': 'ISBN_10', 'identifier': '0307947726'}]","{'text': True, 'image': False}",163.0,BOOK,['Fiction'],NOT_MATURE,False,preview-1.0.0,"{'containsEpubBubbles': False, 'containsImageBubbles': False}","{'smallThumbnail': 'http://books.google.com/books/content?id=DkCTEAAAQBAJ&printsec=frontcover&img=1&zoom=5&source=gbs_api', 'thumbnail': 'http://books.google.com/books/content?id=DkCTEAAAQBAJ&printsec=frontcover&img=1&zoom=1&source=gbs_api'}",en,http://books.google.com/books?id=DkCTEAAAQBAJ&dq=isbn:9780307947727&hl=&cd=1&source=gbs_api,http://books.google.com/books?id=DkCTEAAAQBAJ&dq=isbn:9780307947727&hl=&source=gbs_api,https://books.google.com/books/about/The_Sense_of_an_Ending.html?hl=&id=DkCTEAAAQBAJ,,,,9780307947727,0307947726,,http://books.google.com/books/content?id=DkCTEAAAQBAJ&printsec=frontcover&img=1&zoom=5&source=gbs_api,http://books.google.com/books/content?id=DkCTEAAAQBAJ&printsec=frontcover&img=1&zoom=1&source=gbs_api
183,9781501176661,"Sing, Unburied, Sing",Jesmyn Ward,2019-08-04,2020-02-15,2020,True,"Sing, Unburied, Sing",['Jesmyn Ward'],Simon & Schuster,2017,"Living with his grandparents and sister on a Gulf Coast farm, Jojo navigates the challenges of his mother's addictions and his grandmother's cancer before the release of his father from prison prompts a road trip of danger and hope.","[{'type': 'ISBN_10', 'identifier': '1501176668'}, {'type': 'ISBN_13', 'identifier': '9781501176661'}]","{'text': False, 'image': False}",289.0,BOOK,['African American children'],NOT_MATURE,False,preview-1.0.0,"{'containsEpubBubbles': False, 'containsImageBubbles': False}","{'smallThumbnail': 'http://books.google.com/books/content?id=AFXgswEACAAJ&printsec=frontcover&img=1&zoom=5&source=gbs_api', 'thumbnail': 'http://books.google.com/books/content?id=AFXgswEACAAJ&printsec=frontcover&img=1&zoom=1&source=gbs_api'}",en,http://books.google.com/books?id=AFXgswEACAAJ&dq=isbn:9781501176661&hl=&cd=1&source=gbs_api,http://books.google.com/books?id=AFXgswEACAAJ&dq=isbn:9781501176661&hl=&source=gbs_api,https://books.google.com/books/about/Sing_Unburied_Sing.html?hl=&id=AFXgswEACAAJ,A Novel,,,9781501176661,1501176668,,http://books.google.com/books/content?id=AFXgswEACAAJ&printsec=frontcover&img=1&zoom=5&source=gbs_api,http://books.google.com/books/content?id=AFXgswEACAAJ&printsec=frontcover&img=1&zoom=1&source=gbs_api
208,9780385693981,The Nickel Boys,Colson Whitehead,2019-08-06,2019-09-12,2019,True,The Nickel Boys,['Colson Whitehead'],Anchor Canada,2020-06-30,"NEW YORK TIMES BESTSELLER Winner of the 2020 Pulitzer Prize for Fiction Winner of the 2019 Kirkus Prize for Fiction Finalist for the 2019 National Book Critics Circle Award Finalist for the 2021 DUBLIN Literary Awards Longlisted for the 2019 National Book Awards Longlisted for the 2020 Orwell Prize for Political Fiction In this bravura follow-up to the Pulitzer Prize–and National Book Award–winning #1 New York Times bestseller The Underground Railroad, Colson Whitehead brilliantly dramatizes another strand of American history through the story of two boys sentenced to a hellish reform school in Jim Crow–era Florida. As the Civil Rights movement begins to reach the black enclave of Frenchtown in segregated Tallahassee, Elwood Curtis takes the words of Dr. Martin Luther King Jr. to heart: He is ""as good as anyone."" Abandoned by his parents, but kept on the straight and narrow by his grand-mother, Elwood is a high school senior about to start classes at a local college. But for a black boy in the Jim Crow South of the early 1960s, one innocent mistake is enough to destroy the future. Elwood is sentenced to a juvenile reformatory called the Nickel Academy, whose mission statement says it provides ""physical, intellectual, and moral training"" so that the delinquent boys in its charge can become ""honorable and honest men."" In reality, the Nickel Academy is a grotesque chamber of horrors where the sadistic staff beats and sexually abuses the students, corrupt officials and locals steal food and supplies, and any boy who resists is likely to disappear ""out back."" Stunned to find himself in such a vicious environment, Elwood tries to hold on to Dr. King's ringing assertion ""Throw us in jail and we will still love you."" His friend Turner thinks that Elwood is worse than naive, that the world is crooked, and that the only way to survive is to scheme and avoid trouble. The tension between Elwood's ideals and Turner's skepticism leads to a decision with repercussions that will echo down the decades. Formed in the crucible of the evils Jim Crow wrought, the boys' fates will be determined by what they endured at the Nickel Academy. Based on the real story of a reform school in Florida that operated for 111 years and warped the lives of thousands of children, The Nickel Boys is a devastating, driven narrative that showcases a great American novelist writing at the height of his powers.","[{'type': 'ISBN_13', 'identifier': '9780385693981'}, {'type': 'ISBN_10', 'identifier': '0385693982'}]","{'text': False, 'image': False}",225.0,BOOK,['Fiction'],NOT_MATURE,False,1.2.2.0.preview.0,"{'containsEpubBubbles': False, 'containsImageBubbles': False}","{'smallThumbnail': 'http://books.google.com/books/content?id=qFaTEAAAQBAJ&printsec=frontcover&img=1&zoom=5&source=gbs_api', 'thumbnail': 'http://books.google.com/books/content?id=qFaTEAAAQBAJ&printsec=frontcover&img=1&zoom=1&source=gbs_api'}",en,http://books.google.com/books?id=qFaTEAAAQBAJ&dq=isbn:9780385693981&hl=&cd=1&source=gbs_api,http://books.google.com/books?id=qFaTEAAAQBAJ&dq=isbn:9780385693981&hl=&source=gbs_api,https://books.google.com/books/about/The_Nickel_Boys.html?hl=&id=qFaTEAAAQBAJ,A Novel,,,9780385693981,0385693982,,http://books.google.com/books/content?id=qFaTEAAAQBAJ&printsec=frontcover&img=1&zoom=5&source=gbs_api,http://books.google.com/books/content?id=qFaTEAAAQBAJ&printsec=frontcover&img=1&zoom=1&source=gbs_api
203,9780385542845,Never Enough: The Neuroscience and Experience of Addiction,Judith Grisel,2019-09-04,2019-09-13,2019,True,Never Enough,['Judith Grisel'],Doubleday Books,2019,"""Addiction is epidemic and catastrophic. With more than one in every five people over the age of fourteen addicted, drug abuse has been called the most formidable health problem worldwide. If we are not victims ourselves, we all know someone struggling with the merciless compulsion to alter their experience by changing how their brain functions. Drawing on years of research--as well as personal experience as a recovered addict--researcher and professor Judy Grisel has reached a fundamental conclusion: for the addict, there will never be enough drugs. The brain's capacity to learn and adapt is seemingly infinite, allowing it to counteract any regular disruption, including that caused by drugs. What begins as a normal state punctuated by periods of being high transforms over time into a state of desperate craving that is only temporarily subdued by a fix, explaining why addicts are unable to live either with or without their drug. One by one, Grisel shows how different drugs act on the brain, the kind of experiential effects they generate, and the specific reasons why each is so hard to kick. Grisel's insights lead to a better understanding of the brain's critical contributions to addictive behavior, and will help inform a more rational, coherent, and compassionate response to the epidemic in our homes and communities""--","[{'type': 'ISBN_10', 'identifier': '0385542844'}, {'type': 'ISBN_13', 'identifier': '9780385542845'}]","{'text': False, 'image': False}",256.0,BOOK,['PSYCHOLOGY'],NOT_MATURE,False,preview-1.0.0,"{'containsEpubBubbles': False, 'containsImageBubbles': False}","{'smallThumbnail': 'http://books.google.com/books/content?id=jjuGtgEACAAJ&printsec=frontcover&img=1&zoom=5&source=gbs_api', 'thumbnail': 'http://books.google.com/books/content?id=jjuGtgEACAAJ&printsec=frontcover&img=1&zoom=1&source=gbs_api'}",en,http://books.google.com/books?id=jjuGtgEACAAJ&dq=isbn:9780385542845&hl=&cd=1&source=gbs_api,http://books.google.com/books?id=jjuGtgEACAAJ&dq=isbn:9780385542845&hl=&source=gbs_api,https://books.google.com/books/about/Never_Enough.html?hl=&id=jjuGtgEACAAJ,The Neuroscience and Experience of Addiction,,,9780385542845,0385542844,,http://books.google.com/books/content?id=jjuGtgEACAAJ&printsec=frontcover&img=1&zoom=5&source=gbs_api,http://books.google.com/books/content?id=jjuGtgEACAAJ&printsec=frontcover&img=1&zoom=1&source=gbs_api
209,9781250229533,The Great Alone,Kristin Hannah,2019-09-07,2019-09-11,2019,True,The Great Alone,['Kristin Hannah'],St. Martin's Griffin,2019-09-24,"In Kristin Hannah’s The Great Alone, a desperate family seeks a new beginning in the near-isolated wilderness of Alaska only to find that their unpredictable environment is less threatening than the erratic behavior found in human nature. #1 New York Times Instant Bestseller (February 2018) A People “Book of the Week” Buzzfeed’s “Most Anticipated Women’s Fiction Reads of 2018” Seattle Times’s “Books to Look Forward to in 2018” Alaska, 1974. Ernt Allbright came home from the Vietnam War a changed and volatile man. When he loses yet another job, he makes the impulsive decision to move his wife and daughter north where they will live off the grid in America’s last true frontier. Cora will do anything for the man she loves, even if means following him into the unknown. Thirteen-year-old Leni, caught in the riptide of her parents’ passionate, stormy relationship, has little choice but to go along, daring to hope this new land promises her family a better future. In a wild, remote corner of Alaska, the Allbrights find a fiercely independent community of strong men and even stronger women. The long, sunlit days and the generosity of the locals make up for the newcomers’ lack of preparation and dwindling resources. But as winter approaches and darkness descends, Ernt’s fragile mental state deteriorates. Soon the perils outside pale in comparison to threats from within. In their small cabin, covered in snow, blanketed in eighteen hours of night, Leni and her mother learn the terrible truth: they are on their own.","[{'type': 'ISBN_10', 'identifier': '1250229537'}, {'type': 'ISBN_13', 'identifier': '9781250229533'}]","{'text': False, 'image': False}",576.0,BOOK,['Fiction'],NOT_MATURE,False,preview-1.0.0,"{'containsEpubBubbles': False, 'containsImageBubbles': False}","{'smallThumbnail': 'http://books.google.com/books/content?id=2ledvwEACAAJ&printsec=frontcover&img=1&zoom=5&source=gbs_api', 'thumbnail': 'http://books.google.com/books/content?id=2ledvwEACAAJ&printsec=frontcover&img=1&zoom=1&source=gbs_api'}",en,http://books.google.com/books?id=2ledvwEACAAJ&dq=isbn:9781250229533&hl=&cd=1&source=gbs_api,http://books.google.com/books?id=2ledvwEACAAJ&dq=isbn:9781250229533&hl=&source=gbs_api,https://books.google.com/books/about/The_Great_Alone.html?hl=&id=2ledvwEACAAJ,A Novel,5.0,1.0,9781250229533,1250229537,,http://books.google.com/books/content?id=2ledvwEACAAJ&printsec=frontcover&img=1&zoom=5&source=gbs_api,http://books.google.com/books/content?id=2ledvwEACAAJ&printsec=frontcover&img=1&zoom=1&source=gbs_api
202,9780190496012,The Elephant in the Brain: Hidden Motives in Everyday Life,Kevin Simler,2019-09-13,2019-09-29,2019,True,The ^AElephant in the Brain,"['Kevin Simler', 'Robin Hanson']",Oxford University Press,2017-12-01,"This book exposes our unconscious selfish motives, those we're reluctant to discuss or even think about. These motives drive our body language, laughter, and conversation, as well as venerated institutions like art, school, charity, medicine, politics, and religion. You'll never see yourself, or the world, the same again.","[{'type': 'ISBN_13', 'identifier': '9780190496012'}, {'type': 'ISBN_10', 'identifier': '0190496010'}]","{'text': True, 'image': True}",417.0,BOOK,['Psychology'],NOT_MATURE,True,2.3.4.0.preview.3,"{'containsEpubBubbles': False, 'containsImageBubbles': False}","{'smallThumbnail': 'http://books.google.com/books/content?id=q_lADwAAQBAJ&printsec=frontcover&img=1&zoom=5&edge=curl&source=gbs_api', 'thumbnail': 'http://books.google.com/books/content?id=q_lADwAAQBAJ&printsec=frontcover&img=1&zoom=1&edge=curl&source=gbs_api'}",en,http://books.google.com/books?id=q_lADwAAQBAJ&printsec=frontcover&dq=isbn:9780190496012&hl=&cd=1&source=gbs_api,https://play.google.com/store/books/details?id=q_lADwAAQBAJ&source=gbs_api,https://play.google.com/store/books/details?id=q_lADwAAQBAJ,Hidden Motives in Everyday Life,,,9780190496012,0190496010,,http://books.google.com/books/content?id=q_lADwAAQBAJ&printsec=frontcover&img=1&zoom=5&edge=curl&source=gbs_api,http://books.google.com/books/content?id=q_lADwAAQBAJ&printsec=frontcover&img=1&zoom=1&edge=curl&source=gbs_api
204,9781328879943,The Handmaid's Tale,Margaret Atwood,2019-09-29,2019-12-31,2019,True,The Handmaid's Tale,['Margaret Atwood'],Houghton Mifflin,2017-04-25,"Now a Hulu Original Series The Handmaid's Tale is a novel of such power that the reader will be unable to forget its images and its forecast. Set in the near future, it describes life in what was once the United States and is now called the Republic of Gilead, a monotheocracy that has reacted to social unrest and a sharply declining birthrate by reverting to, and going beyond, the repressive intolerance of the original Puritans. The regime takes the Book of Genesis absolutely at its word, with bizarre consequences for the women and men in its population. The story is told through the eyes of Offred, one of the unfortunate Handmaids under the new social order. In condensed but eloquent prose, by turns cool-eyed, tender, despairing, passionate, and wry, she reveals to us the dark corners behind the establishment's calm facade, as certain tendencies now in existence are carried to their logical conclusions. The Handmaid's Tale is funny, unexpected, horrifying, and altogether convincing. It is at once scathing satire, dire warning, and a tour de force. It is Margaret Atwood at her best.","[{'type': 'ISBN_10', 'identifier': '1328879941'}, {'type': 'ISBN_13', 'identifier': '9781328879943'}]","{'text': False, 'image': False}",320.0,BOOK,['Fiction'],NOT_MATURE,False,preview-1.0.0,"{'containsEpubBubbles': False, 'containsImageBubbles': False}","{'smallThumbnail': 'http://books.google.com/books/content?id=5OSUnQAACAAJ&printsec=frontcover&img=1&zoom=5&source=gbs_api', 'thumbnail': 'http://books.google.com/books/content?id=5OSUnQAACAAJ&printsec=frontcover&img=1&zoom=1&source=gbs_api'}",en,http://books.google.com/books?id=5OSUnQAACAAJ&dq=isbn:9781328879943&hl=&cd=1&source=gbs_api,http://books.google.com/books?id=5OSUnQAACAAJ&dq=isbn:9781328879943&hl=&source=gbs_api,https://books.google.com/books/about/The_Handmaid_s_Tale.html?hl=&id=5OSUnQAACAAJ,,,,9781328879943,1328879941,,http://books.google.com/books/content?id=5OSUnQAACAAJ&printsec=frontcover&img=1&zoom=5&source=gbs_api,http://books.google.com/books/content?id=5OSUnQAACAAJ&printsec=frontcover&img=1&zoom=1&source=gbs_api
207,9781101947883,Exhalation: Stories,Ted Chiang,2019-10-03,2019-10-16,2019,True,Exhalation,['Ted Chiang'],National Geographic Books,2019-05-07,"NATIONAL BESTSELLER • ONE OF THE NEW YORK TIMES BEST BOOKS OF THE YEAR • Nine stunningly original, provocative, and poignant stories—two published for the very first time—all from the mind of the incomparable author of Stories of Your Life and Others Ted Chiang tackles some of humanity’s oldest questions along with new quandaries only he could imagine. In “The Merchant and the Alchemist’s Gate,” a portal through time forces a fabric seller in ancient Baghdad to grapple with past mistakes and second chances. In “Exhalation,” an alien scientist makes a shocking discovery with ramifications that are literally universal. In “Anxiety Is the Dizziness of Freedom,” the ability to glimpse into alternate universes necessitates a radically new examination of the concepts of choice and free will. Including stories being published for the first time as well as some of his rare and classic uncollected work, Exhalation is Ted Chiang at his best: profound, sympathetic—revelatory.","[{'type': 'ISBN_13', 'identifier': '9781101947883'}, {'type': 'ISBN_10', 'identifier': '1101947888'}]","{'text': True, 'image': False}",368.0,BOOK,['Fiction'],NOT_MATURE,False,preview-1.0.0,"{'containsEpubBubbles': False, 'containsImageBubbles': False}","{'smallThumbnail': 'http://books.google.com/books/content?id=SGOPEAAAQBAJ&printsec=frontcover&img=1&zoom=5&source=gbs_api', 'thumbnail': 'http://books.google.com/books/content?id=SGOPEAAAQBAJ&printsec=frontcover&img=1&zoom=1&source=gbs_api'}",en,http://books.google.com/books?id=SGOPEAAAQBAJ&dq=isbn:9781101947883&hl=&cd=1&source=gbs_api,http://books.google.com/books?id=SGOPEAAAQBAJ&dq=isbn:9781101947883&hl=&source=gbs_api,https://books.google.com/books/about/Exhalation.html?hl=&id=SGOPEAAAQBAJ,Stories,,,9781101947883,1101947888,,http://books.google.com/books/content?id=SGOPEAAAQBAJ&printsec=frontcover&img=1&zoom=5&source=gbs_api,http://books.google.com/books/content?id=SGOPEAAAQBAJ&printsec=frontcover&img=1&zoom=1&source=gbs_api
206,9780465028023,The Happiness Hypothesis: Finding Modern Truth in Ancient Wisdom,Jonathan Haidt,2019-10-17,2019-11-10,2019,True,The Happiness Hypothesis,['Jonathan Haidt'],Basic Books,2006-12-26,"The bestselling author of The Righteous Mind draws on philosophical wisdom and scientific research to show how the meaningful life is closer than you think The Happiness Hypothesis is a book about ten Great Ideas. Each chapter is an attempt to savor one idea that has been discovered by several of the world's civilizations--to question it in light of what we now know from scientific research, and to extract from it the lessons that still apply to our modern lives and illuminate the causes of human flourishing. Award-winning psychologist Jonathan Haidt, the author of The Righteous Mind, shows how a deeper understanding of the world's philosophical wisdom and its enduring maxims--like ""do unto others as you would have others do unto you,"" or ""what doesn't kill you makes you stronger""--can enrich and even transform our lives.","[{'type': 'ISBN_10', 'identifier': '0465028020'}, {'type': 'ISBN_13', 'identifier': '9780465028023'}]","{'text': False, 'image': False}",320.0,BOOK,['Psychology'],NOT_MATURE,False,preview-1.0.0,"{'containsEpubBubbles': False, 'containsImageBubbles': False}","{'smallThumbnail': 'http://books.google.com/books/content?id=cg-ptAEACAAJ&printsec=frontcover&img=1&zoom=5&source=gbs_api', 'thumbnail': 'http://books.google.com/books/content?id=cg-ptAEACAAJ&printsec=frontcover&img=1&zoom=1&source=gbs_api'}",en,http://books.google.com/books?id=cg-ptAEACAAJ&dq=isbn:9780465028023&hl=&cd=1&source=gbs_api,http://books.google.com/books?id=cg-ptAEACAAJ&dq=isbn:9780465028023&hl=&source=gbs_api,https://books.google.com/books/about/The_Happiness_Hypothesis.html?hl=&id=cg-ptAEACAAJ,Finding Modern Truth in Ancient Wisdom,,,9780465028023,0465028020,,http://books.google.com/books/content?id=cg-ptAEACAAJ&printsec=frontcover&img=1&zoom=5&source=gbs_api,http://books.google.com/books/content?id=cg-ptAEACAAJ&printsec=frontcover&img=1&zoom=1&source=gbs_api
184,9780316486644,"Catch and Kill: Lies, Spies, and a Conspiracy to Protect Predators",Ronan Farrow,2019-10-25,2019-11-02,2019,True,Catch and Kill,['Ronan Farrow'],Back Bay Books,2020-06-30,"In this instant New York Times bestselling account of violence and espionage, Pulitzer Prize-winning investigative reporter Ronan Farrow exposes serial abusers and a cabal of powerful interests hell-bent on covering up the truth, at any cost. In 2017, a routine network television investigation led Ronan Farrow to a story only whispered about: one of Hollywood's most powerful producers was a predator, protected by fear, wealth, and a conspiracy of silence. As Farrow drew closer to the truth, shadowy operatives, from high-priced lawyers to elite war-hardened spies, mounted a secret campaign of intimidation, threatening his career, following his every move, and weaponizing an account of abuse in his own family. All the while, Farrow and his producer faced a degree of resistance they could not explain -- until now. And a trail of clues revealed corruption and cover-ups from Hollywood to Washington and beyond. This is the untold story of the exotic tactics of surveillance and intimidation deployed by wealthy and connected men to threaten journalists, evade accountability, and silence victims of abuse. And it's the story of the women who risked everything to expose the truth and spark a global movement. Both a spy thriller and a meticulous work of investigative journalism, Catch and Kill breaks devastating new stories about the rampant abuse of power and sheds far-reaching light on investigations that shook our culture. INDIE BOUND #1 BESTSELLERUSA TODAY BESTSELLERWALL STREET JOURNAL BESTSELLER","[{'type': 'ISBN_10', 'identifier': '0316486647'}, {'type': 'ISBN_13', 'identifier': '9780316486644'}]","{'text': False, 'image': False}",480.0,BOOK,['True Crime'],NOT_MATURE,False,preview-1.0.0,"{'containsEpubBubbles': False, 'containsImageBubbles': False}","{'smallThumbnail': 'http://books.google.com/books/content?id=fFx0ygEACAAJ&printsec=frontcover&img=1&zoom=5&source=gbs_api', 'thumbnail': 'http://books.google.com/books/content?id=fFx0ygEACAAJ&printsec=frontcover&img=1&zoom=1&source=gbs_api'}",en,http://books.google.com/books?id=fFx0ygEACAAJ&dq=isbn:9780316486644&hl=&cd=1&source=gbs_api,http://books.google.com/books?id=fFx0ygEACAAJ&dq=isbn:9780316486644&hl=&source=gbs_api,https://books.google.com/books/about/Catch_and_Kill.html?hl=&id=fFx0ygEACAAJ,"Lies, Spies, and a Conspiracy to Protect Predators",,,9780316486644,0316486647,,http://books.google.com/books/content?id=fFx0ygEACAAJ&printsec=frontcover&img=1&zoom=5&source=gbs_api,http://books.google.com/books/content?id=fFx0ygEACAAJ&printsec=frontcover&img=1&zoom=1&source=gbs_api
205,9780385539302,The Body: A Guide for Occupants,Bill Bryson,2019-11-02,2019-12-30,2019,True,The Body,['Bill Bryson'],National Geographic Books,2019-10-15,"AN INSTANT NEW YORK TIMES BESTSELLER • A BEST BOOK OF THE YEAR BY THE WASHINGTON POST • LONGLISTED FOR THE PEN E.O. WILSON LITERARY SCIENCE WRITING AWARD ""Glorious. . .You will marvel at the brilliance and vast weirdness of your design."" —The Washington Post Bill Bryson, bestselling author of A Short History of Nearly Everything, takes us on a head-to-toe tour of the marvel that is the human body. As addictive as it is comprehensive, this is Bryson at his very best, a must-read owner's manual for everybody. Bill Bryson once again proves himself to be an incomparable companion as he guides us through the human body--how it functions, its remarkable ability to heal itself, and (unfortunately) the ways it can fail. Full of extraordinary facts (your body made a million red blood cells since you started reading this) and irresistible Bryson-esque anecdotes, The Body will lead you to a deeper understanding of the miracle that is life in general and you in particular. As Bill Bryson writes, ""We pass our existence within this wobble of flesh and yet take it almost entirely for granted."" The Body will cure that indifference with generous doses of wondrous, compulsively readable facts and information.","[{'type': 'ISBN_13', 'identifier': '9780385539302'}, {'type': 'ISBN_10', 'identifier': '0385539304'}]","{'text': True, 'image': False}",450.0,BOOK,['Science'],NOT_MATURE,False,preview-1.0.0,"{'containsEpubBubbles': False, 'containsImageBubbles': False}","{'smallThumbnail': 'http://books.google.com/books/content?id=RkGNEAAAQBAJ&printsec=frontcover&img=1&zoom=5&source=gbs_api', 'thumbnail': 'http://books.google.com/books/content?id=RkGNEAAAQBAJ&printsec=frontcover&img=1&zoom=1&source=gbs_api'}",en,http://books.google.com/books?id=RkGNEAAAQBAJ&dq=isbn:9780385539302&hl=&cd=1&source=gbs_api,http://books.google.com/books?id=RkGNEAAAQBAJ&dq=isbn:9780385539302&hl=&source=gbs_api,https://books.google.com/books/about/The_Body.html?hl=&id=RkGNEAAAQBAJ,A Guide for Occupants,,,9780385539302,0385539304,,http://books.google.com/books/content?id=RkGNEAAAQBAJ&printsec=frontcover&img=1&zoom=5&source=gbs_api,http://books.google.com/books/content?id=RkGNEAAAQBAJ&printsec=frontcover&img=1&zoom=1&source=gbs_api
198,9780062906731,Conscious: A Brief Guide to the Fundamental Mystery of the Mind,Annaka Harris,2019-11-03,2019-12-22,2019,True,Conscious,['Annaka Harris'],HarperCollins,2019-06-04,"NEW YORK TIMES BESTSELLER ""If you’ve ever wondered how you have the capacity to wonder, some fascinating insights await you in these pages.” --Adam Grant, New York Times bestselling author of Originals As concise and enlightening as Seven Brief Lessons on Physics and Astrophysics for People in a Hurry, this mind-expanding dive into the mystery of consciousness is an illuminating meditation on the self, free will, and felt experience. What is consciousness? How does it arise? And why does it exist? We take our experience of being in the world for granted. But the very existence of consciousness raises profound questions: Why would any collection of matter in the universe be conscious? How are we able to think about this? And why should we? In this wonderfully accessible book, Annaka Harris guides us through the evolving definitions, philosophies, and scientific findings that probe our limited understanding of consciousness. Where does it reside, and what gives rise to it? Could it be an illusion, or a universal property of all matter? As we try to understand consciousness, we must grapple with how to define it and, in the age of artificial intelligence, who or what might possess it. Conscious offers lively and challenging arguments that alter our ideas about consciousness—allowing us to think freely about it for ourselves, if indeed we can.","[{'type': 'ISBN_13', 'identifier': '9780062906731'}, {'type': 'ISBN_10', 'identifier': '0062906739'}]","{'text': True, 'image': False}",115.0,BOOK,['Psychology'],NOT_MATURE,True,1.6.4.0.preview.2,"{'containsEpubBubbles': False, 'containsImageBubbles': False}","{'smallThumbnail': 'http://books.google.com/books/content?id=n6JrDwAAQBAJ&printsec=frontcover&img=1&zoom=5&edge=curl&source=gbs_api', 'thumbnail': 'http://books.google.com/books/content?id=n6JrDwAAQBAJ&printsec=frontcover&img=1&zoom=1&edge=curl&source=gbs_api'}",en,http://books.google.com/books?id=n6JrDwAAQBAJ&printsec=frontcover&dq=isbn:9780062906731&hl=&cd=1&source=gbs_api,https://play.google.com/store/books/details?id=n6JrDwAAQBAJ&source=gbs_api,https://play.google.com/store/books/details?id=n6JrDwAAQBAJ,A Brief Guide to the Fundamental Mystery of the Mind,3.0,2.0,9780062906731,0062906739,,http://books.google.com/books/content?id=n6JrDwAAQBAJ&printsec=frontcover&img=1&zoom=5&edge=curl&source=gbs_api,http://books.google.com/books/content?id=n6JrDwAAQBAJ&printsec=frontcover&img=1&zoom=1&edge=curl&source=gbs_api
194,9780393293012,Blood at the Root: A Racial Cleansing in America,Patrick Phillips,2019-11-04,2019-11-17,2019,True,Blood at the Root,['Patrick Phillips'],National Geographic Books,2016-10-04,"A gripping tale of racial cleansing in Forsyth County, Georgia, and a harrowing testament to the deep roots of racial violence in America. Forsyth County, Georgia, at the turn of the twentieth century was home to a large African American community that included ministers and teachers, farmers and field hands, tradesmen, servants, and children. Many black residents were poor sharecroppers, but others owned their own farms and the land on which they’d founded the county’s thriving black churches. But then in September of 1912, three young black laborers were accused of raping and murdering a white girl. One man was dragged from a jail cell and lynched on the town square, two teenagers were hung after a one-day trial, and soon bands of white “night riders” launched a coordinated campaign of arson and terror, driving all 1,098 black citizens out of the county. In the wake of the expulsions, whites harvested the crops and took over the livestock of their former neighbors, and quietly laid claim to “abandoned” land. The charred ruins of homes and churches disappeared into the weeds, until the people and places of black Forsyth were forgotten. National Book Award finalist Patrick Phillips tells Forsyth’s tragic story in vivid detail and traces its long history of racial violence all the way back to antebellum Georgia. Recalling his own childhood in the 1970s and ’80s, Phillips sheds light on the communal crimes of his hometown and the violent means by which locals kept Forsyth “all white” well into the 1990s. Blood at the Root is a sweeping American tale that spans the Cherokee removals of the 1830s, the hope and promise of Reconstruction, and the crushing injustice of Forsyth’s racial cleansing. With bold storytelling and lyrical prose, Phillips breaks a century-long silence and uncovers a history of racial terrorism that continues to shape America in the twenty-first century.","[{'type': 'ISBN_13', 'identifier': '9780393293012'}, {'type': 'ISBN_10', 'identifier': '0393293017'}]","{'text': True, 'image': False}",302.0,BOOK,['History'],NOT_MATURE,False,preview-1.0.0,"{'containsEpubBubbles': False, 'containsImageBubbles': False}","{'smallThumbnail': 'http://books.google.com/books/content?id=sVSNEAAAQBAJ&printsec=frontcover&img=1&zoom=5&source=gbs_api', 'thumbnail': 'http://books.google.com/books/content?id=sVSNEAAAQBAJ&printsec=frontcover&img=1&zoom=1&source=gbs_api'}",en,http://books.google.com/books?id=sVSNEAAAQBAJ&dq=isbn:9780393293012&hl=&cd=1&source=gbs_api,http://books.google.com/books?id=sVSNEAAAQBAJ&dq=isbn:9780393293012&hl=&source=gbs_api,https://books.google.com/books/about/Blood_at_the_Root.html?hl=&id=sVSNEAAAQBAJ,A Racial Cleansing in America,,,9780393293012,0393293017,,http://books.google.com/books/content?id=sVSNEAAAQBAJ&printsec=frontcover&img=1&zoom=5&source=gbs_api,http://books.google.com/books/content?id=sVSNEAAAQBAJ&printsec=frontcover&img=1&zoom=1&source=gbs_api
196,9781594632969,How We Got to Now: Six Innovations That Made the Modern World,Steven Johnson,2019-12-08,2019-12-15,2019,True,How We Got to Now,['Steven Johnson'],Penguin,2014-09-30,"From the New York Times–bestselling author of Where Good Ideas Come From and Extra Life, a new look at the power and legacy of great ideas. In this illustrated history, Steven Johnson explores the history of innovation over centuries, tracing facets of modern life (refrigeration, clocks, and eyeglass lenses, to name a few) from their creation by hobbyists, amateurs, and entrepreneurs to their unintended historical consequences. Filled with surprising stories of accidental genius and brilliant mistakes—from the French publisher who invented the phonograph before Edison but forgot to include playback, to the Hollywood movie star who helped invent the technology behind Wi-Fi and Bluetooth—How We Got to Now investigates the secret history behind the everyday objects of contemporary life. In his trademark style, Johnson examines unexpected connections between seemingly unrelated fields: how the invention of air-conditioning enabled the largest migration of human beings in the history of the species—to cities such as Dubai or Phoenix, which would otherwise be virtually uninhabitable; how pendulum clocks helped trigger the industrial revolution; and how clean water made it possible to manufacture computer chips. Accompanied by a major six-part television series on PBS, How We Got to Now is the story of collaborative networks building the modern world, written in the provocative, informative, and engaging style that has earned Johnson fans around the globe.","[{'type': 'ISBN_13', 'identifier': '9781594632969'}, {'type': 'ISBN_10', 'identifier': '1594632960'}]","{'text': False, 'image': False}",306.0,BOOK,['Technology & Engineering'],NOT_MATURE,False,0.3.0.0.preview.0,"{'containsEpubBubbles': False, 'containsImageBubbles': False}","{'smallThumbnail': 'http://books.google.com/books/content?id=Fr6JDQAAQBAJ&printsec=frontcover&img=1&zoom=5&edge=curl&source=gbs_api', 'thumbnail': 'http://books.google.com/books/content?id=Fr6JDQAAQBAJ&printsec=frontcover&img=1&zoom=1&edge=curl&source=gbs_api'}",en,http://books.google.com/books?id=Fr6JDQAAQBAJ&printsec=frontcover&dq=isbn:9781594632969&hl=&cd=1&source=gbs_api,http://books.google.com/books?id=Fr6JDQAAQBAJ&dq=isbn:9781594632969&hl=&source=gbs_api,https://books.google.com/books/about/How_We_Got_to_Now.html?hl=&id=Fr6JDQAAQBAJ,Six Innovations That Made the Modern World,,,9781594632969,1594632960,,http://books.google.com/books/content?id=Fr6JDQAAQBAJ&printsec=frontcover&img=1&zoom=5&edge=curl&source=gbs_api,http://books.google.com/books/content?id=Fr6JDQAAQBAJ&printsec=frontcover&img=1&zoom=1&edge=curl&source=gbs_api
197,9781594489259,"The Ghost Map: The Story of London's Most Terrifying Epidemic—and How It Changed Science, Cities, and the Modern World",Steven Johnson,2019-12-16,2019-12-21,2019,True,The Ghost Map,['Steven Johnson'],Penguin,2006,"""It is the summer of 1854. Cholera has seized London with unprecedented intensity. A metropolis of more than 2 million people, London is just emerging as one of the first modern cities in the world. But lacking the infrastructure necessary to support its dense population - garbage removal, clean water, sewers - the city has become the perfect breeding ground for a terrifying disease that no one knows how to cure."" ""As their neighbors begin dying, two men are spurred to action: the Reverend Henry Whitehead, whose faith in a benevolent God is shaken by the seemingly random nature of the victims, and Dr. John Snow, whose ideas about contagion have been dismissed by the scientific community, but who is convinced that he knows how the disease is being transmitted. The Ghost Map chronicles the outbreak's spread and the desperate efforts to put an end to the epidemic - and solve the most pressing medical riddle of the age.""--BOOK JACKET.","[{'type': 'ISBN_10', 'identifier': '1594489254'}, {'type': 'ISBN_13', 'identifier': '9781594489259'}]","{'text': False, 'image': False}",332.0,BOOK,['Biography & Autobiography'],NOT_MATURE,False,0.4.4.0.preview.0,"{'containsEpubBubbles': False, 'containsImageBubbles': False}","{'smallThumbnail': 'http://books.google.com/books/content?id=cWtglGzhPPEC&printsec=frontcover&img=1&zoom=5&edge=curl&source=gbs_api', 'thumbnail': 'http://books.google.com/books/content?id=cWtglGzhPPEC&printsec=frontcover&img=1&zoom=1&edge=curl&source=gbs_api'}",en,http://books.google.com/books?id=cWtglGzhPPEC&printsec=frontcover&dq=isbn:9781594489259&hl=&cd=1&source=gbs_api,http://books.google.com/books?id=cWtglGzhPPEC&dq=isbn:9781594489259&hl=&source=gbs_api,https://books.google.com/books/about/The_Ghost_Map.html?hl=&id=cWtglGzhPPEC,"The Story of London's Most Terrifying Epidemic--and how it Changed Science, Cities, and the Modern World",3.5,11.0,9781594489259,1594489254,,http://books.google.com/books/content?id=cWtglGzhPPEC&printsec=frontcover&img=1&zoom=5&edge=curl&source=gbs_api,http://books.google.com/books/content?id=cWtglGzhPPEC&printsec=frontcover&img=1&zoom=1&edge=curl&source=gbs_api
1,9780385521314,Say Nothing: A True Story of Murder and Memory in Northern Ireland,Patrick Radden Keefe,2020-01-01,2020-01-15,2020,True,Say Nothing,['Patrick Radden Keefe'],Doubleday Books,2019,"One of the New York Times 10 Best Books of the Year BEST NONFICTION BOOK OF THE YEAR - TIME MAGAZINE ONE OF THE BEST 10 BOOKS OF THE YEAR - WASHINGTON POST NEW YORK TIMES BESTSELLER WINNER OF THE ORWELL PRIZE LONGLISTED FOR THE NATIONAL BOOK AWARD ""Masked intruders dragged Jean McConville, a 38-year-old widow and mother of 10, from her Belfast home in 1972. In this meticulously reported book -- as finely paced as a novel -- Keefe uses McConville's murder as a prism to tell the history of the Troubles in Northern Ireland. Interviewing people on both sides of the conflict, he transforms the tragic damage and waste of the era into a searing, utterly gripping saga."" - New York Times Book Review, Ten Best Books of the Year From award-winning New Yorker staff writer Patrick Radden Keefe, a stunning, intricate narrative about a notorious killing in Northern Ireland and its devastating repercussions In December 1972, Jean McConville, a thirty-eight-year-old mother of ten, was dragged from her Belfast home by masked intruders, her children clinging to her legs. They never saw her again. Her abduction was one of the most notorious episodes of the vicious conflict known as The Troubles. Everyone in the neighborhood knew the I.R.A. was responsible. But in a climate of fear and paranoia, no one would speak of it. In 2003, five years after an accord brought an uneasy peace to Northern Ireland, a set of human bones was discovered on a beach. McConville's children knew it was their mother when they were told a blue safety pin was attached to the dress--with so many kids, she had always kept it handy for diapers or ripped clothes. Patrick Radden Keefe's mesmerizing book on the bitter conflict in Northern Ireland and its aftermath uses the McConville case as a starting point for the tale of a society wracked by a violent guerrilla war, a war whose consequences have never been reckoned with. The brutal violence seared not only people like the McConville children, but also I.R.A. members embittered by a peace that fell far short of the goal of a united Ireland, and left them wondering whether the killings they committed were not justified acts of war, but simple murders. From radical and impetuous I.R.A. terrorists such as Dolours Price, who, when she was barely out of her teens, was already planting bombs in London and targeting informers for execution, to the ferocious I.R.A. mastermind known as The Dark, to the spy games and dirty schemes of the British Army, to Gerry Adams, who negotiated the peace but betrayed his hardcore comrades by denying his I.R.A. past--Say Nothing conjures a world of passion, betrayal, vengeance, and anguish.","[{'type': 'ISBN_10', 'identifier': '0385521316'}, {'type': 'ISBN_13', 'identifier': '9780385521314'}]","{'text': False, 'image': False}",464.0,BOOK,['HISTORY'],NOT_MATURE,False,preview-1.0.0,"{'containsEpubBubbles': False, 'containsImageBubbles': False}","{'smallThumbnail': 'http://books.google.com/books/content?id=By4vtwEACAAJ&printsec=frontcover&img=1&zoom=5&source=gbs_api', 'thumbnail': 'http://books.google.com/books/content?id=By4vtwEACAAJ&printsec=frontcover&img=1&zoom=1&source=gbs_api'}",en,http://books.google.com/books?id=By4vtwEACAAJ&dq=isbn:9780385521314&hl=&cd=1&source=gbs_api,http://books.google.com/books?id=By4vtwEACAAJ&dq=isbn:9780385521314&hl=&source=gbs_api,https://books.google.com/books/about/Say_Nothing.html?hl=&id=By4vtwEACAAJ,A True Story of Murder and Memory in Northern Ireland,,,9780385521314,0385521316,,http://books.google.com/books/content?id=By4vtwEACAAJ&printsec=frontcover&img=1&zoom=5&source=gbs_api,http://books.google.com/books/content?id=By4vtwEACAAJ&printsec=frontcover&img=1&zoom=1&source=gbs_api
186,9781101874936,Lab Girl,Hope Jahren,2020-01-19,2020-01-26,2020,True,Lab Girl,['Hope Jahren'],Knopf Publishing Group,2016-04-05,"An illuminating debut memoir of a woman in science; a moving portrait of a longtime collaboration, in work and in life; and a stunningly fresh look at plants that will forever change how you see and think about the natural world Acclaimed scientist Hope Jahren has built three laboratories in which she's studied trees, flowers, seeds, and soil. Her first book might have been a revelatory treatise on plant life. Lab Girl is that, but it is also so much more. Because in it, Jahren also shares with us her inspiring life story, in prose that takes your breath away. Lab Girl is a book about work, about love, and about the mountains that can be moved when those two things come together. It is told through Jahren's remarkable stories: about the things she's discovered in her lab, as well as how she got there; about her childhood--hours of unfettered play in her father's laboratory; about how she found a sanctuary in science, and learned to perform lab work ""with both the heart and the hands""; about a brilliant and wounded man named Bill, who became her loyal colleague and best friend; about their adventurous, sometimes rogue research trips, which take them from the Midwest all across the United States and over the Atlantic, from the ever-light skies of the North Pole to tropical Hawaii; and about her constant striving to do and be the best she could, never allowing personal or professional obstacles to cloud her dedication to her work. Jahren's probing look at plants, her astonishing tenacity of spirit, and her insights on nature enliven every page of this book. Lab Girl allows us to see with clear eyes the beautiful, sophisticated mechanisms within every leaf, blade of grass, and flower petal, and also the power within ourselves to face--with bravery and conviction--life's ultimate challenge: discovering who you are.","[{'type': 'ISBN_10', 'identifier': '1101874937'}, {'type': 'ISBN_13', 'identifier': '9781101874936'}]","{'text': False, 'image': False}",304.0,BOOK,,NOT_MATURE,False,preview-1.0.0,,"{'smallThumbnail': 'http://books.google.com/books/content?id=4lHqsgEACAAJ&printsec=frontcover&img=1&zoom=5&source=gbs_api', 'thumbnail': 'http://books.google.com/books/content?id=4lHqsgEACAAJ&printsec=frontcover&img=1&zoom=1&source=gbs_api'}",en,http://books.google.com/books?id=4lHqsgEACAAJ&dq=isbn:9781101874936&hl=&cd=1&source=gbs_api,http://books.google.com/books?id=4lHqsgEACAAJ&dq=isbn:9781101874936&hl=&source=gbs_api,https://books.google.com/books/about/Lab_Girl.html?hl=&id=4lHqsgEACAAJ,,,,9781101874936,1101874937,,http://books.google.com/books/content?id=4lHqsgEACAAJ&printsec=frontcover&img=1&zoom=5&source=gbs_api,http://books.google.com/books/content?id=4lHqsgEACAAJ&printsec=frontcover&img=1&zoom=1&source=gbs_api
185,9781631492372,"He Calls Me By Lightning: The Life of Caliph Washington and the Forgotten Saga of Jim Crow, Southern Justice, and the Death Penalty",S. Jonathan Bass,2020-01-28,2020-02-02,2020,True,He Calls Me By Lightning,['S. Jonathan Bass'],National Geographic Books,2017-05-02,"A heroic reconstruction of the forgotten life of a wrongfully convicted man whose story becomes an historic portrait of racial injustice in the civil rights era. Caliph Washington didn’t pull the trigger but, as Officer James ""Cowboy"" Clark lay dying, he had no choice but to turn on his heel and run. The year was 1957; Cowboy Clark was white, Caliph Washington was black, and this was the Jim Crow South. As He Calls Me by Lightning painstakingly chronicles, Washington, then a seventeen-year-old simply returning home after a double date, was swiftly arrested, put on trial, and sentenced to death by an all-white jury. The young man endured the horrors of a hellish prison system for thirteen years, a term that included various stints on death row fearing the ""lightning"" of the electric chair. Twentieth-century legal history is tragically littered with thousands of stories of such judicial cruelty, but S. Jonathan Bass’s account is remarkable in that he has been able to meticulously re-create Washington’s saga, animating a life that was not supposed to matter. Given the familiar paradigm of an African American man being falsely accused of killing a white policeman, it would be all too easy to apply a reductionist view to the story. What makes He Calls Me by Lightning so unusual are a spate of unknown variables—most prominently the fact that Governor George Wallace, nationally infamous for his active advocacy of segregation, did, in fact, save this death row inmate’s life. As we discover, Wallace stayed Washington’s execution not once but more than a dozen times, reflecting a philosophy about the death penalty that has not been perpetuated by his successors. Other details make Washington’s story significant to legal history, not the least of which is that the defendant endured three separate trials and then was held in a county jail for five more years before being convicted of second-degree murder in 1970; this decision was overturned as well, although the charges were never dismissed. Bass’s account is also particularly noteworthy for his evocation of Washington’s native Bessemer, a gritty, industrial city lying only thirteen miles to the east of Birmingham, Alabama, whose singularly fascinating story is frequently overlooked by historians. By rescuing Washington’s unknown life trajectory—along with the stories of his intrepid lawyers, David Hood Jr. and Orzell Billingsley, and Christine Luna, an Italian-American teacher and activist who would become Washington’s bride upon his release—Bass brings to multidimensional life many different strands of the civil rights movement. Devastating and essential, He Calls Me by Lightning demands that we take into account the thousands of lives cast away by systemic racism, and powerfully demonstrates just how much we still do not know.","[{'type': 'ISBN_13', 'identifier': '9781631492372'}, {'type': 'ISBN_10', 'identifier': '1631492373'}]","{'text': True, 'image': False}",413.0,BOOK,['History'],NOT_MATURE,False,preview-1.0.0,"{'containsEpubBubbles': False, 'containsImageBubbles': False}","{'smallThumbnail': 'http://books.google.com/books/content?id=34aQEAAAQBAJ&printsec=frontcover&img=1&zoom=5&source=gbs_api', 'thumbnail': 'http://books.google.com/books/content?id=34aQEAAAQBAJ&printsec=frontcover&img=1&zoom=1&source=gbs_api'}",en,http://books.google.com/books?id=34aQEAAAQBAJ&dq=isbn:9781631492372&hl=&cd=1&source=gbs_api,http://books.google.com/books?id=34aQEAAAQBAJ&dq=isbn:9781631492372&hl=&source=gbs_api,https://books.google.com/books/about/He_Calls_Me_By_Lightning.html?hl=&id=34aQEAAAQBAJ,"The Life of Caliph Washington and the forgotten Saga of Jim Crow, Southern Justi ce, and the Death Penalty",,,9781631492372,1631492373,,http://books.google.com/books/content?id=34aQEAAAQBAJ&printsec=frontcover&img=1&zoom=5&source=gbs_api,http://books.google.com/books/content?id=34aQEAAAQBAJ&printsec=frontcover&img=1&zoom=1&source=gbs_api
181,9781400067107,The Life You Can Save: Acting Now to End World Poverty,Peter Singer,2020-02-02,2020-03-03,2020,True,The Life You Can Save,['Peter Singer'],Random House Incorporated,2009,Argues that for the first time in history the possibility of eradicating world poverty is within reach and offers a plan that combines personal philanthropy with activism and political awareness to increase the commitment to helping the world's poorest people.,"[{'type': 'ISBN_10', 'identifier': '1400067103'}, {'type': 'ISBN_13', 'identifier': '9781400067107'}]","{'text': False, 'image': False}",206.0,BOOK,['Philosophy'],NOT_MATURE,False,preview-1.0.0,"{'containsEpubBubbles': False, 'containsImageBubbles': False}","{'smallThumbnail': 'http://books.google.com/books/content?id=ZyTuwAEACAAJ&printsec=frontcover&img=1&zoom=5&source=gbs_api', 'thumbnail': 'http://books.google.com/books/content?id=ZyTuwAEACAAJ&printsec=frontcover&img=1&zoom=1&source=gbs_api'}",en,http://books.google.com/books?id=ZyTuwAEACAAJ&dq=isbn:9781400067107&hl=&cd=1&source=gbs_api,http://books.google.com/books?id=ZyTuwAEACAAJ&dq=isbn:9781400067107&hl=&source=gbs_api,https://books.google.com/books/about/The_Life_You_Can_Save.html?hl=&id=ZyTuwAEACAAJ,Acting Now to End World Poverty,,,9781400067107,1400067103,,http://books.google.com/books/content?id=ZyTuwAEACAAJ&printsec=frontcover&img=1&zoom=5&source=gbs_api,http://books.google.com/books/content?id=ZyTuwAEACAAJ&printsec=frontcover&img=1&zoom=1&source=gbs_api
182,9780385542364,The Underground Railroad,Colson Whitehead,2020-02-15,2020-02-22,2020,True,The Underground Railroad (Pulitzer Prize Winner) (National Book Award Winner) (Oprah's Book Club),['Colson Whitehead'],National Geographic Books,2016-08-02,"Winner of the Pulitzer Prize and the National Book Award, the #1 New York Times bestseller from Colson Whitehead, a magnificent tour de force chronicling a young slave's adventures as she makes a desperate bid for freedom in the antebellum South. Now an original Amazon Prime Video series directed by Barry Jenkins. Cora is a slave on a cotton plantation in Georgia. Life is hell for all the slaves, but especially bad for Cora; an outcast even among her fellow Africans, she is coming into womanhood—where even greater pain awaits. When Caesar, a recent arrival from Virginia, tells her about the Underground Railroad, they decide to take a terrifying risk and escape. Matters do not go as planned—Cora kills a young white boy who tries to capture her. Though they manage to find a station and head north, they are being hunted. In Whitehead’s ingenious conception, the Underground Railroad is no mere metaphor—engineers and conductors operate a secret network of tracks and tunnels beneath the Southern soil. Cora and Caesar’s first stop is South Carolina, in a city that initially seems like a haven. But the city’s placid surface masks an insidious scheme designed for its black denizens. And even worse: Ridgeway, the relentless slave catcher, is close on their heels. Forced to flee again, Cora embarks on a harrowing flight, state by state, seeking true freedom. Like the protagonist of Gulliver’s Travels, Cora encounters different worlds at each stage of her journey—hers is an odyssey through time as well as space. As Whitehead brilliantly re-creates the unique terrors for black people in the pre–Civil War era, his narrative seamlessly weaves the saga of America from the brutal importation of Africans to the unfulfilled promises of the present day. The Underground Railroad is at once a kinetic adventure tale of one woman’s ferocious will to escape the horrors of bondage and a shattering, powerful meditation on the history we all share. Look for Colson Whitehead’s best-selling new novel, Harlem Shuffle!","[{'type': 'ISBN_13', 'identifier': '9780385542364'}, {'type': 'ISBN_10', 'identifier': '0385542364'}]","{'text': True, 'image': False}",306.0,BOOK,['Fiction'],NOT_MATURE,False,preview-1.0.0,"{'containsEpubBubbles': False, 'containsImageBubbles': False}","{'smallThumbnail': 'http://books.google.com/books/content?id=ZEGNEAAAQBAJ&printsec=frontcover&img=1&zoom=5&source=gbs_api', 'thumbnail': 'http://books.google.com/books/content?id=ZEGNEAAAQBAJ&printsec=frontcover&img=1&zoom=1&source=gbs_api'}",en,http://books.google.com/books?id=ZEGNEAAAQBAJ&dq=isbn:9780385542364&hl=&cd=1&source=gbs_api,http://books.google.com/books?id=ZEGNEAAAQBAJ&dq=isbn:9780385542364&hl=&source=gbs_api,https://books.google.com/books/about/The_Underground_Railroad_Pulitzer_Prize.html?hl=&id=ZEGNEAAAQBAJ,A Novel,,,9780385542364,0385542364,,http://books.google.com/books/content?id=ZEGNEAAAQBAJ&printsec=frontcover&img=1&zoom=5&source=gbs_api,http://books.google.com/books/content?id=ZEGNEAAAQBAJ&printsec=frontcover&img=1&zoom=1&source=gbs_api
172,9781101985663,Good Reasons for Bad Feelings: Insights from the Frontier of Evolutionary Psychiatry,Randolph M. Nesse,2020-02-23,2020-11-22,2020,True,Good Reasons for Bad Feelings,"['Randolph M. Nesse, MD']",Penguin,2019-02-12,"A founder of the field of evolutionary medicine uses his decades of experience as a psychiatrist to provide a much-needed new framework for making sense of mental illness. Why do I feel bad? There is real power in understanding our bad feelings. With his classic Why We Get Sick, Dr. Randolph Nesse helped to establish the field of evolutionary medicine. Now he returns with a book that transforms our understanding of mental disorders by exploring a fundamentally new question. Instead of asking why certain people suffer from mental illness, Nesse asks why natural selection has left us all with fragile minds. Drawing on revealing stories from his own clinical practice and insights from evolutionary biology, Nesse shows how negative emotions are useful in certain situations, yet can become overwhelming. Anxiety protects us from harm in the face of danger, but false alarms are inevitable. Low moods prevent us from wasting effort in pursuit of unreachable goals, but they often escalate into pathological depression. Other mental disorders, such as addiction and anorexia, result from the mismatch between modern environment and our ancient human past. And there are good evolutionary reasons for sexual disorders and for why genes for schizophrenia persist. Taken together, these and many more insights help to explain the pervasiveness of human suffering, and show us new paths for relieving it by understanding individuals as individuals.","[{'type': 'ISBN_13', 'identifier': '9781101985663'}, {'type': 'ISBN_10', 'identifier': '1101985666'}]","{'text': False, 'image': False}",386.0,BOOK,['Medical'],NOT_MATURE,False,0.3.0.0.preview.0,"{'containsEpubBubbles': False, 'containsImageBubbles': False}","{'smallThumbnail': 'http://books.google.com/books/content?id=frmHDwAAQBAJ&printsec=frontcover&img=1&zoom=5&edge=curl&source=gbs_api', 'thumbnail': 'http://books.google.com/books/content?id=frmHDwAAQBAJ&printsec=frontcover&img=1&zoom=1&edge=curl&source=gbs_api'}",en,http://books.google.com/books?id=frmHDwAAQBAJ&printsec=frontcover&dq=isbn:9781101985663&hl=&cd=1&source=gbs_api,http://books.google.com/books?id=frmHDwAAQBAJ&dq=isbn:9781101985663&hl=&source=gbs_api,https://books.google.com/books/about/Good_Reasons_for_Bad_Feelings.html?hl=&id=frmHDwAAQBAJ,Insights from the Frontier of Evolutionary Psychiatry,,,9781101985663,1101985666,,http://books.google.com/books/content?id=frmHDwAAQBAJ&printsec=frontcover&img=1&zoom=5&edge=curl&source=gbs_api,http://books.google.com/books/content?id=frmHDwAAQBAJ&printsec=frontcover&img=1&zoom=1&edge=curl&source=gbs_api
180,9780375724831,Motherless Brooklyn,Jonathan Lethem,2020-03-05,2020-03-13,2020,True,Motherless Brooklyn,['Jonathan Lethem'],Vintage,2000-10-24,"When Lionel's friend is killed, he is forced to delve into the complex, shadowy web of relationships, threats, and favors that make up the Brooklyn world he thought he knew so well.","[{'type': 'OTHER', 'identifier': 'IND:39000005559492'}]","{'text': False, 'image': False}",344.0,BOOK,['Fiction'],NOT_MATURE,False,0.4.2.0.preview.0,"{'containsEpubBubbles': False, 'containsImageBubbles': False}","{'smallThumbnail': 'http://books.google.com/books/content?id=MBHzAAAAMAAJ&printsec=frontcover&img=1&zoom=5&source=gbs_api', 'thumbnail': 'http://books.google.com/books/content?id=MBHzAAAAMAAJ&printsec=frontcover&img=1&zoom=1&source=gbs_api'}",en,http://books.google.com/books?id=MBHzAAAAMAAJ&dq=isbn:9780375724831&hl=&cd=1&source=gbs_api,http://books.google.com/books?id=MBHzAAAAMAAJ&dq=isbn:9780375724831&hl=&source=gbs_api,https://books.google.com/books/about/Motherless_Brooklyn.html?hl=&id=MBHzAAAAMAAJ,A Novel,,,,,IND:39000005559492,http://books.google.com/books/content?id=MBHzAAAAMAAJ&printsec=frontcover&img=1&zoom=5&source=gbs_api,http://books.google.com/books/content?id=MBHzAAAAMAAJ&printsec=frontcover&img=1&zoom=1&source=gbs_api
169,9780691092607,White Flight: Atlanta and the Making of Modern Conservatism,Kevin M. Kruse,2020-03-16,2020-12-21,2020,True,White Flight,['Kevin Michael Kruse'],Princeton University Press,2005,"The forgotten story of how southern white supremacy and resistance to desegregation helped give birth to the modern conservative movement During the civil rights era, Atlanta thought of itself as ""The City Too Busy to Hate,"" a rare place in the South where the races lived and thrived together. Over the course of the 1960s and 1970s, however, so many whites fled the city for the suburbs that Atlanta earned a new nickname: ""The City Too Busy Moving to Hate."" In this reappraisal of racial politics in modern America, Kevin Kruse explains the causes and consequences of ""white flight"" in Atlanta and elsewhere. Seeking to understand segregationists on their own terms, White Flight moves past simple stereotypes to explore the meaning of white resistance. In the end, Kruse finds that segregationist resistance, which failed to stop the civil rights movement, nevertheless managed to preserve the world of segregation and even perfect it in subtler and stronger forms. Challenging the conventional wisdom that white flight meant nothing more than a literal movement of whites to the suburbs, this book argues that it represented a more important transformation in the political ideology of those involved. In a provocative revision of postwar American history, Kruse demonstrates that traditional elements of modern conservatism, such as hostility to the federal government and faith in free enterprise, underwent important transformations during the postwar struggle over segregation. Likewise, white resistance gave birth to several new conservative causes, like the tax revolt, tuition vouchers, and privatization of public services. Tracing the journey of southern conservatives from white supremacy to white suburbia, Kruse locates the origins of modern American politics.","[{'type': 'ISBN_10', 'identifier': '0691092605'}, {'type': 'ISBN_13', 'identifier': '9780691092607'}]","{'text': True, 'image': True}",358.0,BOOK,['History'],NOT_MATURE,False,1.6.9.0.preview.3,"{'containsEpubBubbles': False, 'containsImageBubbles': False}","{'smallThumbnail': 'http://books.google.com/books/content?id=c5763Zgu4_oC&printsec=frontcover&img=1&zoom=5&edge=curl&source=gbs_api', 'thumbnail': 'http://books.google.com/books/content?id=c5763Zgu4_oC&printsec=frontcover&img=1&zoom=1&edge=curl&source=gbs_api'}",en,http://books.google.com/books?id=c5763Zgu4_oC&printsec=frontcover&dq=isbn:9780691092607&hl=&cd=1&source=gbs_api,http://books.google.com/books?id=c5763Zgu4_oC&dq=isbn:9780691092607&hl=&source=gbs_api,https://books.google.com/books/about/White_Flight.html?hl=&id=c5763Zgu4_oC,Atlanta and the Making of Modern Conservatism,5.0,2.0,9780691092607,0691092605,,http://books.google.com/books/content?id=c5763Zgu4_oC&printsec=frontcover&img=1&zoom=5&edge=curl&source=gbs_api,http://books.google.com/books/content?id=c5763Zgu4_oC&printsec=frontcover&img=1&zoom=1&edge=curl&source=gbs_api
158,9780606352314,The Ocean at the End of the Lane,Neil Gaiman,2020-03-28,2020-04-21,2020,True,The Ocean at the End of the Lane,['Neil Gaiman'],Turtleback Books,2014,"For use in schools and libraries only. A brilliantly imaginative and poignant fairy tale from the modern master of wonder and terror, The Ocean at the End of the Lane is Neil Gaiman's first new novel for adults since his #1 New York Times bestseller Anansi Boys. This bewitching and harrowing tale of mystery and survival, and memory and magic, makes the impossible all too real.","[{'type': 'ISBN_10', 'identifier': '0606352317'}, {'type': 'ISBN_13', 'identifier': '9780606352314'}]","{'text': False, 'image': False}",208.0,BOOK,,NOT_MATURE,False,preview-1.0.0,"{'containsEpubBubbles': False, 'containsImageBubbles': False}","{'smallThumbnail': 'http://books.google.com/books/content?id=KEB-ngEACAAJ&printsec=frontcover&img=1&zoom=5&source=gbs_api', 'thumbnail': 'http://books.google.com/books/content?id=KEB-ngEACAAJ&printsec=frontcover&img=1&zoom=1&source=gbs_api'}",en,http://books.google.com/books?id=KEB-ngEACAAJ&dq=isbn:9780606352314&hl=&cd=1&source=gbs_api,http://books.google.com/books?id=KEB-ngEACAAJ&dq=isbn:9780606352314&hl=&source=gbs_api,https://books.google.com/books/about/The_Ocean_at_the_End_of_the_Lane.html?hl=&id=KEB-ngEACAAJ,,,,9780606352314,0606352317,,http://books.google.com/books/content?id=KEB-ngEACAAJ&printsec=frontcover&img=1&zoom=5&source=gbs_api,http://books.google.com/books/content?id=KEB-ngEACAAJ&printsec=frontcover&img=1&zoom=1&source=gbs_api
179,9781573225519,High Fidelity,Nick Hornby,2020-04-21,2020-04-21,2020,True,High Fidelity,['Nick Hornby'],Penguin,1996-08-01,"From the bestselling author of About a Boy, A Long Way Down and Dickens and Prince, a wise and hilarious novel about love, heartbreak, and rock and roll. “I've always loved Nick Hornby, and the way he writes characters and the way he thinks. It's funny and heartbreaking all at the same time.”—Zoë Kravitz Rob is a pop music junkie who runs his own semi-failing record store. His girlfriend, Laura, has just left him for the guy upstairs, and Rob is both miserable and relieved. After all, could he have spent his life with someone who has a bad record collection? Rob seeks refuge in the company of the offbeat clerks at his store, who endlessly review their top five films; top five Elvis Costello songs; top five episodes of Cheers. Rob tries dating a singer, but maybe it’s just that he’s always wanted to sleep with someone who has a record contract. Then he sees Laura again. And Rob begins to think that life with kids, marriage, barbecues, and soft rock CDs might not be so bad.","[{'type': 'ISBN_10', 'identifier': '1573225517'}, {'type': 'ISBN_13', 'identifier': '9781573225519'}]","{'text': False, 'image': False}",340.0,BOOK,['Fiction'],NOT_MATURE,False,0.4.5.0.preview.0,"{'containsEpubBubbles': False, 'containsImageBubbles': False}","{'smallThumbnail': 'http://books.google.com/books/content?id=yXbkAF7w4twC&printsec=frontcover&img=1&zoom=5&edge=curl&source=gbs_api', 'thumbnail': 'http://books.google.com/books/content?id=yXbkAF7w4twC&printsec=frontcover&img=1&zoom=1&edge=curl&source=gbs_api'}",en,http://books.google.com/books?id=yXbkAF7w4twC&printsec=frontcover&dq=isbn:9781573225519&hl=&cd=1&source=gbs_api,http://books.google.com/books?id=yXbkAF7w4twC&dq=isbn:9781573225519&hl=&source=gbs_api,https://books.google.com/books/about/High_Fidelity.html?hl=&id=yXbkAF7w4twC,,4.0,29.0,9781573225519,1573225517,,http://books.google.com/books/content?id=yXbkAF7w4twC&printsec=frontcover&img=1&zoom=5&edge=curl&source=gbs_api,http://books.google.com/books/content?id=yXbkAF7w4twC&printsec=frontcover&img=1&zoom=1&edge=curl&source=gbs_api
177,9780385348713,"The Splendid and the Vile: A Saga of Churchill, Family, and Defiance During the Blitz",Erik Larson,2020-04-21,2020-06-13,2020,True,The Splendid and the Vile,['Erik Larson'],Crown,2020-02-25,"#1 NEW YORK TIMES BESTSELLER • The author of The Devil in the White City and Dead Wake delivers an intimate chronicle of Winston Churchill and London during the Blitz—an inspiring portrait of courage and leadership in a time of unprecedented crisis “One of [Erik Larson’s] best books yet . . . perfectly timed for the moment.”—Time • “A bravura performance by one of America’s greatest storytellers.”—NPR NAMED ONE OF THE BEST BOOKS OF THE YEAR BY The New York Times Book Review • Time • Vogue • NPR • The Washington Post • Chicago Tribune • The Globe & Mail • Fortune • Bloomberg • New York Post • The New York Public Library • Kirkus Reviews • LibraryReads • PopMatters On Winston Churchill’s first day as prime minister, Adolf Hitler invaded Holland and Belgium. Poland and Czechoslovakia had already fallen, and the Dunkirk evacuation was just two weeks away. For the next twelve months, Hitler would wage a relentless bombing campaign, killing 45,000 Britons. It was up to Churchill to hold his country together and persuade President Franklin Roosevelt that Britain was a worthy ally—and willing to fight to the end. In The Splendid and the Vile, Erik Larson shows, in cinematic detail, how Churchill taught the British people “the art of being fearless.” It is a story of political brinkmanship, but it’s also an intimate domestic drama, set against the backdrop of Churchill’s prime-ministerial country home, Chequers; his wartime retreat, Ditchley, where he and his entourage go when the moon is brightest and the bombing threat is highest; and of course 10 Downing Street in London. Drawing on diaries, original archival documents, and once-secret intelligence reports—some released only recently—Larson provides a new lens on London’s darkest year through the day-to-day experience of Churchill and his family: his wife, Clementine; their youngest daughter, Mary, who chafes against her parents’ wartime protectiveness; their son, Randolph, and his beautiful, unhappy wife, Pamela; Pamela’s illicit lover, a dashing American emissary; and the advisers in Churchill’s “Secret Circle,” to whom he turns in the hardest moments. The Splendid and the Vile takes readers out of today’s political dysfunction and back to a time of true leadership, when, in the face of unrelenting horror, Churchill’s eloquence, courage, and perseverance bound a country, and a family, together.","[{'type': 'ISBN_13', 'identifier': '9780385348713'}, {'type': 'ISBN_10', 'identifier': '0385348711'}]","{'text': False, 'image': False}",609.0,BOOK,['History'],NOT_MATURE,False,0.5.0.0.preview.0,"{'containsEpubBubbles': False, 'containsImageBubbles': False}","{'smallThumbnail': 'http://books.google.com/books/content?id=v9LMDwAAQBAJ&printsec=frontcover&img=1&zoom=5&edge=curl&source=gbs_api', 'thumbnail': 'http://books.google.com/books/content?id=v9LMDwAAQBAJ&printsec=frontcover&img=1&zoom=1&edge=curl&source=gbs_api'}",en,http://books.google.com/books?id=v9LMDwAAQBAJ&printsec=frontcover&dq=isbn:9780385348713&hl=&cd=1&source=gbs_api,http://books.google.com/books?id=v9LMDwAAQBAJ&dq=isbn:9780385348713&hl=&source=gbs_api,https://books.google.com/books/about/The_Splendid_and_the_Vile.html?hl=&id=v9LMDwAAQBAJ,"A Saga of Churchill, Family, and Defiance During the Blitz",,,9780385348713,0385348711,,http://books.google.com/books/content?id=v9LMDwAAQBAJ&printsec=frontcover&img=1&zoom=5&edge=curl&source=gbs_api,http://books.google.com/books/content?id=v9LMDwAAQBAJ&printsec=frontcover&img=1&zoom=1&edge=curl&source=gbs_api
159,9780698172524,So You've Been Publicly Shamed,Jon Ronson,2020-04-30,2020-05-08,2020,True,So You've Been Publicly Shamed,['Jon Ronson'],Penguin,2015-03-31,"Now a New York Times bestseller and from the author of The Psychopath Test, a captivating and brilliant exploration of one of our world's most underappreciated forces: shame. 'It's about the terror, isn't it?' 'The terror of what?' I said. 'The terror of being found out.' For the past three years, Jon Ronson has travelled the world meeting recipients of high-profile public shamings. The shamed are people like us - people who, say, made a joke on social media that came out badly, or made a mistake at work. Once their transgression is revealed, collective outrage circles with the force of a hurricane and the next thing they know they're being torn apart by an angry mob, jeered at, demonized, sometimes even fired from their job. A great renaissance of public shaming is sweeping our land. Justice has been democratized. The silent majority are getting a voice. But what are we doing with our voice? We are mercilessly finding people's faults. We are defining the boundaries of normality by ruining the lives of those outside it. We are using shame as a form of social control. Simultaneously powerful and hilarious in the way only Jon Ronson can be, So You've Been Publicly Shamed is a deeply honest book about modern life, full of eye-opening truths about the escalating war on human flaws - and the very scary part we all play in it.","[{'type': 'ISBN_13', 'identifier': '9780698172524'}, {'type': 'ISBN_10', 'identifier': '0698172523'}]","{'text': True, 'image': False}",306.0,BOOK,['Social Science'],MATURE,True,1.5.6.0.preview.2,"{'containsEpubBubbles': False, 'containsImageBubbles': False}","{'smallThumbnail': 'http://books.google.com/books/content?id=iRidBAAAQBAJ&printsec=frontcover&img=1&zoom=5&edge=curl&source=gbs_api', 'thumbnail': 'http://books.google.com/books/content?id=iRidBAAAQBAJ&printsec=frontcover&img=1&zoom=1&edge=curl&source=gbs_api'}",en,http://books.google.com/books?id=iRidBAAAQBAJ&printsec=frontcover&dq=isbn:9780698172524&hl=&cd=1&source=gbs_api,https://play.google.com/store/books/details?id=iRidBAAAQBAJ&source=gbs_api,https://play.google.com/store/books/details?id=iRidBAAAQBAJ,,,,9780698172524,0698172523,,http://books.google.com/books/content?id=iRidBAAAQBAJ&printsec=frontcover&img=1&zoom=5&edge=curl&source=gbs_api,http://books.google.com/books/content?id=iRidBAAAQBAJ&printsec=frontcover&img=1&zoom=1&edge=curl&source=gbs_api
175,9780553381351,The Right Stuff,Tom Wolfe,2020-05-08,2020-08-01,2020,True,The Right Stuff,['Tom Wolfe'],Bantam,1979,"The first Americans in space--Yeager, Conrad, Grissom, and Glenn--battle the Russians for control of the heavens and put their lives on the line to demonstrate a quality beyond courage, in this classic by Wolfe.","[{'type': 'ISBN_10', 'identifier': '0553381350'}, {'type': 'ISBN_13', 'identifier': '9780553381351'}]","{'text': False, 'image': False}",372.0,BOOK,['Biography & Autobiography'],NOT_MATURE,False,1.4.3.0.preview.0,"{'containsEpubBubbles': False, 'containsImageBubbles': False}","{'smallThumbnail': 'http://books.google.com/books/content?id=CiSXWxWkx_oC&printsec=frontcover&img=1&zoom=5&source=gbs_api', 'thumbnail': 'http://books.google.com/books/content?id=CiSXWxWkx_oC&printsec=frontcover&img=1&zoom=1&source=gbs_api'}",en,http://books.google.com/books?id=CiSXWxWkx_oC&dq=isbn:9780553381351&hl=&cd=1&source=gbs_api,http://books.google.com/books?id=CiSXWxWkx_oC&dq=isbn:9780553381351&hl=&source=gbs_api,https://books.google.com/books/about/The_Right_Stuff.html?hl=&id=CiSXWxWkx_oC,,4.5,8.0,9780553381351,0553381350,,http://books.google.com/books/content?id=CiSXWxWkx_oC&printsec=frontcover&img=1&zoom=5&source=gbs_api,http://books.google.com/books/content?id=CiSXWxWkx_oC&printsec=frontcover&img=1&zoom=1&source=gbs_api
178,9781101108987,This is Where I Leave You,Jonathan Tropper,2020-05-23,2020-05-29,2020,True,This Is Where I Leave You,['Jonathan Tropper'],Penguin,2009-08-06,"A riotously funny, emotionally raw New York Times bestselling novel about love, marriage, divorce, family, and the ties that bind—whether we like it or not. The death of Judd Foxman’s father marks the first time that the entire Foxman clan has congregated in years. There is, however, one conspicuous absence: Judd's wife, Jen, whose affair with his radio- shock-jock boss has recently become painfully public. Simultaneously mourning the demise of his father and his marriage, Judd joins his dysfunctional family as they reluctantly sit shiva and spend seven days and nights under the same roof. The week quickly spins out of control as longstanding grudges resurface, secrets are revealed and old passions are reawakened. Then Jen delivers the clincher: she's pregnant... “Often sidesplitting, mostly heartbreaking...[Tropper is] a more sincere, insightful version of Nick Hornby, that other master of male psyche.”—USA Today NOW A MAJOR MOTION PICTURE STARRING JASON BATEMAN, TINA FEY, JANE FONDA, AND ADAM DRIVER","[{'type': 'ISBN_13', 'identifier': '9781101108987'}, {'type': 'ISBN_10', 'identifier': '1101108983'}]","{'text': True, 'image': False}",300.0,BOOK,['Fiction'],MATURE,True,0.19.17.0.preview.2,"{'containsEpubBubbles': False, 'containsImageBubbles': False}","{'smallThumbnail': 'http://books.google.com/books/content?id=3jVps2Z9LQcC&printsec=frontcover&img=1&zoom=5&edge=curl&source=gbs_api', 'thumbnail': 'http://books.google.com/books/content?id=3jVps2Z9LQcC&printsec=frontcover&img=1&zoom=1&edge=curl&source=gbs_api'}",en,http://books.google.com/books?id=3jVps2Z9LQcC&printsec=frontcover&dq=isbn:9781101108987&hl=&cd=1&source=gbs_api,https://play.google.com/store/books/details?id=3jVps2Z9LQcC&source=gbs_api,https://play.google.com/store/books/details?id=3jVps2Z9LQcC,A Novel,4.0,5.0,9781101108987,1101108983,,http://books.google.com/books/content?id=3jVps2Z9LQcC&printsec=frontcover&img=1&zoom=5&edge=curl&source=gbs_api,http://books.google.com/books/content?id=3jVps2Z9LQcC&printsec=frontcover&img=1&zoom=1&edge=curl&source=gbs_api
176,9780553448078,Liar,Rob Roberge,2020-05-31,2020-06-17,2020,True,Liar,['Rob Roberge'],Crown,2016-02-09,"An intense memoir about mental illness, memory and storytelling, from an acclaimed novelist. When Rob Roberge learns that he's likely to have developed a progressive memory-eroding disease from years of hard living and frequent concussions, he is terrified by the prospect of becoming a walking shadow. In a desperate attempt to preserve his identity, he sets out to (somewhat faithfully) record the most formative moments of his life—ranging from the brutal murder of his childhood girlfriend, to a diagnosis of rapid-cycling bipolar disorder, to opening for famed indie band Yo La Tengo at The Fillmore in San Francisco. But the process of trying to remember his past only exposes just how fragile the stories that lay at the heart of our self-conception really are. As Liar twists and turns through Roberge’s life, it turns the familiar story of sex, drugs, and rock ‘n’ roll on its head. Darkly funny and brutally frank, it offers a remarkable portrait of a down and out existence cobbled together across the country, from musicians’ crashpads around Boston, to seedy bars popular with sideshow freaks in Florida, to a painful moment of reckoning in the scorched Wonder Valley desert of California. As Roberge struggles to keep addiction and mental illness from destroying the good life he has built in his better moments, he is forced to acknowledge the increasingly blurred line between the lies we tell others and the lies we tell ourselves.","[{'type': 'ISBN_13', 'identifier': '9780553448078'}, {'type': 'ISBN_10', 'identifier': '0553448072'}]","{'text': True, 'image': False}",274.0,BOOK,['Biography & Autobiography'],MATURE,True,2.3.4.0.preview.2,"{'containsEpubBubbles': False, 'containsImageBubbles': False}","{'smallThumbnail': 'http://books.google.com/books/content?id=rRMrCQAAQBAJ&printsec=frontcover&img=1&zoom=5&edge=curl&source=gbs_api', 'thumbnail': 'http://books.google.com/books/content?id=rRMrCQAAQBAJ&printsec=frontcover&img=1&zoom=1&edge=curl&source=gbs_api'}",en,http://books.google.com/books?id=rRMrCQAAQBAJ&printsec=frontcover&dq=isbn:9780553448078&hl=&cd=1&source=gbs_api,https://play.google.com/store/books/details?id=rRMrCQAAQBAJ&source=gbs_api,https://play.google.com/store/books/details?id=rRMrCQAAQBAJ,A Memoir,,,9780553448078,0553448072,,http://books.google.com/books/content?id=rRMrCQAAQBAJ&printsec=frontcover&img=1&zoom=5&edge=curl&source=gbs_api,http://books.google.com/books/content?id=rRMrCQAAQBAJ&printsec=frontcover&img=1&zoom=1&edge=curl&source=gbs_api
166,9780061284922,Speak No Evil,Uzodinma Iweala,2020-06-14,2020-06-28,2020,True,Speak No Evil,['Uzodinma Iweala'],Harper,2018-03-06,"Winner of the American Library Association’s Barbara Gittings Literature Award | An Indie Next Pick | A Barnes and Noble Best Book of the Month | A Library Journal Best Book of the Year ""A lovely slender volume that packs in entire worlds with complete mastery. Speak No Evil explains so much about our times and yet is never anything less than a scintillating, page-turning read.""—Gary Shteyngart ""A wrenching, tightly woven story about many kinds of love and many kinds of violence. Speak No Evil probes deeply but also with compassion the cruelties of a loving home. Iweala’s characters confront you in close-up, as viscerally, bodily alive as any in contemporary fiction.""—Larissa MacFarquhar In the long-anticipated novel from the author of the critically acclaimed Beasts of No Nation, a revelation shared between two privileged teenagers from very different backgrounds sets off a chain of events with devastating consequences. On the surface, Niru leads a charmed life. Raised by two attentive parents in Washington, D.C., he’s a top student and a track star at his prestigious private high school. Bound for Harvard in the fall, his prospects are bright. But Niru has a painful secret: he is queer—an abominable sin to his conservative Nigerian parents. No one knows except Meredith, his best friend, the daughter of prominent Washington insiders—and the one person who seems not to judge him. When his father accidentally discovers Niru is gay, the fallout is brutal and swift. Coping with troubles of her own, however, Meredith finds that she has little left emotionally to offer him. As the two friends struggle to reconcile their desires against the expectations and institutions that seek to define them, they find themselves speeding toward a future more violent and senseless than they can imagine. Neither will escape unscathed. In the tradition of Junot Diaz’s The Brief Wondrous Life of Oscar Wao and Chimamanda Ngozi Adichie’s Americanah, Speak No Evil explores what it means to be different in a fundamentally conformist society and how that difference plays out in our inner and outer struggles. It is a novel about the power of words and self-identification, about who gets to speak and who has the power to speak for other people. As heart-wrenching and timely as his breakout debut, Beasts of No Nation, Uzodinma Iweala’s second novel cuts to the core of our humanity and leaves us reeling in its wake. A 2018 Indie Next Pick | A Barnes and Noble Best Book of the Month | A Library Journal Best Book of 2018 | One of The Millions’ Most Anticipated Books of 2018 | One of Bustle’s 35 Most Anticipated Fiction Books Of 2018 | One of Paste's 25 Most Anticipated Books of 2018 | One of The Boston Globe’s 25 Books We Can’t Wait to Read in 2018","[{'type': 'ISBN_10', 'identifier': '0061284920'}, {'type': 'ISBN_13', 'identifier': '9780061284922'}]","{'text': False, 'image': False}",214.0,BOOK,['Fiction'],NOT_MATURE,False,preview-1.0.0,"{'containsEpubBubbles': False, 'containsImageBubbles': False}","{'smallThumbnail': 'http://books.google.com/books/content?id=vsh_swEACAAJ&printsec=frontcover&img=1&zoom=5&source=gbs_api', 'thumbnail': 'http://books.google.com/books/content?id=vsh_swEACAAJ&printsec=frontcover&img=1&zoom=1&source=gbs_api'}",en,http://books.google.com/books?id=vsh_swEACAAJ&dq=isbn:9780061284922&hl=&cd=1&source=gbs_api,http://books.google.com/books?id=vsh_swEACAAJ&dq=isbn:9780061284922&hl=&source=gbs_api,https://books.google.com/books/about/Speak_No_Evil.html?hl=&id=vsh_swEACAAJ,A Novel,,,9780061284922,0061284920,,http://books.google.com/books/content?id=vsh_swEACAAJ&printsec=frontcover&img=1&zoom=5&source=gbs_api,http://books.google.com/books/content?id=vsh_swEACAAJ&printsec=frontcover&img=1&zoom=1&source=gbs_api
171,9780525563396,The Story of More: How We Got to Climate Change and Where to Go from Here,Hope Jahren,2020-06-17,2020-12-01,2020,True,The Story of More,['Hope Jahren'],Vintage,2020-03-03,"The essential pocket primer on climate change that will leave an indelible impact on everyone who reads it. • “Jahren asks the central question of our time: how can we learn to live on a finite planet?"" —Elizabeth Kolbert, New York Times bestselling author of The Sixth Extinction ""The voice that science has been waiting for.” —Nature Hope Jahren is an award-winning scientist, a brilliant writer, a passionate teacher, and one of the seven billion people with whom we share this earth. In The Story of More, she illuminates the link between human habits and our imperiled planet. In concise, highly readable chapters, she takes us through the science behind the key inventions—from electric power to large-scale farming to automobiles—that, even as they help us, release greenhouse gases into the atmosphere like never before. She explains the current and projected consequences of global warming—from superstorms to rising sea levels—and the actions that we all can take to fight back. At once an explainer on the mechanisms of global change and a lively, personal narrative given to us in Jahren’s inimitable voice, The Story of More is “a superb account of the deadly struggle between humanity and what may prove the only life-bearing planet within ten light years"" (E. O. Wilson).","[{'type': 'ISBN_13', 'identifier': '9780525563396'}, {'type': 'ISBN_10', 'identifier': '0525563393'}]","{'text': True, 'image': False}",167.0,BOOK,['Science'],NOT_MATURE,True,1.3.3.0.preview.2,"{'containsEpubBubbles': False, 'containsImageBubbles': False}","{'smallThumbnail': 'http://books.google.com/books/content?id=sD6nDwAAQBAJ&printsec=frontcover&img=1&zoom=5&edge=curl&source=gbs_api', 'thumbnail': 'http://books.google.com/books/content?id=sD6nDwAAQBAJ&printsec=frontcover&img=1&zoom=1&edge=curl&source=gbs_api'}",en,http://books.google.com/books?id=sD6nDwAAQBAJ&printsec=frontcover&dq=isbn:9780525563396&hl=&cd=1&source=gbs_api,https://play.google.com/store/books/details?id=sD6nDwAAQBAJ&source=gbs_api,https://play.google.com/store/books/details?id=sD6nDwAAQBAJ,How We Got to Climate Change and Where to Go from Here,,,9780525563396,0525563393,,http://books.google.com/books/content?id=sD6nDwAAQBAJ&printsec=frontcover&img=1&zoom=5&edge=curl&source=gbs_api,http://books.google.com/books/content?id=sD6nDwAAQBAJ&printsec=frontcover&img=1&zoom=1&edge=curl&source=gbs_api
15,9780679437222,Catch-22,Joseph Heller,2020-08-01,2020-10-04,2020,True,Catch-22,['Joseph Heller'],National Geographic Books,1995-10-17,"Named one of America’s best-loved novels by PBS’s The Great American Read. One of the funniest books ever written, Joseph Heller's masterpiece about a bomber squadron in the Second World War's Italian theater features a gallery of magnificently strange characters seething with comic energy. The malingering hero, Yossarian, is endlessly inventive in his schemes to save his skin from the horrible chances of war, and his story is studded with incidents and devices (including the Glorious Loyalty Oath Crusade and the hilariously sinister bureaucratic rule that gives the book its title) that propel the narrative in a headlong satiric rush. But the reason Catch-22's satire never weakens and its jokes never date stems not from the comedy itself but from the savage, unerring, Swiftian indignation out of which that comedy springs. This fractured anti-epic, with all its aggrieved humanity, has given us the most enduring image we have of modern warfare. This hardcover Everyman's Library edition includes an introduction by Malcolm Bradbury, a chronology of the author's life and times, and a select bibliography. It is printed on acid-free paper, with sewn bindings, full-cloth covers, foil stamping, and a silk ribbon marker.","[{'type': 'ISBN_13', 'identifier': '9780679437222'}, {'type': 'ISBN_10', 'identifier': '0679437223'}]","{'text': True, 'image': False}",568.0,BOOK,['Fiction'],NOT_MATURE,False,preview-1.0.0,"{'containsEpubBubbles': False, 'containsImageBubbles': False}","{'smallThumbnail': 'http://books.google.com/books/content?id=CqmOEAAAQBAJ&printsec=frontcover&img=1&zoom=5&source=gbs_api', 'thumbnail': 'http://books.google.com/books/content?id=CqmOEAAAQBAJ&printsec=frontcover&img=1&zoom=1&source=gbs_api'}",en,http://books.google.com/books?id=CqmOEAAAQBAJ&dq=isbn:9780679437222&hl=&cd=1&source=gbs_api,http://books.google.com/books?id=CqmOEAAAQBAJ&dq=isbn:9780679437222&hl=&source=gbs_api,https://books.google.com/books/about/Catch_22.html?hl=&id=CqmOEAAAQBAJ,Introduction by Malcolm Bradbury,,,9780679437222,0679437223,,http://books.google.com/books/content?id=CqmOEAAAQBAJ&printsec=frontcover&img=1&zoom=5&source=gbs_api,http://books.google.com/books/content?id=CqmOEAAAQBAJ&printsec=frontcover&img=1&zoom=1&source=gbs_api
173,9781426217890,"Suggestible You: The Curious Science of Your Brain's Ability to Deceive, Transform, and Heal",Erik Vance,2020-10-04,2020-10-25,2020,True,Suggestible You,['Erik Vance'],National Geographic Books,2016,"National Geographic's riveting narrative explores the world of placebos, hypnosis, false memories, and neurology to reveal the groundbreaking science of our suggestible minds. Could the secrets to personal health lie within our own brains? Journalist Erik Vance explores the surprising ways our expectations and beliefs influence our bodily responses to pain, disease, and everyday events. Drawing on centuries of research and interviews with leading experts in the field, Vance takes us on a fascinating adventure from Harvard's research labs to a witch doctor's office in Catemaco, Mexico, to an alternative medicine school near Beijing (often called ""China's Hogwarts""). Vance's firsthand dispatches will change the way you think--and feel. Expectations, beliefs, and self-deception can actively change our bodies and minds. Vance builds a case for our ""internal pharmacy""--the very real chemical reactions our brains produce when we think we are experiencing pain or healing, actual or perceived. Supporting this idea is centuries of placebo research in a range of forms, from sugar pills to shock waves; studies of alternative medicine techniques heralded and condemned in different parts of the world (think crystals and chakras); and most recently, major advances in brain mapping technology. Thanks to this technology, we're learning how we might leverage our suggestibility (or lack thereof) for personalized medicine, and Vance brings us to the front lines of such study.","[{'type': 'ISBN_13', 'identifier': '9781426217890'}, {'type': 'ISBN_10', 'identifier': '1426217897'}]","{'text': False, 'image': False}",290.0,BOOK,['Medical'],NOT_MATURE,False,0.3.0.0.preview.0,"{'containsEpubBubbles': False, 'containsImageBubbles': False}","{'smallThumbnail': 'http://books.google.com/books/content?id=Cs05DQAAQBAJ&printsec=frontcover&img=1&zoom=5&edge=curl&source=gbs_api', 'thumbnail': 'http://books.google.com/books/content?id=Cs05DQAAQBAJ&printsec=frontcover&img=1&zoom=1&edge=curl&source=gbs_api'}",en,http://books.google.com/books?id=Cs05DQAAQBAJ&printsec=frontcover&dq=isbn:9781426217890&hl=&cd=1&source=gbs_api,http://books.google.com/books?id=Cs05DQAAQBAJ&dq=isbn:9781426217890&hl=&source=gbs_api,https://books.google.com/books/about/Suggestible_You.html?hl=&id=Cs05DQAAQBAJ,"The Curious Science of Your Brain's Ability to Deceive, Transform, and Heal",,,9781426217890,1426217897,,http://books.google.com/books/content?id=Cs05DQAAQBAJ&printsec=frontcover&img=1&zoom=5&edge=curl&source=gbs_api,http://books.google.com/books/content?id=Cs05DQAAQBAJ&printsec=frontcover&img=1&zoom=1&edge=curl&source=gbs_api
21,9780820337661,Mary Turner and the Memory of Lynching,Julie Buckner Armstrong,2020-10-07,2020-12-31,2020,True,Mary Turner and the Memory of Lynching,['Julie Buckner Armstrong'],University of Georgia Press,2011,"Mary Turner and the Memory of Lynching traces the reaction of activists, artists, writers, and local residents to the brutal lynching of a pregnant woman near Valdosta, Georgia. In 1918, the murder of a white farmer led to a week of mob violence that claimed the lives of at least eleven African Americans, including Hayes Turner. When his wife Mary vowed to press charges against the killers, she too fell victim to the mob. Mary's lynching was particularly brutal and involved the grisly death of her eight-month-old fetus. It led to both an entrenched local silence and a widespread national response in newspaper and magazine accounts, visual art, film, literature, and public memorials. Turner's story became a centerpiece of the Anti-Lynching Crusaders campaign for the 1922 Dyer Bill, which sought to make lynching a federal crime. Julie Buckner Armstrong explores the complex and contradictory ways this horrific event was remembered in works such as Walter White's report in the NAACP's newspaper the Crisis, the “Kabnis” section of Jean Toomer's Cane, Angelina Weld Grimké's short story “Goldie,” and Meta Fuller's sculpture Mary Turner: A Silent Protest against Mob Violence. Like those of Emmett Till and Leo Frank, Turner's story continues to resonate on multiple levels. Armstrong's work provides insight into the different roles black women played in the history of lynching: as victims, as loved ones left behind, and as those who fought back. The crime continues to defy conventional forms of representation, illustrating what can, and cannot, be said about lynching and revealing the difficulty and necessity of confronting this nation's legacy of racial violence.","[{'type': 'ISBN_13', 'identifier': '9780820337661'}, {'type': 'ISBN_10', 'identifier': '0820337668'}]","{'text': True, 'image': True}",272.0,BOOK,['History'],NOT_MATURE,False,0.3.4.0.preview.3,"{'containsEpubBubbles': False, 'containsImageBubbles': False}","{'smallThumbnail': 'http://books.google.com/books/content?id=Va3YpcYTuTgC&printsec=frontcover&img=1&zoom=5&edge=curl&source=gbs_api', 'thumbnail': 'http://books.google.com/books/content?id=Va3YpcYTuTgC&printsec=frontcover&img=1&zoom=1&edge=curl&source=gbs_api'}",en,http://books.google.com/books?id=Va3YpcYTuTgC&printsec=frontcover&dq=isbn:9780820337661&hl=&cd=1&source=gbs_api,http://books.google.com/books?id=Va3YpcYTuTgC&dq=isbn:9780820337661&hl=&source=gbs_api,https://books.google.com/books/about/Mary_Turner_and_the_Memory_of_Lynching.html?hl=&id=Va3YpcYTuTgC,,,,9780820337661,0820337668,,http://books.google.com/books/content?id=Va3YpcYTuTgC&printsec=frontcover&img=1&zoom=5&edge=curl&source=gbs_api,http://books.google.com/books/content?id=Va3YpcYTuTgC&printsec=frontcover&img=1&zoom=1&edge=curl&source=gbs_api
174,9781950508945,"The Phoenix Project: A Novel about IT, DevOps, and Helping Your Business Win",Gene Kim,2020-10-10,2020-10-24,2020,True,The Phoenix Project,"['Gene Kim', 'Kevin Behr', 'George Spafford']",It Revolution Press,2024-09-03,"Bill, an IT manager at Parts Unlimited, has been tasked with taking on a project critical to the future of the business, code named Phoenix Project. But the project is massively over budget and behind schedule. The CEO demands Bill must fix the mess in ninety days or else Bill's entire department will be outsourced.","[{'type': 'ISBN_10', 'identifier': '1950508943'}, {'type': 'ISBN_13', 'identifier': '9781950508945'}]","{'text': False, 'image': False}",352.0,BOOK,['Business & Economics'],NOT_MATURE,False,preview-1.0.0,"{'containsEpubBubbles': False, 'containsImageBubbles': False}","{'smallThumbnail': 'http://books.google.com/books/content?id=vUIo0AEACAAJ&printsec=frontcover&img=1&zoom=5&source=gbs_api', 'thumbnail': 'http://books.google.com/books/content?id=vUIo0AEACAAJ&printsec=frontcover&img=1&zoom=1&source=gbs_api'}",en,http://books.google.com/books?id=vUIo0AEACAAJ&dq=isbn:9781950508945&hl=&cd=1&source=gbs_api,http://books.google.com/books?id=vUIo0AEACAAJ&dq=isbn:9781950508945&hl=&source=gbs_api,https://books.google.com/books/about/The_Phoenix_Project.html?hl=&id=vUIo0AEACAAJ,"A Novel about IT, DevOps, and Helping Your Business Win",,,9781950508945,1950508943,,http://books.google.com/books/content?id=vUIo0AEACAAJ&printsec=frontcover&img=1&zoom=5&source=gbs_api,http://books.google.com/books/content?id=vUIo0AEACAAJ&printsec=frontcover&img=1&zoom=1&source=gbs_api
170,9781942788997,"The Unicorn Project: A Novel about Developers, Digital Disruption, and Thriving in the Age of Data",Gene Kim,2020-10-24,2020-12-12,2020,True,The Unicorn Project,['Gene Kim'],IT Revolution,2025-10-07,"The Wall Street Journal bestselling book is now available in paperback for the first time. A Wall Street Journal Bestseller! In The Unicorn Project, we follow Maxine, a senior lead developer and architect, as she is exiled to the Phoenix Project, to the horror of her friends and colleagues, as punishment for contributing to a payroll outage. She tries to survive in what feels like a heartless and uncaring bureaucracy and to work within a system where no one can get anything done without endless committees, paperwork, and approvals. The Age of Software is here, and another mass extinction event looms—this is a story about rebel developers and business leaders working together, racing against time to innovate, survive, and thrive in a time of unprecedented uncertainty…and opportunity.","[{'type': 'ISBN_10', 'identifier': '1942788991'}, {'type': 'ISBN_13', 'identifier': '9781942788997'}]","{'text': False, 'image': False}",352.0,BOOK,['Business & Economics'],NOT_MATURE,False,preview-1.0.0,"{'containsEpubBubbles': False, 'containsImageBubbles': False}","{'smallThumbnail': 'http://books.google.com/books/content?id=2HgnzAEACAAJ&printsec=frontcover&img=1&zoom=5&source=gbs_api', 'thumbnail': 'http://books.google.com/books/content?id=2HgnzAEACAAJ&printsec=frontcover&img=1&zoom=1&source=gbs_api'}",en,http://books.google.com/books?id=2HgnzAEACAAJ&dq=isbn:9781942788997&hl=&cd=1&source=gbs_api,http://books.google.com/books?id=2HgnzAEACAAJ&dq=isbn:9781942788997&hl=&source=gbs_api,https://books.google.com/books/about/The_Unicorn_Project.html?hl=&id=2HgnzAEACAAJ,"A Novel about Developers, Digital Disruption, and Thriving in the Age of Data",,,9781942788997,1942788991,,http://books.google.com/books/content?id=2HgnzAEACAAJ&printsec=frontcover&img=1&zoom=5&source=gbs_api,http://books.google.com/books/content?id=2HgnzAEACAAJ&printsec=frontcover&img=1&zoom=1&source=gbs_api
167,9781911630364,Chances Are...,Richard Russo,2020-12-12,2020-12-26,2020,True,Chances Are,['Richard Russo'],,2019-11,,"[{'type': 'ISBN_10', 'identifier': '1911630369'}, {'type': 'ISBN_13', 'identifier': '9781911630364'}]","{'text': False, 'image': False}",320.0,BOOK,,NOT_MATURE,False,preview-1.0.0,"{'containsEpubBubbles': False, 'containsImageBubbles': False}","{'smallThumbnail': 'http://books.google.com/books/content?id=On4WxQEACAAJ&printsec=frontcover&img=1&zoom=5&source=gbs_api', 'thumbnail': 'http://books.google.com/books/content?id=On4WxQEACAAJ&printsec=frontcover&img=1&zoom=1&source=gbs_api'}",en,http://books.google.com/books?id=On4WxQEACAAJ&dq=isbn:9781911630364&hl=&cd=1&source=gbs_api,http://books.google.com/books?id=On4WxQEACAAJ&dq=isbn:9781911630364&hl=&source=gbs_api,https://books.google.com/books/about/Chances_Are.html?hl=&id=On4WxQEACAAJ,,,,9781911630364,1911630369,,http://books.google.com/books/content?id=On4WxQEACAAJ&printsec=frontcover&img=1&zoom=5&source=gbs_api,http://books.google.com/books/content?id=On4WxQEACAAJ&printsec=frontcover&img=1&zoom=1&source=gbs_api
160,9780691201757,"A Series of Fortunate Events: Chance and the Making of the Planet, Life, and You",Sean B. Carroll,2020-12-21,2020-12-23,2020,True,A Series of Fortunate Events,['Sean B. Carroll'],Princeton University Press,2020-10-06,"""Fascinating and exhilarating—Sean B. Carroll at his very best.""—Bill Bryson, author of The Body: A Guide for Occupants From acclaimed writer and biologist Sean B. Carroll, a rollicking, awe-inspiring story of the surprising power of chance in our lives and the world Why is the world the way it is? How did we get here? Does everything happen for a reason or are some things left to chance? Philosophers and theologians have pondered these questions for millennia, but startling scientific discoveries over the past half century are revealing that we live in a world driven by chance. A Series of Fortunate Events tells the story of the awesome power of chance and how it is the surprising source of all the beauty and diversity in the living world. Like every other species, we humans are here by accident. But it is shocking just how many things—any of which might never have occurred—had to happen in certain ways for any of us to exist. From an extremely improbable asteroid impact, to the wild gyrations of the Ice Age, to invisible accidents in our parents' gonads, we are all here through an astonishing series of fortunate events. And chance continues to reign every day over the razor-thin line between our life and death. This is a relatively small book about a really big idea. It is also a spirited tale. Drawing inspiration from Monty Python, Kurt Vonnegut, and other great thinkers, and crafted by one of today's most accomplished science storytellers, A Series of Fortunate Events is an irresistibly entertaining and thought-provoking account of one of the most important but least appreciated facts of life.","[{'type': 'ISBN_13', 'identifier': '9780691201757'}, {'type': 'ISBN_10', 'identifier': '0691201757'}]","{'text': False, 'image': True}",224.0,BOOK,['Philosophy'],NOT_MATURE,False,1.2.3.0.preview.1,"{'containsEpubBubbles': False, 'containsImageBubbles': False}","{'smallThumbnail': 'http://books.google.com/books/content?id=kUXcDwAAQBAJ&printsec=frontcover&img=1&zoom=5&edge=curl&source=gbs_api', 'thumbnail': 'http://books.google.com/books/content?id=kUXcDwAAQBAJ&printsec=frontcover&img=1&zoom=1&edge=curl&source=gbs_api'}",en,http://books.google.com/books?id=kUXcDwAAQBAJ&printsec=frontcover&dq=isbn:9780691201757&hl=&cd=1&source=gbs_api,http://books.google.com/books?id=kUXcDwAAQBAJ&dq=isbn:9780691201757&hl=&source=gbs_api,https://books.google.com/books/about/A_Series_of_Fortunate_Events.html?hl=&id=kUXcDwAAQBAJ,"Chance and the Making of the Planet, Life, and You",,,9780691201757,0691201757,,http://books.google.com/books/content?id=kUXcDwAAQBAJ&printsec=frontcover&img=1&zoom=5&edge=curl&source=gbs_api,http://books.google.com/books/content?id=kUXcDwAAQBAJ&printsec=frontcover&img=1&zoom=1&edge=curl&source=gbs_api
168,9781914316258,On Having No Head: Zen and the Rediscovery of the Obvious,Douglas E. Harding,2020-12-21,2020-12-21,2020,True,On Having No Head,['Douglas Edison Harding'],,2013-07-08,"'Reason and imagination and all mental chatter died down... I forgot my name, my humanness, my thingness, all that could be called me or mine. Past and future dropped away... Lighter than air, clearer than glass, altogether released from myself, I was nowhere around.' Thus Douglas Harding describes his first experience of headlessness, or no self. First published in 1961, this is a classic work which conveys the experience that mystics of all times have tried to put words to.","[{'type': 'ISBN_10', 'identifier': '1914316258'}, {'type': 'ISBN_13', 'identifier': '9781914316258'}]","{'text': False, 'image': False}",124.0,BOOK,,NOT_MATURE,False,preview-1.0.0,"{'containsEpubBubbles': False, 'containsImageBubbles': False}","{'smallThumbnail': 'http://books.google.com/books/content?id=ojGmzgEACAAJ&printsec=frontcover&img=1&zoom=5&source=gbs_api', 'thumbnail': 'http://books.google.com/books/content?id=ojGmzgEACAAJ&printsec=frontcover&img=1&zoom=1&source=gbs_api'}",en,http://books.google.com/books?id=ojGmzgEACAAJ&dq=isbn:9781914316258&hl=&cd=1&source=gbs_api,http://books.google.com/books?id=ojGmzgEACAAJ&dq=isbn:9781914316258&hl=&source=gbs_api,https://books.google.com/books/about/On_Having_No_Head.html?hl=&id=ojGmzgEACAAJ,,,,9781914316258,1914316258,,http://books.google.com/books/content?id=ojGmzgEACAAJ&printsec=frontcover&img=1&zoom=5&source=gbs_api,http://books.google.com/books/content?id=ojGmzgEACAAJ&printsec=frontcover&img=1&zoom=1&source=gbs_api
165,9781567926118,The Practicing Stoic: A Philosophical User's Manual,Ward Farnsworth,2020-12-27,2021-01-17,2021,True,The Practicing Stoic,['Ward Farnsworth'],,2018,"""The great insights of the Stoics are spread over a wide range of ancient sources. This book brings them all together for the first time. It systematically presents what the various Stoic philosophers said on every important topic, accompanied by an eloquent commentary that is clear and concise. The result is a set of philosophy lessons for everyone - the most valuable wisdom of ages past made available for our times, and for all time.""--Provided by publisher.","[{'type': 'ISBN_10', 'identifier': '1567926118'}, {'type': 'ISBN_13', 'identifier': '9781567926118'}]","{'text': False, 'image': False}",260.0,BOOK,['Ethics'],NOT_MATURE,False,preview-1.0.0,"{'containsEpubBubbles': False, 'containsImageBubbles': False}","{'smallThumbnail': 'http://books.google.com/books/content?id=D4DetAEACAAJ&printsec=frontcover&img=1&zoom=5&source=gbs_api', 'thumbnail': 'http://books.google.com/books/content?id=D4DetAEACAAJ&printsec=frontcover&img=1&zoom=1&source=gbs_api'}",en,http://books.google.com/books?id=D4DetAEACAAJ&dq=isbn:9781567926118&hl=&cd=1&source=gbs_api,http://books.google.com/books?id=D4DetAEACAAJ&dq=isbn:9781567926118&hl=&source=gbs_api,https://books.google.com/books/about/The_Practicing_Stoic.html?hl=&id=D4DetAEACAAJ,A Philosophical User's Manual,,,9781567926118,1567926118,,http://books.google.com/books/content?id=D4DetAEACAAJ&printsec=frontcover&img=1&zoom=5&source=gbs_api,http://books.google.com/books/content?id=D4DetAEACAAJ&printsec=frontcover&img=1&zoom=1&source=gbs_api
161,9780802123459,The Sympathizer,Viet Thanh Nguyen,2021-01-15,2021-04-24,2021,True,The Sympathizer,['Viet Thanh Nguyen'],,2015,Follows a Viet Cong agent as he spies on a South Vietnamese army general and his compatriots as they start a new life in 1975 Los Angeles.,"[{'type': 'ISBN_10', 'identifier': '0802123457'}, {'type': 'ISBN_13', 'identifier': '9780802123459'}]","{'text': False, 'image': False}",371.0,BOOK,['Fiction'],NOT_MATURE,False,preview-1.0.0,"{'containsEpubBubbles': False, 'containsImageBubbles': False}","{'smallThumbnail': 'http://books.google.com/books/content?id=4VTNoQEACAAJ&printsec=frontcover&img=1&zoom=5&source=gbs_api', 'thumbnail': 'http://books.google.com/books/content?id=4VTNoQEACAAJ&printsec=frontcover&img=1&zoom=1&source=gbs_api'}",en,http://books.google.com/books?id=4VTNoQEACAAJ&dq=isbn:9780802123459&hl=&cd=1&source=gbs_api,http://books.google.com/books?id=4VTNoQEACAAJ&dq=isbn:9780802123459&hl=&source=gbs_api,https://books.google.com/books/about/The_Sympathizer.html?hl=&id=4VTNoQEACAAJ,,,,9780802123459,0802123457,,http://books.google.com/books/content?id=4VTNoQEACAAJ&printsec=frontcover&img=1&zoom=5&source=gbs_api,http://books.google.com/books/content?id=4VTNoQEACAAJ&printsec=frontcover&img=1&zoom=1&source=gbs_api
164,9781944648541,"The Forgetting Machine: Memory, Perception, and the ""Jennifer Aniston Neuron""",Rodrigo Quian Quiroga,2021-01-18,2021-01-30,2021,True,The Forgetting Machine,['Rodrigo Quian Quiroga'],Simon and Schuster,2017-10-03,The neuroscientist who discovered the Jennifer Aniston neuron offers an exploration of human memory and consciousness.,"[{'type': 'ISBN_13', 'identifier': '9781944648541'}, {'type': 'ISBN_10', 'identifier': '1944648542'}]","{'text': False, 'image': False}",200.0,BOOK,['Medical'],NOT_MATURE,False,0.0.1.0.preview.0,"{'containsEpubBubbles': False, 'containsImageBubbles': False}","{'smallThumbnail': 'http://books.google.com/books/content?id=c-NjEQAAQBAJ&printsec=frontcover&img=1&zoom=5&source=gbs_api', 'thumbnail': 'http://books.google.com/books/content?id=c-NjEQAAQBAJ&printsec=frontcover&img=1&zoom=1&source=gbs_api'}",en,http://books.google.com/books?id=c-NjEQAAQBAJ&dq=isbn:9781944648541&hl=&cd=1&source=gbs_api,http://books.google.com/books?id=c-NjEQAAQBAJ&dq=isbn:9781944648541&hl=&source=gbs_api,https://books.google.com/books/about/The_Forgetting_Machine.html?hl=&id=c-NjEQAAQBAJ,"Memory, Perception, and the Jennifer Aniston Neuron",,,9781944648541,1944648542,,http://books.google.com/books/content?id=c-NjEQAAQBAJ&printsec=frontcover&img=1&zoom=5&source=gbs_api,http://books.google.com/books/content?id=c-NjEQAAQBAJ&printsec=frontcover&img=1&zoom=1&source=gbs_api
123,9780812992731,"Patient H.M.: A Story of Memory, Madness, and Family Secrets",Luke Dittrich,2021-01-30,2021-03-07,2021,True,Patient H.M.,['Luke Dittrich'],,2016,"""In the summer of 1953, a renowned Yale neurosurgeon named William Beecher Scoville performed a novel operation on a 27-year-old epileptic patient named Henry Molaison, drilling two silver-dollar sized holes in his forehead and suctioning out a few teaspoons of tissue from a mysterious region deep inside his brain. The operation helped control Molaison's intractable seizures, but it also did something else: it left Molaison amnesic for the rest of his life, with a short term memory of just thirty seconds. Patient H.M., as he came to be known, would emerge as the most important human research subject in history""--Provided by publisher.","[{'type': 'ISBN_13', 'identifier': '9780812992731'}, {'type': 'ISBN_10', 'identifier': '0812992733'}]","{'text': False, 'image': False}",462.0,BOOK,['Biography & Autobiography'],NOT_MATURE,False,0.3.2.0.preview.0,"{'containsEpubBubbles': False, 'containsImageBubbles': False}","{'smallThumbnail': 'http://books.google.com/books/content?id=Z9nQDAAAQBAJ&printsec=frontcover&img=1&zoom=5&edge=curl&source=gbs_api', 'thumbnail': 'http://books.google.com/books/content?id=Z9nQDAAAQBAJ&printsec=frontcover&img=1&zoom=1&edge=curl&source=gbs_api'}",en,http://books.google.com/books?id=Z9nQDAAAQBAJ&printsec=frontcover&dq=isbn:9780812992731&hl=&cd=1&source=gbs_api,http://books.google.com/books?id=Z9nQDAAAQBAJ&dq=isbn:9780812992731&hl=&source=gbs_api,https://books.google.com/books/about/Patient_H_M.html?hl=&id=Z9nQDAAAQBAJ,"A Story of Memory, Madness and Family Secrets",5.0,1.0,9780812992731,0812992733,,http://books.google.com/books/content?id=Z9nQDAAAQBAJ&printsec=frontcover&img=1&zoom=5&edge=curl&source=gbs_api,http://books.google.com/books/content?id=Z9nQDAAAQBAJ&printsec=frontcover&img=1&zoom=1&edge=curl&source=gbs_api
156,9780812983586,The Amazing Adventures of Kavalier & Clay,Michael Chabon,2021-03-26,2021-07-09,2021,True,The Amazing Adventures of Kavalier & Clay (with bonus content),['Michael Chabon'],Random House Trade Paperbacks,2012-06-12,"WINNER OF THE PULITZER PRIZE • NEW YORK TIMES BESTSELLER • The epic, beloved novel of two boy geniuses dreaming up superheroes in New York’s Golden Age of comics, now with special bonus material by the author “It's absolutely gosh-wow, super-colossal—smart, funny, and a continual pleasure to read.”—The Washington Post Book World One of The New York Times’s 100 Best Books of the 21st Century • One of Entertainment Weekly’s 10 Best Books of the Decade • Finalist for the PEN/Faulkner Award, National Book Critics Circle Award, and Los Angeles Times Book Prize A “towering, swash-buckling thrill of a book” (Newsweek), hailed as Chabon’s “magnum opus” (The New York Review of Books), The Amazing Adventures of Kavalier & Clay is a triumph of originality, imagination, and storytelling, an exuberant, irresistible novel that begins in New York City in 1939. A young escape artist and budding magician named Joe Kavalier arrives on the doorstep of his cousin, Sammy Clay. While the long shadow of Hitler falls across Europe, America is happily in thrall to the Golden Age of comic books, and in a distant corner of Brooklyn, Sammy is looking for a way to cash in on the craze. He finds the ideal partner in the aloof, artistically gifted Joe, and together they embark on an adventure that takes them deep into the heart of Manhattan, and the heart of old-fashioned American ambition. From the shared fears, dreams, and desires of two teenage boys, they spin comic book tales of the heroic, fascist-fighting Escapist and the beautiful, mysterious Luna Moth, otherworldly mistress of the night. Climbing from the streets of Brooklyn to the top of the Empire State Building, Joe and Sammy carve out lives, and careers, as vivid as cyan and magenta ink. Spanning continents and eras, this superb book by one of America’s finest writers remains one of the defining novels of our modern American age. Winner of the Bay Area Book Reviewers Award and the New York Society Library Book Award","[{'type': 'ISBN_13', 'identifier': '9780812983586'}, {'type': 'ISBN_10', 'identifier': '0812983580'}]","{'text': False, 'image': False}",705.0,BOOK,['Fiction'],NOT_MATURE,False,3.7.2.0.preview.0,"{'containsEpubBubbles': False, 'containsImageBubbles': False}","{'smallThumbnail': 'http://books.google.com/books/content?id=XIga7RhvVOIC&printsec=frontcover&img=1&zoom=5&edge=curl&source=gbs_api', 'thumbnail': 'http://books.google.com/books/content?id=XIga7RhvVOIC&printsec=frontcover&img=1&zoom=1&edge=curl&source=gbs_api'}",en,http://books.google.com/books?id=XIga7RhvVOIC&printsec=frontcover&dq=isbn:9780812983586&hl=&cd=1&source=gbs_api,http://books.google.com/books?id=XIga7RhvVOIC&dq=isbn:9780812983586&hl=&source=gbs_api,https://books.google.com/books/about/The_Amazing_Adventures_of_Kavalier_Clay.html?hl=&id=XIga7RhvVOIC,A Novel,5.0,1.0,9780812983586,0812983580,,http://books.google.com/books/content?id=XIga7RhvVOIC&printsec=frontcover&img=1&zoom=5&edge=curl&source=gbs_api,http://books.google.com/books/content?id=XIga7RhvVOIC&printsec=frontcover&img=1&zoom=1&edge=curl&source=gbs_api
163,9780385545686,Empire of Pain: The Secret History of the Sackler Dynasty,Patrick Radden Keefe,2021-04-24,2021-05-08,2021,True,Empire of Pain,['Patrick Radden Keefe'],National Geographic Books,2021-04-13,"NATIONAL BOOK CRITICS CIRCLE NOMINEE • A NEW YORK TIMES NOTABLE BOOK OF THE YEAR • NEW YORK TIMES BEST SELLER • A grand, devastating portrait of three generations of the Sackler family, famed for their philanthropy, whose fortune was built by Valium and whose reputation was destroyed by OxyContin. From the prize-winning and bestselling author of Say Nothing The history of the Sackler dynasty is rife with drama—baroque personal lives; bitter disputes over estates; fistfights in boardrooms; glittering art collections; Machiavellian courtroom maneuvers; and the calculated use of money to burnish reputations and crush the less powerful. The Sackler name has adorned the walls of many storied institutions—Harvard, the Metropolitan Museum of Art, Oxford, the Louvre. They are one of the richest families in the world, known for their lavish donations to the arts and the sciences. The source of the family fortune was vague, however, until it emerged that the Sacklers were responsible for making and marketing a blockbuster painkiller that was the catalyst for the opioid crisis. Empire of Pain begins with the story of three doctor brothers, Raymond, Mortimer and the incalculably energetic Arthur, who weathered the poverty of the Great Depression and appalling anti-Semitism. Working at a barbaric mental institution, Arthur saw a better way and conducted groundbreaking research into drug treatments. He also had a genius for marketing, especially for pharmaceuticals, and bought a small ad firm. Arthur devised the marketing for Valium, and built the first great Sackler fortune. He purchased a drug manufacturer, Purdue Frederick, which would be run by Raymond and Mortimer. The brothers began collecting art, and wives, and grand residences in exotic locales. Their children and grandchildren grew up in luxury. Forty years later, Raymond’s son Richard ran the family-owned Purdue. The template Arthur Sackler created to sell Valium—co-opting doctors, influencing the FDA, downplaying the drug’s addictiveness—was employed to launch a far more potent product: OxyContin. The drug went on to generate some thirty-five billion dollars in revenue, and to launch a public health crisis in which hundreds of thousands would die. This is the saga of three generations of a single family and the mark they would leave on the world, a tale that moves from the bustling streets of early twentieth-century Brooklyn to the seaside palaces of Greenwich, Connecticut, and Cap d’Antibes to the corridors of power in Washington, D.C. Empire of Pain chronicles the multiple investigations of the Sacklers and their company, and the scorched-earth legal tactics that the family has used to evade accountability. Empire of Pain is a masterpiece of narrative reporting and writing, exhaustively documented and ferociously compelling. It is a portrait of the excesses of America’s second Gilded Age, a study of impunity among the super elite and a relentless investigation of the naked greed and indifference to human suffering that built one of the world’s great fortunes.","[{'type': 'ISBN_13', 'identifier': '9780385545686'}, {'type': 'ISBN_10', 'identifier': '0385545681'}]","{'text': True, 'image': False}",560.0,BOOK,['Biography & Autobiography'],NOT_MATURE,False,preview-1.0.0,"{'containsEpubBubbles': False, 'containsImageBubbles': False}","{'smallThumbnail': 'http://books.google.com/books/content?id=oEGNEAAAQBAJ&printsec=frontcover&img=1&zoom=5&source=gbs_api', 'thumbnail': 'http://books.google.com/books/content?id=oEGNEAAAQBAJ&printsec=frontcover&img=1&zoom=1&source=gbs_api'}",en,http://books.google.com/books?id=oEGNEAAAQBAJ&dq=isbn:9780385545686&hl=&cd=1&source=gbs_api,http://books.google.com/books?id=oEGNEAAAQBAJ&dq=isbn:9780385545686&hl=&source=gbs_api,https://books.google.com/books/about/Empire_of_Pain.html?hl=&id=oEGNEAAAQBAJ,The Secret History of the Sackler Dynasty,,,9780385545686,0385545681,,http://books.google.com/books/content?id=oEGNEAAAQBAJ&printsec=frontcover&img=1&zoom=5&source=gbs_api,http://books.google.com/books/content?id=oEGNEAAAQBAJ&printsec=frontcover&img=1&zoom=1&source=gbs_api
162,9780393881554,The Premonition: A Pandemic Story,Michael   Lewis,2021-05-09,2021-05-16,2021,True,The Premonition,['Michael Lewis'],National Geographic Books,2021-05-04,"NEW YORK TIMES BESTSELLER For those who could read between the lines, the censored news out of China was terrifying. But the president insisted there was nothing to worry about. Fortunately, we are still a nation of skeptics. Fortunately, there are those among us who study pandemics and are willing to look unflinchingly at worst-case scenarios. Michael Lewis’s taut and brilliant nonfiction thriller pits a band of medical visionaries against the wall of ignorance that was the official response of the Trump administration to the outbreak of COVID-19. The characters you will meet in these pages are as fascinating as they are unexpected. A thirteen-year-old girl’s science project on transmission of an airborne pathogen develops into a very grown-up model of disease control. A local public-health officer uses her worm’s-eye view to see what the CDC misses, and reveals great truths about American society. A secret team of dissenting doctors, nicknamed the Wolverines, has everything necessary to fight the pandemic: brilliant backgrounds, world-class labs, prior experience with the pandemic scares of bird flu and swine flu…everything, that is, except official permission to implement their work. Michael Lewis is not shy about calling these people heroes for their refusal to follow directives that they know to be based on misinformation and bad science. Even the internet, as crucial as it is to their exchange of ideas, poses a risk to them. They never know for sure who else might be listening in.","[{'type': 'ISBN_13', 'identifier': '9780393881554'}, {'type': 'ISBN_10', 'identifier': '0393881555'}]","{'text': True, 'image': False}",304.0,BOOK,['Political Science'],NOT_MATURE,False,preview-1.0.0,"{'containsEpubBubbles': False, 'containsImageBubbles': False}","{'smallThumbnail': 'http://books.google.com/books/content?id=LGWNEAAAQBAJ&printsec=frontcover&img=1&zoom=5&source=gbs_api', 'thumbnail': 'http://books.google.com/books/content?id=LGWNEAAAQBAJ&printsec=frontcover&img=1&zoom=1&source=gbs_api'}",en,http://books.google.com/books?id=LGWNEAAAQBAJ&dq=isbn:9780393881554&hl=&cd=1&source=gbs_api,http://books.google.com/books?id=LGWNEAAAQBAJ&dq=isbn:9780393881554&hl=&source=gbs_api,https://books.google.com/books/about/The_Premonition.html?hl=&id=LGWNEAAAQBAJ,A Pandemic Story,,,9780393881554,0393881555,,http://books.google.com/books/content?id=LGWNEAAAQBAJ&printsec=frontcover&img=1&zoom=5&source=gbs_api,http://books.google.com/books/content?id=LGWNEAAAQBAJ&printsec=frontcover&img=1&zoom=1&source=gbs_api
152,9780307952332,"Brave Genius: A Scientist, a Philosopher, and Their Daring Adventures from the French Resistance to the Nobel Prize",Sean B. Carroll,2021-05-16,2021-08-04,2021,True,Brave Genius,['Sean B. Carroll'],Crown,2013,"""The never-before-told account of two of the most insightful minds of the twentieth century--Jacques Monod and Albert Camus--and a dramatic story of how hardship and courage can unleash creative genius""--Dust jacket back.","[{'type': 'ISBN_10', 'identifier': '0307952339'}, {'type': 'ISBN_13', 'identifier': '9780307952332'}]","{'text': False, 'image': False}",576.0,BOOK,"['Authors, Algerian']",NOT_MATURE,False,preview-1.0.0,"{'containsEpubBubbles': False, 'containsImageBubbles': False}","{'smallThumbnail': 'http://books.google.com/books/content?id=yWxAnwEACAAJ&printsec=frontcover&img=1&zoom=5&source=gbs_api', 'thumbnail': 'http://books.google.com/books/content?id=yWxAnwEACAAJ&printsec=frontcover&img=1&zoom=1&source=gbs_api'}",en,http://books.google.com/books?id=yWxAnwEACAAJ&dq=isbn:9780307952332&hl=&cd=1&source=gbs_api,http://books.google.com/books?id=yWxAnwEACAAJ&dq=isbn:9780307952332&hl=&source=gbs_api,https://books.google.com/books/about/Brave_Genius.html?hl=&id=yWxAnwEACAAJ,"A Scientist, a Philosopher, and Their Daring Adventures from the French Resistance to the Nobel Prize",,,9780307952332,0307952339,,http://books.google.com/books/content?id=yWxAnwEACAAJ&printsec=frontcover&img=1&zoom=5&source=gbs_api,http://books.google.com/books/content?id=yWxAnwEACAAJ&printsec=frontcover&img=1&zoom=1&source=gbs_api
157,9780316451406,Noise: A Flaw in Human Judgment,Daniel Kahneman,2021-05-20,2021-06-19,2021,True,Noise,"['Daniel Kahneman', 'Olivier Sibony', 'Cass R Sunstein']","Little, Brown Spark",2021-05-18,"From the bestselling author of Thinking, Fast and Slow and the co-author of Nudge, a groundbreaking exploration of why most people make bad judgments, and how to control for that noise.​ Imagine that two doctors in the same city give different diagnoses to identical patients -- or that two judges in the same courthouse give different sentences to people who have committed the same crime. Suppose that different food inspectors give different ratings to indistinguishable restaurants -- or that when a company is handling customer complaints, the resolution depends on who happens to be handling the particular complaint. Now imagine that the same doctor, the same judge, the same inspector, or the same company official makes different decisions, depending on whether it is morning or afternoon, or Monday rather than Wednesday. These are examples of noise: variability in judgments that should be identical. In Noise, Daniel Kahneman, Cass R. Sunstein, and Olivier Sibony show how noise contributes significantly to errors in all fields, including medicine, law, economic forecasting, police behavior, food safety, bail, security checks at airports, strategy, and personnel selection. And although noise can be found wherever people make judgments and decisions, individuals and organizations alike are commonly oblivious to the role of chance in their judgments and in their actions. Drawing on the latest findings in psychology and behavioral economics, and the same kind of diligent, insightful research that made Thinking, Fast and Slow and Nudge groundbreaking New York Times bestsellers, Noise explains how and why humans are so susceptible to noise in judgment -- and what we can do about it.","[{'type': 'ISBN_10', 'identifier': '0316451401'}, {'type': 'ISBN_13', 'identifier': '9780316451406'}]","{'text': False, 'image': False}",384.0,BOOK,,NOT_MATURE,False,preview-1.0.0,"{'containsEpubBubbles': False, 'containsImageBubbles': False}","{'smallThumbnail': 'http://books.google.com/books/content?id=o7rZzQEACAAJ&printsec=frontcover&img=1&zoom=5&source=gbs_api', 'thumbnail': 'http://books.google.com/books/content?id=o7rZzQEACAAJ&printsec=frontcover&img=1&zoom=1&source=gbs_api'}",en,http://books.google.com/books?id=o7rZzQEACAAJ&dq=isbn:9780316451406&hl=&cd=1&source=gbs_api,http://books.google.com/books?id=o7rZzQEACAAJ&dq=isbn:9780316451406&hl=&source=gbs_api,https://books.google.com/books/about/Noise.html?hl=&id=o7rZzQEACAAJ,A Flaw in Human Judgment,3.5,2.0,9780316451406,0316451401,,http://books.google.com/books/content?id=o7rZzQEACAAJ&printsec=frontcover&img=1&zoom=5&source=gbs_api,http://books.google.com/books/content?id=o7rZzQEACAAJ&printsec=frontcover&img=1&zoom=1&source=gbs_api
155,9780330426640,Stories of Your Life and Others,Ted Chiang,2021-06-12,2021-07-10,2021,True,Stories of Your Life and Others,['Ted Chiang'],Tor Books,2005,"Now in softcover, the first book from one of the most acclaimed new sci-fi writers of the last 20 years. Collected for the first time are all seven of Chiang's stories so far--plus an eighth story written especially for this volume.","[{'type': 'ISBN_10', 'identifier': '0330426648'}, {'type': 'ISBN_13', 'identifier': '9780330426640'}]","{'text': False, 'image': False}",333.0,BOOK,"['Science fiction, American']",NOT_MATURE,False,preview-1.0.0,"{'containsEpubBubbles': False, 'containsImageBubbles': False}","{'smallThumbnail': 'http://books.google.com/books/content?id=QkluPwAACAAJ&printsec=frontcover&img=1&zoom=5&source=gbs_api', 'thumbnail': 'http://books.google.com/books/content?id=QkluPwAACAAJ&printsec=frontcover&img=1&zoom=1&source=gbs_api'}",en,http://books.google.com/books?id=QkluPwAACAAJ&dq=isbn:9780330426640&hl=&cd=1&source=gbs_api,http://books.google.com/books?id=QkluPwAACAAJ&dq=isbn:9780330426640&hl=&source=gbs_api,https://books.google.com/books/about/Stories_of_Your_Life_and_Others.html?hl=&id=QkluPwAACAAJ,,,,9780330426640,0330426648,,http://books.google.com/books/content?id=QkluPwAACAAJ&printsec=frontcover&img=1&zoom=5&source=gbs_api,http://books.google.com/books/content?id=QkluPwAACAAJ&printsec=frontcover&img=1&zoom=1&source=gbs_api
146,9781509837502,How Emotions Are Made: The Secret Life of the Brain,Lisa Feldman Barrett,2021-06-30,2021-12-13,2021,True,How Emotions Are Made,['Lisa Feldman Barrett'],Macmillan,2017-03,"When you feel anxious, angry, happy, or surprised, what's really going on inside you? Most scientists would agree that emotions come from specific parts of the brain, and that we feel them whenever they're triggered by the world around us. The thrill of seeing an old friend, the sadness of a tear-jerker movie, the fear of losing someone you love - each of these sensations arises automatically and uncontrollably within us, finding expression on our faces and in our behaviour, and carrying us away with the experience.This understanding of emotion has been around since Aristotle. But what if it's wrong? In How Your Emotions Are Made, pioneering psychologist Lisa Feldman Barrett draws on the latest scientific evidence to reveal that our ideas about emotion are dramatically, even dangerously, out of date - and that we have been paying the price. Emotions don't exist objectively in nature, Barrett explains, and they aren't pre-programmed in our brains and bodies; rather, they are psychological experiences that each of us constructs based on our unique personal history, physiology and environment. This new view of emotions has serious implications: when judges issue lesser sentences for crimes of passion, when police officers fire at threatening suspects, or when doctors choose between one diagnosis and another, they're all, in some way, relying on the ancient assumption that emotions are hardwired into our brains and bodies. Revising that conception of emotion isn't just good science, Barrett shows; it's vital to our wellbeing and the health of society itself.","[{'type': 'ISBN_10', 'identifier': '1509837507'}, {'type': 'ISBN_13', 'identifier': '9781509837502'}]","{'text': False, 'image': False}",425.0,BOOK,['Brain'],NOT_MATURE,False,preview-1.0.0,"{'containsEpubBubbles': False, 'containsImageBubbles': False}","{'smallThumbnail': 'http://books.google.com/books/content?id=-iE7vgAACAAJ&printsec=frontcover&img=1&zoom=5&source=gbs_api', 'thumbnail': 'http://books.google.com/books/content?id=-iE7vgAACAAJ&printsec=frontcover&img=1&zoom=1&source=gbs_api'}",en,http://books.google.com/books?id=-iE7vgAACAAJ&dq=isbn:9781509837502&hl=&cd=1&source=gbs_api,http://books.google.com/books?id=-iE7vgAACAAJ&dq=isbn:9781509837502&hl=&source=gbs_api,https://books.google.com/books/about/How_Emotions_Are_Made.html?hl=&id=-iE7vgAACAAJ,,,,9781509837502,1509837507,,http://books.google.com/books/content?id=-iE7vgAACAAJ&printsec=frontcover&img=1&zoom=5&source=gbs_api,http://books.google.com/books/content?id=-iE7vgAACAAJ&printsec=frontcover&img=1&zoom=1&source=gbs_api
153,9780062391162,Unthinkable: An Extraordinary Journey Through the World's Strangest Brains,Helen  Thomson,2021-07-10,2021-07-25,2021,True,Unthinkable,['Helen Thomson'],Ecco,2018-06-26,"An Amazon Best Nonfiction Book of the Month Indiebound Bestseller Award-winning science writer Helen Thomson unlocks the biggest mysteries of the human brain by examining nine extraordinary cases Our brains are far stranger than we think. We take it for granted that we can remember, feel emotion, navigate, empathise and understand the world around us, but how would our lives change if these abilities were dramatically enhanced – or disappeared overnight? Helen Thomson has spent years travelling the world, tracking down incredibly rare brain disorders. In Unthinkable she tells the stories of nine extraordinary people she encountered along the way. From the man who thinks he's a tiger to the doctor who feels the pain of others just by looking at them to a woman who hears music that’s not there, their experiences illustrate how the brain can shape our lives in unexpected and, in some cases, brilliant and alarming ways. Story by remarkable story, Unthinkable takes us on an unforgettable journey through the human brain. Discover how to forge memories that never disappear, how to grow an alien limb and how to make better decisions. Learn how to hallucinate and how to make yourself happier in a split second. Find out how to avoid getting lost, how to see more of your reality, even how exactly you can confirm you are alive. Think the unthinkable.","[{'type': 'ISBN_10', 'identifier': '006239116X'}, {'type': 'ISBN_13', 'identifier': '9780062391162'}]","{'text': False, 'image': False}",288.0,BOOK,['Biography & Autobiography'],NOT_MATURE,False,preview-1.0.0,"{'containsEpubBubbles': False, 'containsImageBubbles': False}","{'smallThumbnail': 'http://books.google.com/books/content?id=te78swEACAAJ&printsec=frontcover&img=1&zoom=5&source=gbs_api', 'thumbnail': 'http://books.google.com/books/content?id=te78swEACAAJ&printsec=frontcover&img=1&zoom=1&source=gbs_api'}",en,http://books.google.com/books?id=te78swEACAAJ&dq=isbn:9780062391162&hl=&cd=1&source=gbs_api,http://books.google.com/books?id=te78swEACAAJ&dq=isbn:9780062391162&hl=&source=gbs_api,https://books.google.com/books/about/Unthinkable.html?hl=&id=te78swEACAAJ,An Extraordinary Journey Through the World's Strangest Brains,,,9780062391162,006239116X,,http://books.google.com/books/content?id=te78swEACAAJ&printsec=frontcover&img=1&zoom=5&source=gbs_api,http://books.google.com/books/content?id=te78swEACAAJ&printsec=frontcover&img=1&zoom=1&source=gbs_api
154,9780008309336,November Road,Lou Berney,2021-07-12,2021-07-15,2021,True,November Road,['Lou Berney'],HarperCollins publishers,2019,"From Edgar Award-winning author Lou Berney, a poignant and evocative crime novel featuring a cat-and-mouse chase across 1960's America in the wake of the Kennedy assassination""","[{'type': 'ISBN_10', 'identifier': '0008309337'}, {'type': 'ISBN_13', 'identifier': '9780008309336'}]","{'text': False, 'image': False}",299.0,BOOK,['Assassins'],NOT_MATURE,False,preview-1.0.0,"{'containsEpubBubbles': False, 'containsImageBubbles': False}","{'smallThumbnail': 'http://books.google.com/books/content?id=sTvCuQEACAAJ&printsec=frontcover&img=1&zoom=5&source=gbs_api', 'thumbnail': 'http://books.google.com/books/content?id=sTvCuQEACAAJ&printsec=frontcover&img=1&zoom=1&source=gbs_api'}",en,http://books.google.com/books?id=sTvCuQEACAAJ&dq=isbn:9780008309336&hl=&cd=1&source=gbs_api,http://books.google.com/books?id=sTvCuQEACAAJ&dq=isbn:9780008309336&hl=&source=gbs_api,https://books.google.com/books/about/November_Road.html?hl=&id=sTvCuQEACAAJ,,,,9780008309336,0008309337,,http://books.google.com/books/content?id=sTvCuQEACAAJ&printsec=frontcover&img=1&zoom=5&source=gbs_api,http://books.google.com/books/content?id=sTvCuQEACAAJ&printsec=frontcover&img=1&zoom=1&source=gbs_api
151,9780771060335,The Spy and the Traitor: The Greatest Espionage Story of the Cold War,Ben Macintyre,2021-08-04,2021-08-14,2021,True,The Spy and the Traitor,['Ben Macintyre'],Signal Books,2018-09-18,"The celebrated author of A Spy Among Friends and Rogue Heroes returns with his greatest spy story yet, a thrilling Cold War-era tale of Oleg Gordievsky, the Russian whose secret work helped hasten the collapse of the Soviet Union. If anyone could be considered a Russian counterpart to the infamous British double-agent Kim Philby, it was Oleg Gordievsky. The son of two KGB agents and the product of the best Soviet institutions, the savvy, sophisticated Gordievsky grew to see his nation's communism as both criminal and philistine. He took his first posting for Russian intelligence in 1968 and eventually became the Soviet Union's top man in London, but from 1973 on he was secretly working for MI6. For nearly a decade, as the Cold War reached its twilight, Gordievsky helped the West turn the tables on the KGB, exposing Russian spies and helping to foil countless intelligence plots, as the Soviet leadership grew increasingly paranoid at the United States's nuclear first-strike capabilities and brought the world closer to the brink of war. Desperate to keep the circle of trust close, MI6 never revealed Gordievsky's name to its counterparts in the CIA, which in turn grew obsessed with figuring out the identity of Britain's obviously top-level source. Their obsession ultimately doomed Gordievsky: the CIA officer assigned to identify him was none other than Aldrich Ames, the man who would become infamous for secretly spying for the Soviets. Unfolding the delicious three-way gamesmanship between America, Britain, and the Soviet Union, and culminating in the gripping cinematic beat-by-beat of Gordievsky's nail-biting escape from Moscow in 1985, Ben Macintyre's latest may be his best yet. Like the greatest novels of John le Carré, it brings readers deep into a world of treachery and betrayal, where the lines bleed between the personal and the professional, and one man's hatred of communism had the power to change the future of nations.","[{'type': 'ISBN_10', 'identifier': '0771060335'}, {'type': 'ISBN_13', 'identifier': '9780771060335'}]","{'text': False, 'image': False}",368.0,BOOK,,NOT_MATURE,False,preview-1.0.0,"{'containsEpubBubbles': False, 'containsImageBubbles': False}","{'smallThumbnail': 'http://books.google.com/books/content?id=Mx-lswEACAAJ&printsec=frontcover&img=1&zoom=5&source=gbs_api', 'thumbnail': 'http://books.google.com/books/content?id=Mx-lswEACAAJ&printsec=frontcover&img=1&zoom=1&source=gbs_api'}",en,http://books.google.com/books?id=Mx-lswEACAAJ&dq=isbn:9780771060335&hl=&cd=1&source=gbs_api,http://books.google.com/books?id=Mx-lswEACAAJ&dq=isbn:9780771060335&hl=&source=gbs_api,https://books.google.com/books/about/The_Spy_and_the_Traitor.html?hl=&id=Mx-lswEACAAJ,The Greatest Espionage Story of the Cold War,,,9780771060335,0771060335,,http://books.google.com/books/content?id=Mx-lswEACAAJ&printsec=frontcover&img=1&zoom=5&source=gbs_api,http://books.google.com/books/content?id=Mx-lswEACAAJ&printsec=frontcover&img=1&zoom=1&source=gbs_api
23,9780593230251,Caste: The Origins of Our Discontents,Isabel Wilkerson,2021-08-15,2021-08-21,2021,True,Caste,['Isabel Wilkerson'],Random House,2020-08-04,"#1 NEW YORK TIMES BESTSELLER • NEW YORK TIMES READERS PICK: 100 BEST BOOKS OF THE 21st CENTURY • OPRAH’S BOOK CLUB PICK • “An instant American classic and almost certainly the keynote nonfiction book of the American century thus far.”—Dwight Garner, The New York Times The Pulitzer Prize-winning author of The Warmth of Other Suns examines the unspoken caste system that has shaped America and shows how our lives today are still defined by a hierarchy of human divisions. #1 NONFICTION BOOK OF THE YEAR: Time ONE OF THE BEST BOOKS OF THE YEAR: The Washington Post, The New York Times, Los Angeles Times, Boston Globe, O: The Oprah Magazine, NPR, Bloomberg, The Christian Science Monitor, New York Post, The New York Public Library, Fortune, Smithsonian Magazine, Marie Claire, Slate, Library Journal, Kirkus Reviews Winner of the Los Angeles Times Book Prize • National Book Critics Circle Award Finalist • Winner of the Carl Sandburg Literary Award • Dayton Literary Prize Finalist • PEN/John Kenneth Galbraith Award for Nonfiction Finalist • PEN/Jean Stein Book Award Finalist • Kirkus Prize Finalist “As we go about our daily lives, caste is the wordless usher in a darkened theater, flashlight cast down in the aisles, guiding us to our assigned seats for a performance. The hierarchy of caste is not about feelings or morality. It is about power—which groups have it and which do not.” Beyond race, class, or other factors, there is a powerful caste system that influences people’s lives and behavior and the nation’s fate. Linking the caste systems of America, India, and Nazi Germany, Isabel Wilkerson explores eight pillars that underlie caste systems across civilizations, including divine will, bloodlines, stigma, and more. Using riveting stories about people—including Martin Luther King, Jr., baseball’s Satchel Paige, a single father and his toddler son, Wilkerson herself, and many others—she shows the ways that the insidious undertow of caste is experienced every day. Finally, she points forward to ways America can move beyond the artificial and destructive separations of human divisions, toward hope in our common humanity.","[{'type': 'ISBN_13', 'identifier': '9780593230251'}, {'type': 'ISBN_10', 'identifier': '0593230256'}]","{'text': False, 'image': False}",545.0,BOOK,['Social Science'],NOT_MATURE,False,0.6.1.0.preview.0,"{'containsEpubBubbles': False, 'containsImageBubbles': False}","{'smallThumbnail': 'http://books.google.com/books/content?id=_er2DwAAQBAJ&printsec=frontcover&img=1&zoom=5&edge=curl&source=gbs_api', 'thumbnail': 'http://books.google.com/books/content?id=_er2DwAAQBAJ&printsec=frontcover&img=1&zoom=1&edge=curl&source=gbs_api'}",en,http://books.google.com/books?id=_er2DwAAQBAJ&printsec=frontcover&dq=isbn:9780593230251&hl=&cd=1&source=gbs_api,http://books.google.com/books?id=_er2DwAAQBAJ&dq=isbn:9780593230251&hl=&source=gbs_api,https://books.google.com/books/about/Caste.html?hl=&id=_er2DwAAQBAJ,The Origins of Our Discontents,1.0,1.0,9780593230251,0593230256,,http://books.google.com/books/content?id=_er2DwAAQBAJ&printsec=frontcover&img=1&zoom=5&edge=curl&source=gbs_api,http://books.google.com/books/content?id=_er2DwAAQBAJ&printsec=frontcover&img=1&zoom=1&edge=curl&source=gbs_api
16,9780735221673,A Gentleman in Moscow,Amor Towles,2021-08-21,2021-09-12,2021,True,A Gentleman in Moscow,['Amor Towles'],,2016-09-06,,"[{'type': 'ISBN_10', 'identifier': '0735221677'}, {'type': 'ISBN_13', 'identifier': '9780735221673'}]","{'text': False, 'image': False}",448.0,BOOK,,NOT_MATURE,False,preview-1.0.0,"{'containsEpubBubbles': False, 'containsImageBubbles': False}","{'smallThumbnail': 'http://books.google.com/books/content?id=ApeoDAEACAAJ&printsec=frontcover&img=1&zoom=5&source=gbs_api', 'thumbnail': 'http://books.google.com/books/content?id=ApeoDAEACAAJ&printsec=frontcover&img=1&zoom=1&source=gbs_api'}",en,http://books.google.com/books?id=ApeoDAEACAAJ&dq=isbn:9780735221673&hl=&cd=1&source=gbs_api,http://books.google.com/books?id=ApeoDAEACAAJ&dq=isbn:9780735221673&hl=&source=gbs_api,https://books.google.com/books/about/A_Gentleman_in_Moscow.html?hl=&id=ApeoDAEACAAJ,,,,9780735221673,0735221677,,http://books.google.com/books/content?id=ApeoDAEACAAJ&printsec=frontcover&img=1&zoom=5&source=gbs_api,http://books.google.com/books/content?id=ApeoDAEACAAJ&printsec=frontcover&img=1&zoom=1&source=gbs_api
13,9780679720201,The Stranger,Albert Camus,2021-08-24,2021-09-06,2021,True,The Stranger,['Albert Camus'],Vintage,1989-03-13,"With the intrigue of a psychological thriller, The Stranger—Camus's masterpiece—gives us the story of an ordinary man unwittingly drawn into a senseless murder on an Algerian beach. With an Introduction by Peter Dunwoodie; translated by Matthew Ward. Behind the subterfuge, Camus explores what he termed ""the nakedness of man faced with the absurd"" and describes the condition of reckless alienation and spiritual exhaustion that characterized so much of twentieth-century life. “The Stranger is a strikingly modern text and Matthew Ward’s translation will enable readers to appreciate why Camus’s stoical anti-hero and ­devious narrator remains one of the key expressions of a postwar Western malaise, and one of the cleverest exponents of a literature of ambiguity.” –from the Introduction by Peter Dunwoodie First published in 1946; now in translation by Matthew Ward.","[{'type': 'ISBN_13', 'identifier': '9780679720201'}, {'type': 'ISBN_10', 'identifier': '0679720200'}]","{'text': False, 'image': False}",134.0,BOOK,['Fiction'],NOT_MATURE,False,0.2.1.0.preview.0,"{'containsEpubBubbles': False, 'containsImageBubbles': False}","{'smallThumbnail': 'http://books.google.com/books/content?id=iVV7bKVUNBAC&printsec=frontcover&img=1&zoom=5&edge=curl&source=gbs_api', 'thumbnail': 'http://books.google.com/books/content?id=iVV7bKVUNBAC&printsec=frontcover&img=1&zoom=1&edge=curl&source=gbs_api'}",en,http://books.google.com/books?id=iVV7bKVUNBAC&printsec=frontcover&dq=isbn:9780679720201&hl=&cd=1&source=gbs_api,http://books.google.com/books?id=iVV7bKVUNBAC&dq=isbn:9780679720201&hl=&source=gbs_api,https://books.google.com/books/about/The_Stranger.html?hl=&id=iVV7bKVUNBAC,,4.0,52.0,9780679720201,0679720200,,http://books.google.com/books/content?id=iVV7bKVUNBAC&printsec=frontcover&img=1&zoom=5&edge=curl&source=gbs_api,http://books.google.com/books/content?id=iVV7bKVUNBAC&printsec=frontcover&img=1&zoom=1&edge=curl&source=gbs_api
150,9781451642292,Three Women,Lisa Taddeo,2021-09-14,2021-09-23,2021,True,Three Women,['Lisa Taddeo'],Avid Reader Press / Simon & Schuster,2019-07-09,"NOW A SERIES ON STARZ STARRING SHAILENE WOODLEY * BETTY GILPIN * DeWANDA WISE * GABRIELLE CREEVY * with BLAIR UNDERWOOD “Staggeringly intimate...Groundbreaking.” —Entertainment Weekly “A breathtaking and important book.” —Cheryl Strayed “Extraordinary...A nonfiction literary masterpiece.” —Elizabeth Gilbert #1 New York Times Bestseller and a Best Book of the Year by: The Washington Post * NPR * The Atlantic * New York Public Library * Vanity Fair * PBS * Time * Economist * Entertainment Weekly * Financial Times * Shelf Awareness * Guardian * Sunday Times * BBC * Esquire * Good Housekeeping * Elle * Real Simple * And more A riveting true story about the sex lives of three real American women “who are carnal, brave, and beautifully flawed” (People, Book of the Week), based on nearly a decade of reporting. Lina, a young mother in suburban Indiana whose marriage has lost its passion, reconnects with an old flame through social media and embarks on an affair that quickly becomes all-consuming. Maggie, a seventeen-year-old high school student in North Dakota, allegedly engages in a relationship with her married English teacher; the ensuing criminal trial turns their quiet community upside down. Sloane, a successful restaurant owner in an exclusive enclave of the Northeast, is happily married to a man who likes to watch her have sex with other men and women. Hailed as “a dazzling achievement” (Los Angeles Times) and “a riveting page-turner that explores desire, heartbreak, and infatuation in all its messy, complicated nuance” (The Washington Post), Lisa Taddeo’s Three Women has captivated readers, booksellers, and critics—and topped bestseller lists—worldwide. Based on eight years of immersive research, it is “an astonishing work of literary reportage” (The Atlantic) that introduces us to three unforgettable women—and one remarkable writer—whose experiences remind us that we are not alone.","[{'type': 'ISBN_13', 'identifier': '9781451642292'}, {'type': 'ISBN_10', 'identifier': '1451642296'}]","{'text': False, 'image': False}",320.0,BOOK,['History'],MATURE,False,0.4.2.0.preview.0,"{'containsEpubBubbles': False, 'containsImageBubbles': False}","{'smallThumbnail': 'http://books.google.com/books/content?id=LNecDwAAQBAJ&printsec=frontcover&img=1&zoom=5&edge=curl&source=gbs_api', 'thumbnail': 'http://books.google.com/books/content?id=LNecDwAAQBAJ&printsec=frontcover&img=1&zoom=1&edge=curl&source=gbs_api'}",en,http://books.google.com/books?id=LNecDwAAQBAJ&printsec=frontcover&dq=isbn:9781451642292&hl=&cd=1&source=gbs_api,http://books.google.com/books?id=LNecDwAAQBAJ&dq=isbn:9781451642292&hl=&source=gbs_api,https://books.google.com/books/about/Three_Women.html?hl=&id=LNecDwAAQBAJ,,,,9781451642292,1451642296,,http://books.google.com/books/content?id=LNecDwAAQBAJ&printsec=frontcover&img=1&zoom=5&edge=curl&source=gbs_api,http://books.google.com/books/content?id=LNecDwAAQBAJ&printsec=frontcover&img=1&zoom=1&edge=curl&source=gbs_api
142,9780307958044,The Earth Is Weeping: The Epic Story of the Indian Wars for the American West,Peter Cozzens,2021-09-24,2021-10-24,2021,True,The Earth is Weeping,['Peter Cozzens'],Knopf,2016,"""With the end of the Civil War, the nation recommenced its expansion onto traditional Indian tribal lands, setting off a wide-ranging conflict that would last more than three decades. In an exploration of the wars and negotiations that destroyed tribal ways of life even as they made possible the emergence of the modern United States, Peter Cozzens gives us both sides in comprehensive and singularly intimate detail. He illuminates the encroachment experienced by the tribes and the tribal conflicts over whether to fight or make peace, and explores the squalid lives of soldiers posted to the frontier and the ethical quandaries faced by generals who often sympathized with their native enemies, ""--Amazon.com.","[{'type': 'ISBN_13', 'identifier': '9780307958044'}, {'type': 'ISBN_10', 'identifier': '0307958043'}]","{'text': False, 'image': False}",601.0,BOOK,['History'],NOT_MATURE,False,0.4.2.0.preview.0,"{'containsEpubBubbles': False, 'containsImageBubbles': False}","{'smallThumbnail': 'http://books.google.com/books/content?id=JdsiDQAAQBAJ&printsec=frontcover&img=1&zoom=5&edge=curl&source=gbs_api', 'thumbnail': 'http://books.google.com/books/content?id=JdsiDQAAQBAJ&printsec=frontcover&img=1&zoom=1&edge=curl&source=gbs_api'}",en,http://books.google.com/books?id=JdsiDQAAQBAJ&printsec=frontcover&dq=isbn:9780307958044&hl=&cd=1&source=gbs_api,http://books.google.com/books?id=JdsiDQAAQBAJ&dq=isbn:9780307958044&hl=&source=gbs_api,https://books.google.com/books/about/The_Earth_is_Weeping.html?hl=&id=JdsiDQAAQBAJ,The Epic Story of the Indian Wars for the American West,,,9780307958044,0307958043,,http://books.google.com/books/content?id=JdsiDQAAQBAJ&printsec=frontcover&img=1&zoom=5&edge=curl&source=gbs_api,http://books.google.com/books/content?id=JdsiDQAAQBAJ&printsec=frontcover&img=1&zoom=1&edge=curl&source=gbs_api
149,9780385543767,Hidden Valley Road: Inside the Mind of an American Family,Robert Kolker,2021-10-02,2021-11-09,2021,True,Hidden Valley Road,['Robert Kolker'],National Geographic Books,2020-04-07,"OPRAH’S BOOK CLUB PICK #1 NEW YORK TIMES BESTSELLER ONE OF THE NEW YORK TIMES TOP TEN BOOKS OF THE YEAR ONE OF THE WALL STREET JOURNAL TOP TEN BOOKS OF THE YEAR PEOPLE'S #1 BEST BOOK OF THE YEAR ONE OF GQ's TOP 50 BOOKS OF LITERARY JOURNALISM IN THE 21st CENTURY Named a BEST BOOK OF THE YEAR by The New York Times, The Washington Post, NPR, TIME, Slate, Smithsonian, The New York Post, and Amazon The heartrending story of a midcentury American family with twelve children, six of them diagnosed with schizophrenia, that became science's great hope in the quest to understand the disease. Don and Mimi Galvin seemed to be living the American dream. After World War II, Don's work with the Air Force brought them to Colorado, where their twelve children perfectly spanned the baby boom: the oldest born in 1945, the youngest in 1965. In those years, there was an established script for a family like the Galvins--aspiration, hard work, upward mobility, domestic harmony--and they worked hard to play their parts. But behind the scenes was a different story: psychological breakdown, sudden shocking violence, hidden abuse. By the mid-1970s, six of the ten Galvin boys, one after another, were diagnosed as schizophrenic. How could all this happen to one family? What took place inside the house on Hidden Valley Road was so extraordinary that the Galvins became one of the first families to be studied by the National Institute of Mental Health. Their story offers a shadow history of the science of schizophrenia, from the era of institutionalization, lobotomy, and the schizophrenogenic mother to the search for genetic markers for the disease, always amid profound disagreements about the nature of the illness itself. And unbeknownst to the Galvins, samples of their DNA informed decades of genetic research that continues today, offering paths to treatment, prediction, and even eradication of the disease for future generations. With clarity and compassion, bestselling and award-winning author Robert Kolker uncovers one family's unforgettable legacy of suffering, love, and hope.","[{'type': 'ISBN_13', 'identifier': '9780385543767'}, {'type': 'ISBN_10', 'identifier': '038554376X'}]","{'text': True, 'image': False}",377.0,BOOK,['Biography & Autobiography'],NOT_MATURE,False,preview-1.0.0,"{'containsEpubBubbles': False, 'containsImageBubbles': False}","{'smallThumbnail': 'http://books.google.com/books/content?id=dEGNEAAAQBAJ&printsec=frontcover&img=1&zoom=5&source=gbs_api', 'thumbnail': 'http://books.google.com/books/content?id=dEGNEAAAQBAJ&printsec=frontcover&img=1&zoom=1&source=gbs_api'}",en,http://books.google.com/books?id=dEGNEAAAQBAJ&dq=isbn:9780385543767&hl=&cd=1&source=gbs_api,http://books.google.com/books?id=dEGNEAAAQBAJ&dq=isbn:9780385543767&hl=&source=gbs_api,https://books.google.com/books/about/Hidden_Valley_Road.html?hl=&id=dEGNEAAAQBAJ,Inside the Mind of an American Family,,,9780385543767,038554376X,,http://books.google.com/books/content?id=dEGNEAAAQBAJ&printsec=frontcover&img=1&zoom=5&source=gbs_api,http://books.google.com/books/content?id=dEGNEAAAQBAJ&printsec=frontcover&img=1&zoom=1&source=gbs_api
19,9780374719791,Crossroads,Jonathan Franzen,2021-10-06,2021-10-23,2021,True,Crossroads,['Jonathan Franzen'],"Farrar, Straus and Giroux",2021-10-05,"Jonathan Franzen’s gift for wedding depth and vividness of character with breadth of social vision has never been more dazzlingly evident than in Crossroads. It’s December 23, 1971, and heavy weather is forecast for Chicago. Russ Hildebrandt, the associate pastor of a liberal suburban church, is on the brink of breaking free of a marriage he finds joyless—unless his wife, Marion, who has her own secret life, beats him to it. Their eldest child, Clem, is coming home from college on fire with moral absolutism, having taken an action that will shatter his father. Clem’s sister, Becky, long the social queen of her high-school class, has sharply veered into the counterculture, while their brilliant younger brother Perry, who’s been selling drugs to seventh graders, has resolved to be a better person. Each of the Hildebrandts seeks a freedom that each of the others threatens to complicate. Jonathan Franzen’s novels are celebrated for their unforgettably vivid characters and for their keen-eyed take on contemporary America. Now, in Crossroads, Franzen ventures back into the past and explores the history of two generations. With characteristic humor and complexity, and with even greater warmth, he conjures a world that resonates powerfully with our own. A tour de force of interwoven perspectives and sustained suspense, its action largely unfolding on a single winter day, Crossroads is the story of a Midwestern family at a pivotal moment of moral crisis. Jonathan Franzen’s gift for melding the small picture and the big picture has never been more dazzlingly evident.","[{'type': 'ISBN_13', 'identifier': '9780374719791'}, {'type': 'ISBN_10', 'identifier': '0374719799'}]","{'text': True, 'image': False}",529.0,BOOK,['Fiction'],NOT_MATURE,True,1.6.7.0.preview.2,"{'containsEpubBubbles': False, 'containsImageBubbles': False}","{'smallThumbnail': 'http://books.google.com/books/content?id=X1YIEAAAQBAJ&printsec=frontcover&img=1&zoom=5&edge=curl&source=gbs_api', 'thumbnail': 'http://books.google.com/books/content?id=X1YIEAAAQBAJ&printsec=frontcover&img=1&zoom=1&edge=curl&source=gbs_api'}",en,http://books.google.com/books?id=X1YIEAAAQBAJ&printsec=frontcover&dq=isbn:9780374719791&hl=&cd=1&source=gbs_api,https://play.google.com/store/books/details?id=X1YIEAAAQBAJ&source=gbs_api,https://play.google.com/store/books/details?id=X1YIEAAAQBAJ,A Novel,,,9780374719791,0374719799,,http://books.google.com/books/content?id=X1YIEAAAQBAJ&printsec=frontcover&img=1&zoom=5&edge=curl&source=gbs_api,http://books.google.com/books/content?id=X1YIEAAAQBAJ&printsec=frontcover&img=1&zoom=1&edge=curl&source=gbs_api
148,9780307408860,Dead Wake: The Last Crossing of the Lusitania,Erik Larson,2021-10-24,2021-11-12,2021,True,Dead Wake,['Erik Larson'],Crown,2015-03-10,"#1 NEW YORK TIMES BESTSELLER • From the bestselling author and master of narrative nonfiction comes the enthralling story of the sinking of the Lusitania “Both terrifying and enthralling.”—Entertainment Weekly “Thrilling, dramatic and powerful.”—NPR “Thoroughly engrossing.”—George R.R. Martin On May 1, 1915, with WWI entering its tenth month, a luxury ocean liner as richly appointed as an English country house sailed out of New York, bound for Liverpool, carrying a record number of children and infants. The passengers were surprisingly at ease, even though Germany had declared the seas around Britain to be a war zone. For months, German U-boats had brought terror to the North Atlantic. But the Lusitania was one of the era’s great transatlantic “Greyhounds”—the fastest liner then in service—and her captain, William Thomas Turner, placed tremendous faith in the gentlemanly strictures of warfare that for a century had kept civilian ships safe from attack. Germany, however, was determined to change the rules of the game, and Walther Schwieger, the captain of Unterseeboot-20, was happy to oblige. Meanwhile, an ultra-secret British intelligence unit tracked Schwieger’s U-boat, but told no one. As U-20 and the Lusitania made their way toward Liverpool, an array of forces both grand and achingly small—hubris, a chance fog, a closely guarded secret, and more—all converged to produce one of the great disasters of history. It is a story that many of us think we know but don’t, and Erik Larson tells it thrillingly, switching between hunter and hunted while painting a larger portrait of America at the height of the Progressive Era. Full of glamour and suspense, Dead Wake brings to life a cast of evocative characters, from famed Boston bookseller Charles Lauriat to pioneering female architect Theodate Pope to President Woodrow Wilson, a man lost to grief, dreading the widening war but also captivated by the prospect of new love. Gripping and important, Dead Wake captures the sheer drama and emotional power of a disaster whose intimate details and true meaning have long been obscured by history. Finalist for the Washington State Book Award • One of the Best Books of the Year: The Washington Post, St. Louis Post-Dispatch, Miami Herald, Library Journal, Kirkus Reviews, LibraryReads, Indigo","[{'type': 'ISBN_13', 'identifier': '9780307408860'}, {'type': 'ISBN_10', 'identifier': '0307408868'}]","{'text': False, 'image': False}",450.0,BOOK,['History'],NOT_MATURE,False,2.6.1.0.preview.0,"{'containsEpubBubbles': False, 'containsImageBubbles': False}","{'smallThumbnail': 'http://books.google.com/books/content?id=qhW3BgAAQBAJ&printsec=frontcover&img=1&zoom=5&edge=curl&source=gbs_api', 'thumbnail': 'http://books.google.com/books/content?id=qhW3BgAAQBAJ&printsec=frontcover&img=1&zoom=1&edge=curl&source=gbs_api'}",en,http://books.google.com/books?id=qhW3BgAAQBAJ&printsec=frontcover&dq=isbn:9780307408860&hl=&cd=1&source=gbs_api,http://books.google.com/books?id=qhW3BgAAQBAJ&dq=isbn:9780307408860&hl=&source=gbs_api,https://books.google.com/books/about/Dead_Wake.html?hl=&id=qhW3BgAAQBAJ,The Last Crossing of the Lusitania,,,9780307408860,0307408868,,http://books.google.com/books/content?id=qhW3BgAAQBAJ&printsec=frontcover&img=1&zoom=5&edge=curl&source=gbs_api,http://books.google.com/books/content?id=qhW3BgAAQBAJ&printsec=frontcover&img=1&zoom=1&edge=curl&source=gbs_api
147,9781250122438,My Ex-Life,Stephen McCauley,2021-11-13,2021-11-19,2021,True,My Ex-Life,['Stephen McCauley'],,2018-05-08,"David Hedges is having an unusual midlife crisis. His boyfriend, Soren, has left him for an older man, albeit a successful surgeon. His job--helping the spoiled children of San Francisco's elite get into college--is exasperating. As his life reaches new lows, his weight reaches new highs. The only good thing he has is his under-market-value apartment that has a view so stunning he is the envy of all of San Francisco. But when the landlord finally decides to sell--to Soren and the surgeon courtesy of his supposed realtor friend--David hits rock bottom.Across the country, Julie Fiske isn't having a much better time herself. Carol, the woman (younger, of course) that Henry, her second husband, left her for, is downright likable--more likeable than Henry was. The bills that she files by throwing into the back seat of her car keep piling up--so much so that she has turned her rambling home into an illegal B&B in the seaside tourist town where she lives. Her sullen teen daughter adamantly refused to apply to college (as David says, ""I'm always drawn to sadness in teenagers, which I take to be a sign of intelligence. What teenager with half a brain looking at the condition of the planet they would inherit wouldn't be sad?""). And Julie can't seem to quit smoking weed (Why should she? It's the one good thing she has). Henry lays down an ultimatum--if Mandy doesn't start applying to college, she's going to come live with him and Carol. And then Mandy surprises Henry, and stuns Julie, by saying she's been working with David Hedges, Mom's first husband from long ago. It's a lie, but a good one, and, Julie thinks, not a bad idea. So when Julie calls David up out of the blue and asks if he'll help Mandy, he says of course. And when Mandy tells David he should come visit them and stay in one of their B&B rooms, he surprises everyone, including himself, by accepting.Soon David and Julie are living together and in many ways pick up exactly where they left off. But while the chemistry between them is still there, and they can finish each other's sentences, there's one conversation they never finished that is unavoidable.","[{'type': 'ISBN_13', 'identifier': '9781250122438'}, {'type': 'ISBN_10', 'identifier': '1250122430'}]","{'text': False, 'image': False}",335.0,BOOK,['Fiction'],NOT_MATURE,False,0.1.3.0.preview.0,"{'containsEpubBubbles': False, 'containsImageBubbles': False}","{'smallThumbnail': 'http://books.google.com/books/content?id=rcBODwAAQBAJ&printsec=frontcover&img=1&zoom=5&edge=curl&source=gbs_api', 'thumbnail': 'http://books.google.com/books/content?id=rcBODwAAQBAJ&printsec=frontcover&img=1&zoom=1&edge=curl&source=gbs_api'}",en,http://books.google.com/books?id=rcBODwAAQBAJ&printsec=frontcover&dq=isbn:9781250122438&hl=&cd=1&source=gbs_api,http://books.google.com/books?id=rcBODwAAQBAJ&dq=isbn:9781250122438&hl=&source=gbs_api,https://books.google.com/books/about/My_Ex_Life.html?hl=&id=rcBODwAAQBAJ,A Novel,,,9781250122438,1250122430,,http://books.google.com/books/content?id=rcBODwAAQBAJ&printsec=frontcover&img=1&zoom=5&edge=curl&source=gbs_api,http://books.google.com/books/content?id=rcBODwAAQBAJ&printsec=frontcover&img=1&zoom=1&edge=curl&source=gbs_api
143,9780062364777,Mislaid,Nell Zink,2021-11-25,2021-12-14,2021,True,Mislaid,['Nell Zink'],Ecco,2015-05-19,"LONGLISTED FOR THE 2015 NATIONAL BOOK AWARD A sharply observed, mordantly funny, and startlingly original novel from an exciting, unconventional new voice—the author of the acclaimed The Wallcreeper—about the making and unmaking of the American family that lays bare all of our assumptions about race and racism, sexuality and desire. Stillwater College in Virginia, 1966. Freshman Peggy, an ingénue with literary pretensions, falls under the spell of Lee, a blue-blooded poet and professor, and they begin an ill-advised affair that results in an unplanned pregnancy and marriage. The two are mismatched from the start—she’s a lesbian, he’s gay—but it takes a decade of emotional erosion before Peggy runs off with their three-year-old daughter, leaving their nine-year-old son behind. Worried that Lee will have her committed for her erratic behavior, Peggy goes underground, adopting an African American persona for her and her daughter. They squat in a house in an African-American settlement, eventually moving to a housing project where no one questions their true racial identities. As Peggy and Lee’s children grow up, they must contend with diverse emotional issues: Byrdie deals with his father’s compulsive honesty; while Karen struggles with her mother’s lies—she knows neither her real age, nor that she is “white,” nor that she has any other family. Years later, a minority scholarship lands Karen at the University of Virginia, where Byrdie is in his senior year. Eventually the long lost siblings will meet, setting off a series of misunderstandings and culminating in a comedic finale worthy of Shakespeare.","[{'type': 'ISBN_10', 'identifier': '0062364774'}, {'type': 'ISBN_13', 'identifier': '9780062364777'}]","{'text': False, 'image': False}",242.0,BOOK,['Fiction'],NOT_MATURE,False,preview-1.0.0,"{'containsEpubBubbles': False, 'containsImageBubbles': False}","{'smallThumbnail': 'http://books.google.com/books/content?id=yybhoQEACAAJ&printsec=frontcover&img=1&zoom=5&source=gbs_api', 'thumbnail': 'http://books.google.com/books/content?id=yybhoQEACAAJ&printsec=frontcover&img=1&zoom=1&source=gbs_api'}",en,http://books.google.com/books?id=yybhoQEACAAJ&dq=isbn:9780062364777&hl=&cd=1&source=gbs_api,http://books.google.com/books?id=yybhoQEACAAJ&dq=isbn:9780062364777&hl=&source=gbs_api,https://books.google.com/books/about/Mislaid.html?hl=&id=yybhoQEACAAJ,A Novel,,,9780062364777,0062364774,,http://books.google.com/books/content?id=yybhoQEACAAJ&printsec=frontcover&img=1&zoom=5&source=gbs_api,http://books.google.com/books/content?id=yybhoQEACAAJ&printsec=frontcover&img=1&zoom=1&source=gbs_api
145,9780151010981,"Mistakes Were Made (But Not by Me): Why We Justify Foolish Beliefs, Bad Decisions, and Hurtful Acts",Carol Tavris,2021-12-14,2021-12-22,2021,True,Mistakes Were Made (but Not by Me),"['Carol Tavris', 'Elliot Aronson']",Houghton Mifflin,2007,"Two distinguished psychologists look at the role of self-justification in human life, explaining how and why we create fictions that absolve us of responsibility and restore our belief in our intelligence, moral rectitude, and correctness; assess the potential repercussions of such a course of action; and reveal how it can be overcome.","[{'type': 'ISBN_10', 'identifier': '0151010986'}, {'type': 'ISBN_13', 'identifier': '9780151010981'}]","{'text': False, 'image': False}",292.0,BOOK,['Psychology'],NOT_MATURE,False,preview-1.0.0,"{'containsEpubBubbles': False, 'containsImageBubbles': False}","{'smallThumbnail': 'http://books.google.com/books/content?id=TFpJvgAACAAJ&printsec=frontcover&img=1&zoom=5&source=gbs_api', 'thumbnail': 'http://books.google.com/books/content?id=TFpJvgAACAAJ&printsec=frontcover&img=1&zoom=1&source=gbs_api'}",en,http://books.google.com/books?id=TFpJvgAACAAJ&dq=isbn:9780151010981&hl=&cd=1&source=gbs_api,http://books.google.com/books?id=TFpJvgAACAAJ&dq=isbn:9780151010981&hl=&source=gbs_api,https://books.google.com/books/about/Mistakes_Were_Made_but_Not_by_Me.html?hl=&id=TFpJvgAACAAJ,"Why We Justify Foolish Beliefs, Bad Decisions, and Hurtful Acts",,,9780151010981,0151010986,,http://books.google.com/books/content?id=TFpJvgAACAAJ&printsec=frontcover&img=1&zoom=5&source=gbs_api,http://books.google.com/books/content?id=TFpJvgAACAAJ&printsec=frontcover&img=1&zoom=1&source=gbs_api
144,9780061443084,Black Boy,Richard Wright,2021-12-16,2021-12-28,2021,True,Black Boy,['Richard Wright'],Harper Perennial Modern Classics,2008-04-29,"Richard Wright grew up in the woods of Mississippi, with poverty, hunger, fear, and hatred. He lied, stole, and raged at those around him; at six he was a ""drunkard,"" hanging about taverns. Surly, brutal, cold, suspicious, and self-pitying, he was surrounded on one side by whites who were either indifferent to him, pitying, or cruel, and on the other by blacks who resented anyone trying to rise above the common lot. Black Boy is Richard Wright's powerful account of his journey from innocence to experience in the Jim Crow South. It is at once an unashamed confession and a profound indictment—a poignant and disturbing record of social injustice and human suffering.","[{'type': 'ISBN_10', 'identifier': '0061443085'}, {'type': 'ISBN_13', 'identifier': '9780061443084'}]","{'text': False, 'image': False}",419.0,BOOK,['Biography & Autobiography'],NOT_MATURE,False,preview-1.0.0,"{'containsEpubBubbles': False, 'containsImageBubbles': False}","{'smallThumbnail': 'http://books.google.com/books/content?id=0B81zwEACAAJ&printsec=frontcover&img=1&zoom=5&source=gbs_api', 'thumbnail': 'http://books.google.com/books/content?id=0B81zwEACAAJ&printsec=frontcover&img=1&zoom=1&source=gbs_api'}",en,http://books.google.com/books?id=0B81zwEACAAJ&dq=isbn:9780061443084&hl=&cd=1&source=gbs_api,http://books.google.com/books?id=0B81zwEACAAJ&dq=isbn:9780061443084&hl=&source=gbs_api,https://books.google.com/books/about/Black_Boy.html?hl=&id=0B81zwEACAAJ,,,,9780061443084,0061443085,,http://books.google.com/books/content?id=0B81zwEACAAJ&printsec=frontcover&img=1&zoom=5&source=gbs_api,http://books.google.com/books/content?id=0B81zwEACAAJ&printsec=frontcover&img=1&zoom=1&source=gbs_api
124,9781635576061,This Is How They Tell Me the World Ends: The Cyberweapons Arms Race,Nicole Perlroth,2021-12-28,2022-01-23,2022,True,This Is How They Tell Me the World Ends,['Nicole Perlroth'],Bloomsbury Publishing USA,2021-02-09,"THE NEW YORK TIMES BESTSELLER * Winner of the Financial Times & McKinsey Business Book of the Year Award * Bronze Medal, Arthur Ross Book Award (Council on Foreign Relations) ""Written in the hot, propulsive prose of a spy thriller"" (The New York Times), the untold story of the cyberweapons market-the most secretive, government-backed market on earth-and a terrifying first look at a new kind of global warfare. Zero-day: a software bug that allows a hacker to break into your devices and move around undetected. One of the most coveted tools in a spy's arsenal, a zero-day has the power to silently spy on your iPhone, dismantle the safety controls at a chemical plant, alter an election, and shut down the electric grid (just ask Ukraine). For decades, under cover of classification levels and nondisclosure agreements, the United States government became the world's dominant hoarder of zero-days. U.S. government agents paid top dollar-first thousands, and later millions of dollars-to hackers willing to sell their lock-picking code and their silence. Then the United States lost control of its hoard and the market. Now those zero-days are in the hands of hostile nations and mercenaries who do not care if your vote goes missing, your clean water is contaminated, or our nuclear plants melt down. Filled with spies, hackers, arms dealers, and a few unsung heroes, written like a thriller and a reference, This Is How They Tell Me the World Ends is an astonishing feat of journalism. Based on years of reporting and hundreds of interviews, Nicole Perlroth lifts the curtain on a market in shadow, revealing the urgent threat faced by us all if we cannot bring the global cyberarms race to heel.","[{'type': 'ISBN_13', 'identifier': '9781635576061'}, {'type': 'ISBN_10', 'identifier': '1635576067'}]","{'text': True, 'image': True}",529.0,BOOK,['Computers'],NOT_MATURE,True,2.9.7.0.preview.3,"{'containsEpubBubbles': False, 'containsImageBubbles': False}","{'smallThumbnail': 'http://books.google.com/books/content?id=6H_dDwAAQBAJ&printsec=frontcover&img=1&zoom=5&edge=curl&source=gbs_api', 'thumbnail': 'http://books.google.com/books/content?id=6H_dDwAAQBAJ&printsec=frontcover&img=1&zoom=1&edge=curl&source=gbs_api'}",en,http://books.google.com/books?id=6H_dDwAAQBAJ&printsec=frontcover&dq=isbn:9781635576061&hl=&cd=1&source=gbs_api,https://play.google.com/store/books/details?id=6H_dDwAAQBAJ&source=gbs_api,https://play.google.com/store/books/details?id=6H_dDwAAQBAJ,The Cyberweapons Arms Race,,,9781635576061,1635576067,,http://books.google.com/books/content?id=6H_dDwAAQBAJ&printsec=frontcover&img=1&zoom=5&edge=curl&source=gbs_api,http://books.google.com/books/content?id=6H_dDwAAQBAJ&printsec=frontcover&img=1&zoom=1&edge=curl&source=gbs_api
141,9780679735250,Dispatches,Michael Herr,2021-12-28,2022-01-08,2022,True,Dispatches,['Michael Herr'],Vintage,1991-08-06,"""The best book to have been written about the Vietnam War"" (The New York Times Book Review); an instant classic straight from the front lines. From its terrifying opening pages to its final eloquent words, Dispatches makes us see, in unforgettable and unflinching detail, the chaos and fervor of the war and the surreal insanity of life in that singular combat zone. Michael Herr’s unsparing, unorthodox retellings of the day-to-day events in Vietnam take on the force of poetry, rendering clarity from one of the most incomprehensible and nightmarish events of our time. Dispatches is among the most blistering and compassionate accounts of war in our literature.","[{'type': 'ISBN_13', 'identifier': '9780679735250'}, {'type': 'ISBN_10', 'identifier': '0679735259'}]","{'text': False, 'image': False}",274.0,BOOK,['History'],NOT_MATURE,False,0.7.1.0.preview.0,"{'containsEpubBubbles': False, 'containsImageBubbles': False}","{'smallThumbnail': 'http://books.google.com/books/content?id=5TrkpWDJTVwC&printsec=frontcover&img=1&zoom=5&edge=curl&source=gbs_api', 'thumbnail': 'http://books.google.com/books/content?id=5TrkpWDJTVwC&printsec=frontcover&img=1&zoom=1&edge=curl&source=gbs_api'}",en,http://books.google.com/books?id=5TrkpWDJTVwC&printsec=frontcover&dq=isbn:9780679735250&hl=&cd=1&source=gbs_api,http://books.google.com/books?id=5TrkpWDJTVwC&dq=isbn:9780679735250&hl=&source=gbs_api,https://books.google.com/books/about/Dispatches.html?hl=&id=5TrkpWDJTVwC,,,,9780679735250,0679735259,,http://books.google.com/books/content?id=5TrkpWDJTVwC&printsec=frontcover&img=1&zoom=5&edge=curl&source=gbs_api,http://books.google.com/books/content?id=5TrkpWDJTVwC&printsec=frontcover&img=1&zoom=1&edge=curl&source=gbs_api
140,9780399184499,Wonderland: How Play Made the Modern World,Steven Johnson,2022-01-09,2022-01-22,2022,True,Wonderland,['Steven Johnson'],Penguin,2017-11-14,"“A house of wonders itself. . . . Wonderland inspires grins and well-what-d'ya-knows” —The New York Times Book Review From the New York Times–bestselling author of How We Got to Now and Extra Life, a look at the world-changing innovations we made while keeping ourselves entertained. This lushly illustrated history of popular entertainment takes a long-zoom approach, contending that the pursuit of novelty and wonder is a powerful driver of world-shaping technological change. Steven Johnson argues that, throughout history, the cutting edge of innovation lies wherever people are working the hardest to keep themselves and others amused. Johnson’s storytelling is just as delightful as the inventions he describes, full of surprising stops along the journey from simple concepts to complex modern systems. He introduces us to the colorful innovators of leisure: the explorers, proprietors, showmen, and artists who changed the trajectory of history with their luxurious wares, exotic meals, taverns, gambling tables, and magic shows. In Wonderland, Johnson compellingly argues that observers of technological and social trends should be looking for clues in novel amusements. You’ll find the future wherever people are having the most fun.","[{'type': 'ISBN_13', 'identifier': '9780399184499'}, {'type': 'ISBN_10', 'identifier': '039918449X'}]","{'text': True, 'image': False}",336.0,BOOK,['History'],NOT_MATURE,False,preview-1.0.0,"{'containsEpubBubbles': False, 'containsImageBubbles': False}","{'smallThumbnail': 'http://books.google.com/books/content?id=jJpPEAAAQBAJ&printsec=frontcover&img=1&zoom=5&source=gbs_api', 'thumbnail': 'http://books.google.com/books/content?id=jJpPEAAAQBAJ&printsec=frontcover&img=1&zoom=1&source=gbs_api'}",en,http://books.google.com/books?id=jJpPEAAAQBAJ&dq=isbn:9780399184499&hl=&cd=1&source=gbs_api,http://books.google.com/books?id=jJpPEAAAQBAJ&dq=isbn:9780399184499&hl=&source=gbs_api,https://books.google.com/books/about/Wonderland.html?hl=&id=jJpPEAAAQBAJ,How Play Made the Modern World,,,9780399184499,039918449X,,http://books.google.com/books/content?id=jJpPEAAAQBAJ&printsec=frontcover&img=1&zoom=5&source=gbs_api,http://books.google.com/books/content?id=jJpPEAAAQBAJ&printsec=frontcover&img=1&zoom=1&source=gbs_api
136,9780316296939,"The Bomber Mafia: A Dream, a Temptation, and the Longest Night of the Second World War",Malcolm Gladwell,2022-01-23,2022-03-24,2022,True,The Bomber Mafia,['Malcolm Gladwell'],"Little, Brown",2021-04-27,"Dive into this “truly compelling” (Good Morning America) New York Times bestseller that explores how technology and best intentions collide in the heat of war—from the creator and host of the podcast Revisionist History. In The Bomber Mafia, Malcolm Gladwell weaves together the stories of a Dutch genius and his homemade computer, a band of brothers in central Alabama, a British psychopath, and pyromaniacal chemists at Harvard to examine one of the greatest moral challenges in modern American history. Most military thinkers in the years leading up to World War II saw the airplane as an afterthought. But a small band of idealistic strategists, the “Bomber Mafia,” asked: What if precision bombing could cripple the enemy and make war far less lethal? In contrast, the bombing of Tokyo on the deadliest night of the war was the brainchild of General Curtis LeMay, whose brutal pragmatism and scorched-earth tactics in Japan cost thousands of civilian lives, but may have spared even more by averting a planned US invasion. In The Bomber Mafia, Gladwell asks, “Was it worth it?” Things might have gone differently had LeMay’s predecessor, General Haywood Hansell, remained in charge. Hansell believed in precision bombing, but when he and Curtis LeMay squared off for a leadership handover in the jungles of Guam, LeMay emerged victorious, leading to the darkest night of World War II. The Bomber Mafia is a riveting tale of persistence, innovation, and the incalculable wages of war.","[{'type': 'ISBN_13', 'identifier': '9780316296939'}, {'type': 'ISBN_10', 'identifier': '0316296937'}]","{'text': True, 'image': False}",193.0,BOOK,['History'],NOT_MATURE,True,1.6.6.0.preview.2,"{'containsEpubBubbles': False, 'containsImageBubbles': False}","{'smallThumbnail': 'http://books.google.com/books/content?id=_gQXEAAAQBAJ&printsec=frontcover&img=1&zoom=5&edge=curl&source=gbs_api', 'thumbnail': 'http://books.google.com/books/content?id=_gQXEAAAQBAJ&printsec=frontcover&img=1&zoom=1&edge=curl&source=gbs_api'}",en,http://books.google.com/books?id=_gQXEAAAQBAJ&printsec=frontcover&dq=isbn:9780316296939&hl=&cd=1&source=gbs_api,https://play.google.com/store/books/details?id=_gQXEAAAQBAJ&source=gbs_api,https://play.google.com/store/books/details?id=_gQXEAAAQBAJ,"A Dream, a Temptation, and the Longest Night of the Second World War",4.0,1.0,9780316296939,0316296937,,http://books.google.com/books/content?id=_gQXEAAAQBAJ&printsec=frontcover&img=1&zoom=5&edge=curl&source=gbs_api,http://books.google.com/books/content?id=_gQXEAAAQBAJ&printsec=frontcover&img=1&zoom=1&edge=curl&source=gbs_api
139,9780375725609,The Devil in the White City,Erik Larson,2022-01-28,2022-02-15,2022,True,The Devil in the White City,['Erik Larson'],Vintage,2004-02-10,"#1 NATIONAL BESTSELLER • NATIONAL BOOK AWARD FINALIST • From the #1 New York Times bestselling author of The Splendid and the Vile comes the true tale of the 1893 World's Fair in Chicago and the cunning serial killer who used the magic and majesty of the fair to lure his victims to their death. “As absorbing a piece of popular history as one will ever hope to find.” —San Francisco Chronicle A Kirkus Reviews Best Nonfiction Book of the Century • A Los Angeles Times Best Nonfiction Book of the Last 30 Years Combining meticulous research with nail-biting storytelling, Erik Larson has crafted a narrative with all the wonder of newly discovered history and the thrills of the best fiction. Two men, each handsome and unusually adept at his chosen work, embodied an element of the great dynamic that characterized America’s rush toward the twentieth century. The architect was Daniel Hudson Burnham, the fair’s brilliant director of works and the builder of many of the country’s most important structures, including the Flatiron Building in New York and Union Station in Washington, D.C. The murderer was Henry H. Holmes, a young doctor who, in a malign parody of the White City, built his “World’s Fair Hotel” just west of the fairgrounds—a torture palace complete with dissection table, gas chamber, and 3,000-degree crematorium. Burnham overcame tremendous obstacles and tragedies as he organized the talents of Frederick Law Olmsted, Charles McKim, Louis Sullivan, and others to transform swampy Jackson Park into the White City, while Holmes used the attraction of the great fair and his own satanic charms to lure scores of young women to their deaths. What makes the story all the more chilling is that Holmes really lived, walking the grounds of that dream city by the lake. The Devil in the White City draws the reader into the enchantment of the Guilded Age, made all the more appealing by a supporting cast of real-life characters, including Buffalo Bill, Theodore Dreiser, Susan B. Anthony, Thomas Edison, Archduke Francis Ferdinand, and others. Erik Larson’s gifts as a storyteller are magnificently displayed in this rich narrative of the master builder, the killer, and the great fair that obsessed them both.","[{'type': 'ISBN_13', 'identifier': '9780375725609'}, {'type': 'ISBN_10', 'identifier': '0375725601'}]","{'text': False, 'image': False}",465.0,BOOK,['History'],NOT_MATURE,False,0.7.2.0.preview.0,"{'containsEpubBubbles': False, 'containsImageBubbles': False}","{'smallThumbnail': 'http://books.google.com/books/content?id=1g2PDQAAQBAJ&printsec=frontcover&img=1&zoom=5&edge=curl&source=gbs_api', 'thumbnail': 'http://books.google.com/books/content?id=1g2PDQAAQBAJ&printsec=frontcover&img=1&zoom=1&edge=curl&source=gbs_api'}",en,http://books.google.com/books?id=1g2PDQAAQBAJ&printsec=frontcover&dq=isbn:9780375725609&hl=&cd=1&source=gbs_api,http://books.google.com/books?id=1g2PDQAAQBAJ&dq=isbn:9780375725609&hl=&source=gbs_api,https://books.google.com/books/about/The_Devil_in_the_White_City.html?hl=&id=1g2PDQAAQBAJ,"Murder, Magic, and Madness at the Fair that Changed America",,,9780375725609,0375725601,,http://books.google.com/books/content?id=1g2PDQAAQBAJ&printsec=frontcover&img=1&zoom=5&edge=curl&source=gbs_api,http://books.google.com/books/content?id=1g2PDQAAQBAJ&printsec=frontcover&img=1&zoom=1&edge=curl&source=gbs_api
96,9780593135228,Project Hail Mary,Andy Weir,2022-02-12,2022-02-21,2022,True,Project Hail Mary,['Andy Weir'],Ballantine Books,2022-10-04,"THE #1 NEW YORK TIMES BESTSELLER FROM THE AUTHOR OF THE MARTIAN • Soon to be a major motion picture starring Ryan Gosling, directed by Phil Lord and Christopher Miller, with a screenplay by Drew Goddard A lone astronaut must save the earth from disaster in this “propulsive” (Entertainment Weekly), cinematic thriller full of suspense, humor, and fascinating science. HUGO AWARD FINALIST • ONE OF THE YEAR’S BEST BOOKS: Bill Gates, GatesNotes, New York Public Library, Parade, Newsweek, Polygon, Shelf Awareness, She Reads, Kirkus Reviews, Library Journal • New York Times Readers Pick: 100 Best Books of the 21st Century “An epic story of redemption, discovery and cool speculative sci-fi.”—USA Today “If you loved The Martian, you’ll go crazy for Weir’s latest.”—The Washington Post Ryland Grace is the sole survivor on a desperate, last-chance mission—and if he fails, humanity and the earth itself will perish. Except that right now, he doesn’t know that. He can’t even remember his own name, let alone the nature of his assignment or how to complete it. All he knows is that he’s been asleep for a very, very long time. And he’s just been awakened to find himself millions of miles from home, with nothing but two corpses for company. His crewmates dead, his memories fuzzily returning, Ryland realizes that an impossible task now confronts him. Hurtling through space on this tiny ship, it’s up to him to puzzle out an impossible scientific mystery—and conquer an extinction-level threat to our species. And with the clock ticking down and the nearest human being light-years away, he’s got to do it all alone. Or does he? An irresistible interstellar adventure as only Andy Weir could deliver, Project Hail Mary is a tale of discovery, speculation, and survival to rival The Martian—while taking us to places it never dreamed of going.","[{'type': 'ISBN_13', 'identifier': '9780593135228'}, {'type': 'ISBN_10', 'identifier': '0593135229'}]","{'text': False, 'image': False}",497.0,BOOK,['Fiction'],NOT_MATURE,False,0.7.2.0.preview.0,"{'containsEpubBubbles': False, 'containsImageBubbles': False}","{'smallThumbnail': 'http://books.google.com/books/content?id=iEiHEAAAQBAJ&printsec=frontcover&img=1&zoom=5&edge=curl&source=gbs_api', 'thumbnail': 'http://books.google.com/books/content?id=iEiHEAAAQBAJ&printsec=frontcover&img=1&zoom=1&edge=curl&source=gbs_api'}",en,http://books.google.com/books?id=iEiHEAAAQBAJ&printsec=frontcover&dq=isbn:9780593135228&hl=&cd=1&source=gbs_api,http://books.google.com/books?id=iEiHEAAAQBAJ&dq=isbn:9780593135228&hl=&source=gbs_api,https://books.google.com/books/about/Project_Hail_Mary.html?hl=&id=iEiHEAAAQBAJ,A Novel,3.0,1.0,9780593135228,0593135229,,http://books.google.com/books/content?id=iEiHEAAAQBAJ&printsec=frontcover&img=1&zoom=5&edge=curl&source=gbs_api,http://books.google.com/books/content?id=iEiHEAAAQBAJ&printsec=frontcover&img=1&zoom=1&edge=curl&source=gbs_api
138,9780358157120,Seven and a Half Lessons About the Brain,Lisa Feldman Barrett,2022-02-19,2022-03-12,2022,True,Seven And A Half Lessons About The Brain,['Lisa Feldman Barrett'],HarperCollins,2020-11-17,"From the author of How Emotions Are Made, a myth-busting primer on the brain in the tradition of Seven Brief Lessons on Physics and Astrophysics for People in a Hurry. Have you ever wondered why you have a brain? Let renowned neuroscientist Lisa Feldman Barrett demystify that big gray blob between your ears. In seven short essays (plus a bite-sized story about how brains evolved), this slim, entertaining, and accessible collection reveals mind-expanding lessons from the front lines of neuroscience research. You’ll learn where brains came from, how they’re structured (and why it matters), and how yours works in tandem with other brains to create everything you experience. Along the way, you’ll also learn to dismiss popular myths such as the idea of a “lizard brain” and the alleged battle between thoughts and emotions, or even between nature and nurture, to determine your behavior. Sure to intrigue casual readers and scientific veterans alike, Seven and a Half Lessons About the Brain is full of surprises, humor, and important implications for human nature—a gift of a book that you will want to savor again and again.","[{'type': 'ISBN_13', 'identifier': '9780358157120'}, {'type': 'ISBN_10', 'identifier': '0358157129'}]","{'text': True, 'image': False}",197.0,BOOK,['Education'],NOT_MATURE,True,1.5.5.0.preview.2,"{'containsEpubBubbles': False, 'containsImageBubbles': False}","{'smallThumbnail': 'http://books.google.com/books/content?id=_lm_DwAAQBAJ&printsec=frontcover&img=1&zoom=5&edge=curl&source=gbs_api', 'thumbnail': 'http://books.google.com/books/content?id=_lm_DwAAQBAJ&printsec=frontcover&img=1&zoom=1&edge=curl&source=gbs_api'}",en,http://books.google.com/books?id=_lm_DwAAQBAJ&printsec=frontcover&dq=isbn:9780358157120&hl=&cd=1&source=gbs_api,https://play.google.com/store/books/details?id=_lm_DwAAQBAJ&source=gbs_api,https://play.google.com/store/books/details?id=_lm_DwAAQBAJ,,,,9780358157120,0358157129,,http://books.google.com/books/content?id=_lm_DwAAQBAJ&printsec=frontcover&img=1&zoom=5&edge=curl&source=gbs_api,http://books.google.com/books/content?id=_lm_DwAAQBAJ&printsec=frontcover&img=1&zoom=1&edge=curl&source=gbs_api
134,9781984879066,"Shape: The Hidden Geometry of Information, Biology, Strategy, Democracy, and Everything Else",Jordan Ellenberg,2022-02-22,2022-04-02,2022,True,Shape,['Jordan Ellenberg'],Penguin,2021-05-25,"An instant New York Times Bestseller! “Unreasonably entertaining . . . reveals how geometric thinking can allow for everything from fairer American elections to better pandemic planning.” —The New York Times From the New York Times-bestselling author of How Not to Be Wrong—himself a world-class geometer—a far-ranging exploration of the power of geometry, which turns out to help us think better about practically everything. How should a democracy choose its representatives? How can you stop a pandemic from sweeping the world? How do computers learn to play Go, and why is learning Go so much easier for them than learning to read a sentence? Can ancient Greek proportions predict the stock market? (Sorry, no.) What should your kids learn in school if they really want to learn to think? All these are questions about geometry. For real. If you're like most people, geometry is a sterile and dimly remembered exercise you gladly left behind in the dust of ninth grade, along with your braces and active romantic interest in pop singers. If you recall any of it, it's plodding through a series of miniscule steps only to prove some fact about triangles that was obvious to you in the first place. That's not geometry. Okay, it is geometry, but only a tiny part, which has as much to do with geometry in all its flush modern richness as conjugating a verb has to do with a great novel. Shape reveals the geometry underneath some of the most important scientific, political, and philosophical problems we face. Geometry asks: Where are things? Which things are near each other? How can you get from one thing to another thing? Those are important questions. The word ""geometry""comes from the Greek for ""measuring the world."" If anything, that's an undersell. Geometry doesn't just measure the world—it explains it. Shape shows us how.","[{'type': 'ISBN_13', 'identifier': '9781984879066'}, {'type': 'ISBN_10', 'identifier': '1984879065'}]","{'text': True, 'image': False}",481.0,BOOK,['Mathematics'],NOT_MATURE,True,1.8.6.0.preview.2,"{'containsEpubBubbles': False, 'containsImageBubbles': False}","{'smallThumbnail': 'http://books.google.com/books/content?id=ZC4MEAAAQBAJ&printsec=frontcover&img=1&zoom=5&edge=curl&source=gbs_api', 'thumbnail': 'http://books.google.com/books/content?id=ZC4MEAAAQBAJ&printsec=frontcover&img=1&zoom=1&edge=curl&source=gbs_api'}",en,http://books.google.com/books?id=ZC4MEAAAQBAJ&printsec=frontcover&dq=isbn:9781984879066&hl=&cd=1&source=gbs_api,https://play.google.com/store/books/details?id=ZC4MEAAAQBAJ&source=gbs_api,https://play.google.com/store/books/details?id=ZC4MEAAAQBAJ,"The Hidden Geometry of Information, Biology, Strategy, Democracy, and Everything Else",,,9781984879066,1984879065,,http://books.google.com/books/content?id=ZC4MEAAAQBAJ&printsec=frontcover&img=1&zoom=5&edge=curl&source=gbs_api,http://books.google.com/books/content?id=ZC4MEAAAQBAJ&printsec=frontcover&img=1&zoom=1&edge=curl&source=gbs_api
137,9780525536291,The Vanishing Half,Brit Bennett,2022-03-06,2022-03-17,2022,True,The Vanishing Half,['Brit Bennett'],Penguin,2020-06-02,"#1 NEW YORK TIMES BESTSELLER ONE OF BARACK OBAMA'S FAVORITE BOOKS OF THE YEAR NAMED A BEST BOOK OF 2020 BY THE NEW YORK TIMES • THE WASHINGTON POST • NPR • PEOPLE • TIME MAGAZINE • VANITY FAIR • GLAMOUR New York Times Readers Pick: 100 Best Books of the 21st Century 2021 WOMEN'S PRIZE FINALIST “Bennett’s tone and style recalls James Baldwin and Jacqueline Woodson, but it’s especially reminiscent of Toni Morrison’s 1970 debut novel, The Bluest Eye.” —Kiley Reid, Wall Street Journal “A story of absolute, universal timelessness . . . For any era, it's an accomplished, affecting novel. For this moment, it’s piercing, subtly wending its way toward questions about who we are and who we want to be….” – Entertainment Weekly From The New York Times-bestselling author of The Mothers, a stunning new novel about twin sisters, inseparable as children, who ultimately choose to live in two very different worlds, one black and one white. The Vignes twin sisters will always be identical. But after growing up together in a small, southern black community and running away at age sixteen, it's not just the shape of their daily lives that is different as adults, it's everything: their families, their communities, their racial identities. Many years later, one sister lives with her black daughter in the same southern town she once tried to escape. The other secretly passes for white, and her white husband knows nothing of her past. Still, even separated by so many miles and just as many lies, the fates of the twins remain intertwined. What will happen to the next generation, when their own daughters' storylines intersect? Weaving together multiple strands and generations of this family, from the Deep South to California, from the 1950s to the 1990s, Brit Bennett produces a story that is at once a riveting, emotional family story and a brilliant exploration of the American history of passing. Looking well beyond issues of race, The Vanishing Half considers the lasting influence of the past as it shapes a person's decisions, desires, and expectations, and explores some of the multiple reasons and realms in which people sometimes feel pulled to live as something other than their origins. As with her New York Times-bestselling debut The Mothers, Brit Bennett offers an engrossing page-turner about family and relationships that is immersive and provocative, compassionate and wise.","[{'type': 'ISBN_13', 'identifier': '9780525536291'}, {'type': 'ISBN_10', 'identifier': '0525536299'}]","{'text': False, 'image': False}",354.0,BOOK,['Fiction'],NOT_MATURE,False,0.6.0.0.preview.0,"{'containsEpubBubbles': False, 'containsImageBubbles': False}","{'smallThumbnail': 'http://books.google.com/books/content?id=-vnoDwAAQBAJ&printsec=frontcover&img=1&zoom=5&edge=curl&source=gbs_api', 'thumbnail': 'http://books.google.com/books/content?id=-vnoDwAAQBAJ&printsec=frontcover&img=1&zoom=1&edge=curl&source=gbs_api'}",en,http://books.google.com/books?id=-vnoDwAAQBAJ&printsec=frontcover&dq=isbn:9780525536291&hl=&cd=1&source=gbs_api,http://books.google.com/books?id=-vnoDwAAQBAJ&dq=isbn:9780525536291&hl=&source=gbs_api,https://books.google.com/books/about/The_Vanishing_Half.html?hl=&id=-vnoDwAAQBAJ,A GMA Book Club Pick (A Novel),5.0,1.0,9780525536291,0525536299,,http://books.google.com/books/content?id=-vnoDwAAQBAJ&printsec=frontcover&img=1&zoom=5&edge=curl&source=gbs_api,http://books.google.com/books/content?id=-vnoDwAAQBAJ&printsec=frontcover&img=1&zoom=1&edge=curl&source=gbs_api
135,9780765382030,"The Three-Body Problem (Remembrance of Earth’s Past, #1)",Liu Cixin,2022-03-17,2022-03-29,2022,True,The Three-Body Problem,['Cixin Liu'],Tor Books,2016-01-12,"""Wildly imaginative, really interesting."" —President Barack Obama on The Three-Body Problem trilogy The Three-Body Problem is the first chance for English-speaking readers to experience the Hugo Award-winning phenomenon from China's most beloved science fiction author, Liu Cixin. Set against the backdrop of China's Cultural Revolution, a secret military project sends signals into space to establish contact with aliens. An alien civilization on the brink of destruction captures the signal and plans to invade Earth. Meanwhile, on Earth, different camps start forming, planning to either welcome the superior beings and help them take over a world seen as corrupt, or to fight against the invasion. The result is a science fiction masterpiece of enormous scope and vision. The Remembrance of Earth's Past Trilogy The Three-Body Problem The Dark Forest Death's End Other Books Ball Lightning (forthcoming)","[{'type': 'ISBN_10', 'identifier': '0765382032'}, {'type': 'ISBN_13', 'identifier': '9780765382030'}]","{'text': False, 'image': False}",416.0,BOOK,['Fiction'],NOT_MATURE,False,preview-1.0.0,"{'containsEpubBubbles': False, 'containsImageBubbles': False}","{'smallThumbnail': 'http://books.google.com/books/content?id=TiZHrgEACAAJ&printsec=frontcover&img=1&zoom=5&source=gbs_api', 'thumbnail': 'http://books.google.com/books/content?id=TiZHrgEACAAJ&printsec=frontcover&img=1&zoom=1&source=gbs_api'}",en,http://books.google.com/books?id=TiZHrgEACAAJ&dq=isbn:9780765382030&hl=&cd=1&source=gbs_api,http://books.google.com/books?id=TiZHrgEACAAJ&dq=isbn:9780765382030&hl=&source=gbs_api,https://books.google.com/books/about/The_Three_Body_Problem.html?hl=&id=TiZHrgEACAAJ,,3.0,1.0,9780765382030,0765382032,,http://books.google.com/books/content?id=TiZHrgEACAAJ&printsec=frontcover&img=1&zoom=5&source=gbs_api,http://books.google.com/books/content?id=TiZHrgEACAAJ&printsec=frontcover&img=1&zoom=1&source=gbs_api
95,9781922268334,Nothing to See Here,Kevin    Wilson,2022-03-24,2022-04-11,2022,True,Nothing to See Here,['Kevin Wilson'],Text Publishing,2019-12-03,"A heartwarming and blisteringly funny tale of family, friendship and fire, now available in a smaller and competitively priced format.","[{'type': 'ISBN_13', 'identifier': '9781922268334'}, {'type': 'ISBN_10', 'identifier': '192226833X'}]","{'text': False, 'image': False}",265.0,BOOK,['Fiction'],NOT_MATURE,False,0.1.2.0.preview.0,"{'containsEpubBubbles': False, 'containsImageBubbles': False}","{'smallThumbnail': 'http://books.google.com/books/content?id=a_m2DwAAQBAJ&printsec=frontcover&img=1&zoom=5&source=gbs_api', 'thumbnail': 'http://books.google.com/books/content?id=a_m2DwAAQBAJ&printsec=frontcover&img=1&zoom=1&source=gbs_api'}",en,http://books.google.com/books?id=a_m2DwAAQBAJ&dq=isbn:9781922268334&hl=&cd=1&source=gbs_api,http://books.google.com/books?id=a_m2DwAAQBAJ&dq=isbn:9781922268334&hl=&source=gbs_api,https://books.google.com/books/about/Nothing_to_See_Here.html?hl=&id=a_m2DwAAQBAJ,,5.0,1.0,9781922268334,192226833X,,http://books.google.com/books/content?id=a_m2DwAAQBAJ&printsec=frontcover&img=1&zoom=5&source=gbs_api,http://books.google.com/books/content?id=a_m2DwAAQBAJ&printsec=frontcover&img=1&zoom=1&source=gbs_api
94,9780743217378,The Great Bridge: The Epic Story of the Building of the Brooklyn Bridge,David McCullough,2022-04-02,2022-04-15,2022,True,The Great Bridge,['David McCullough'],Simon and Schuster,2001-06,"First published in 1972, The Great Bridge is the classic account of one of the greatest engineering feats of all time. Winning acclaim for its comprehensive look at the building of the Brooklyn Bridge, this book helped cement David McCullough's reputation as America's preeminent social historian. Now, The Great Bridge is reissued as a Simon & Schuster Classic Edition with a new introduction by the author. This monumental book brings back for American readers the heroic vision of the America we once had. It is the enthralling story of one of the greatest events in our nation's history during the Age of Optimism -- a period when Americans were convinced in their hearts that all great things were possible. In the years around 1870, when the project was first undertaken, the concept of building a great bridge to span the East River between the great cities of Manhattan and Brooklyn required a vision and determination comparable to that which went into the building of the pyramids. Throughout the fourteen years of its construction, the odds against the successful completion of the bridge seemed staggering. Bodies were crushed and broken, lives lost, political empires fell, and surges of public emotion constantly threatened the project. But this is not merely the saga of an engineering miracle: it is a sweeping narrative of the social climate of the time and of the heroes and rascals who had a hand in either constructing or obstructing the great enterprise. Amid the flood of praise for the book when it was originally published, Newsday said succinctly ""This is the definitive book on the event. Do not wait for a better try: there won't be any.""","[{'type': 'ISBN_13', 'identifier': '9780743217378'}, {'type': 'ISBN_10', 'identifier': '0743217373'}]","{'text': True, 'image': False}",654.0,BOOK,['History'],NOT_MATURE,True,5.7.10.0.preview.2,"{'containsEpubBubbles': False, 'containsImageBubbles': False}","{'smallThumbnail': 'http://books.google.com/books/content?id=bOM93rb22YEC&printsec=frontcover&img=1&zoom=5&edge=curl&source=gbs_api', 'thumbnail': 'http://books.google.com/books/content?id=bOM93rb22YEC&printsec=frontcover&img=1&zoom=1&edge=curl&source=gbs_api'}",en,http://books.google.com/books?id=bOM93rb22YEC&printsec=frontcover&dq=isbn:9780743217378&hl=&cd=1&source=gbs_api,http://books.google.com/books?id=bOM93rb22YEC&dq=isbn:9780743217378&hl=&source=gbs_api,https://books.google.com/books/about/The_Great_Bridge.html?hl=&id=bOM93rb22YEC,The Epic Story of the Building of the Brooklyn Bridge,4.5,7.0,9780743217378,0743217373,,http://books.google.com/books/content?id=bOM93rb22YEC&printsec=frontcover&img=1&zoom=5&edge=curl&source=gbs_api,http://books.google.com/books/content?id=bOM93rb22YEC&printsec=frontcover&img=1&zoom=1&edge=curl&source=gbs_api
93,9780358439103,Punch Me Up to the Gods,Brian Broome,2022-04-24,2022-04-28,2022,True,Punch Me Up to the Gods,['Brian Broome'],Mariner Books,2021,"Playful, poignant and wholly original, this coming-of-age memoir about Blackness, masculinity and addiction follows the author, a poet and screenwriter, as he recounts his experiences, revealing a perpetual outsider awkwardly squirming to find his way in. --","[{'type': 'ISBN_13', 'identifier': '9780358439103'}, {'type': 'ISBN_10', 'identifier': '0358439108'}]","{'text': False, 'image': True}",277.0,BOOK,['Biography & Autobiography'],NOT_MATURE,False,0.1.2.0.preview.1,"{'containsEpubBubbles': False, 'containsImageBubbles': False}","{'smallThumbnail': 'http://books.google.com/books/content?id=hJP6DwAAQBAJ&printsec=frontcover&img=1&zoom=5&edge=curl&source=gbs_api', 'thumbnail': 'http://books.google.com/books/content?id=hJP6DwAAQBAJ&printsec=frontcover&img=1&zoom=1&edge=curl&source=gbs_api'}",en,http://books.google.com/books?id=hJP6DwAAQBAJ&printsec=frontcover&dq=isbn:9780358439103&hl=&cd=1&source=gbs_api,http://books.google.com/books?id=hJP6DwAAQBAJ&dq=isbn:9780358439103&hl=&source=gbs_api,https://books.google.com/books/about/Punch_Me_Up_to_the_Gods.html?hl=&id=hJP6DwAAQBAJ,,,,9780358439103,0358439108,,http://books.google.com/books/content?id=hJP6DwAAQBAJ&printsec=frontcover&img=1&zoom=5&edge=curl&source=gbs_api,http://books.google.com/books/content?id=hJP6DwAAQBAJ&printsec=frontcover&img=1&zoom=1&edge=curl&source=gbs_api
133,9780525537090,How To: Absurd Scientific Advice for Common Real-World Problems,Randall Munroe,2022-04-29,2022-05-02,2022,True,How To,['Randall Munroe'],Penguin,2019-09-03,"AN INSTANT #1 NEW YORK TIMES BESTSELLER “How To will make you laugh as you learn…With How To, you can't help but appreciate the glorious complexity of our universe and the amazing breadth of humanity's effort to comprehend it. If you want some lightweight edification, you won't go wrong with How To.” —CNET “[How To] has science and jokes in it, so 10/10 can recommend.” —Simone Giertz The world's most entertaining and useless self-help guide from the brilliant mind behind the wildly popular webcomic xkcd, the bestsellers What If? and Thing Explainer, and What If? 2, coming September 13, 2022 For any task you might want to do, there's a right way, a wrong way, and a way so monumentally complex, excessive, and inadvisable that no one would ever try it. How To is a guide to the third kind of approach. It's full of highly impractical advice for everything from landing a plane to digging a hole. Bestselling author and cartoonist Randall Munroe explains how to predict the weather by analyzing the pixels of your Facebook photos. He teaches you how to tell if you're a baby boomer or a 90's kid by measuring the radioactivity of your teeth. He offers tips for taking a selfie with a telescope, crossing a river by boiling it, and powering your house by destroying the fabric of space-time. And if you want to get rid of the book once you're done with it, he walks you through your options for proper disposal, including dissolving it in the ocean, converting it to a vapor, using tectonic plates to subduct it into the Earth's mantle, or launching it into the Sun. By exploring the most complicated ways to do simple tasks, Munroe doesn't just make things difficult for himself and his readers. As he did so brilliantly in What If?, Munroe invites us to explore the most absurd reaches of the possible. Full of clever infographics and fun illustrations, How To is a delightfully mind-bending way to better understand the science and technology underlying the things we do every day.","[{'type': 'ISBN_13', 'identifier': '9780525537090'}, {'type': 'ISBN_10', 'identifier': '0525537090'}]","{'text': False, 'image': False}",322.0,BOOK,['Humor'],NOT_MATURE,False,0.4.0.0.preview.0,"{'containsEpubBubbles': False, 'containsImageBubbles': False}","{'smallThumbnail': 'http://books.google.com/books/content?id=CZ-rDwAAQBAJ&printsec=frontcover&img=1&zoom=5&edge=curl&source=gbs_api', 'thumbnail': 'http://books.google.com/books/content?id=CZ-rDwAAQBAJ&printsec=frontcover&img=1&zoom=1&edge=curl&source=gbs_api'}",en,http://books.google.com/books?id=CZ-rDwAAQBAJ&printsec=frontcover&dq=isbn:9780525537090&hl=&cd=1&source=gbs_api,http://books.google.com/books?id=CZ-rDwAAQBAJ&dq=isbn:9780525537090&hl=&source=gbs_api,https://books.google.com/books/about/How_To.html?hl=&id=CZ-rDwAAQBAJ,Absurd Scientific Advice for Common Real-World Problems,5.0,2.0,9780525537090,0525537090,,http://books.google.com/books/content?id=CZ-rDwAAQBAJ&printsec=frontcover&img=1&zoom=5&edge=curl&source=gbs_api,http://books.google.com/books/content?id=CZ-rDwAAQBAJ&printsec=frontcover&img=1&zoom=1&edge=curl&source=gbs_api
132,9780679744726,The Fire Next Time,James Baldwin,2022-05-04,2022-05-04,2022,True,The Fire Next Time,['James Baldwin'],Vintage,1992-12-01,"NATIONAL BESTSELLER • The book that galvanized the nation, gave voice to the emerging civil rights movementin the 1960s—and still lights the way to understanding race in America today. • ""The finest essay I’ve ever read.” —Ta-Nehisi Coates At once a powerful evocation of James Baldwin's early life in Harlem and a disturbing examination of the consequences of racial injustice, the book is an intensely personal and provocative document from the iconic author of If Beale Street Could Talk and Go Tell It on the Mountain. It consists of two ""letters,"" written on the occasion of the centennial of the Emancipation Proclamation, that exhort Americans, both black and white, to attack the terrible legacy of racism. Described by The New York Times Book Review as ""sermon, ultimatum, confession, deposition, testament, and chronicle … all presented in searing, brilliant prose,"" The Fire Next Time stands as a classic of literature.","[{'type': 'ISBN_13', 'identifier': '9780679744726'}, {'type': 'ISBN_10', 'identifier': '067974472X'}]","{'text': False, 'image': False}",129.0,BOOK,['Political Science'],NOT_MATURE,False,1.8.3.0.preview.0,"{'containsEpubBubbles': False, 'containsImageBubbles': False}","{'smallThumbnail': 'http://books.google.com/books/content?id=1c1Iz75PaggC&printsec=frontcover&img=1&zoom=5&edge=curl&source=gbs_api', 'thumbnail': 'http://books.google.com/books/content?id=1c1Iz75PaggC&printsec=frontcover&img=1&zoom=1&edge=curl&source=gbs_api'}",en,http://books.google.com/books?id=1c1Iz75PaggC&printsec=frontcover&dq=isbn:9780679744726&hl=&cd=1&source=gbs_api,http://books.google.com/books?id=1c1Iz75PaggC&dq=isbn:9780679744726&hl=&source=gbs_api,https://books.google.com/books/about/The_Fire_Next_Time.html?hl=&id=1c1Iz75PaggC,,4.0,1.0,9780679744726,067974472X,,http://books.google.com/books/content?id=1c1Iz75PaggC&printsec=frontcover&img=1&zoom=5&edge=curl&source=gbs_api,http://books.google.com/books/content?id=1c1Iz75PaggC&printsec=frontcover&img=1&zoom=1&edge=curl&source=gbs_api
131,9780307275936,If Beale Street Could Talk,James Baldwin,2022-05-04,2022-05-08,2022,True,If Beale Street Could Talk,['James Baldwin'],Vintage,2006-10-10,"From one of the most important writers of the twentieth century comes a stunning love story about a young Black woman whose life is torn apart when her lover is wrongly accused of a crime—""a moving, painful story, so vividly human and so obviously based on reality that it strikes us as timeless"" (The New York Times Book Review). ""One of the best books Baldwin has ever written—perhaps the best of all."" —The Philadelphia Inquirer Told through the eyes of Tish, a nineteen-year-old girl, in love with Fonny, a young sculptor who is the father of her child, Baldwin’s story mixes the sweet and the sad. Tish and Fonny have pledged to get married, but Fonny is falsely accused of a terrible crime and imprisoned. Their families set out to clear his name, and as they face an uncertain future, the young lovers experience a kaleidoscope of emotions—affection, despair, and hope. In a love story that evokes the blues, where passion and sadness are inevitably intertwined, Baldwin has created two characters so alive and profoundly realized that they are unforgettably ingrained in the American psyche.","[{'type': 'ISBN_13', 'identifier': '9780307275936'}, {'type': 'ISBN_10', 'identifier': '0307275930'}]","{'text': False, 'image': False}",210.0,BOOK,['Fiction'],NOT_MATURE,False,0.4.0.0.preview.0,"{'containsEpubBubbles': False, 'containsImageBubbles': False}","{'smallThumbnail': 'http://books.google.com/books/content?id=KViODQAAQBAJ&printsec=frontcover&img=1&zoom=5&edge=curl&source=gbs_api', 'thumbnail': 'http://books.google.com/books/content?id=KViODQAAQBAJ&printsec=frontcover&img=1&zoom=1&edge=curl&source=gbs_api'}",en,http://books.google.com/books?id=KViODQAAQBAJ&printsec=frontcover&dq=isbn:9780307275936&hl=&cd=1&source=gbs_api,http://books.google.com/books?id=KViODQAAQBAJ&dq=isbn:9780307275936&hl=&source=gbs_api,https://books.google.com/books/about/If_Beale_Street_Could_Talk.html?hl=&id=KViODQAAQBAJ,,,,9780307275936,0307275930,,http://books.google.com/books/content?id=KViODQAAQBAJ&printsec=frontcover&img=1&zoom=5&edge=curl&source=gbs_api,http://books.google.com/books/content?id=KViODQAAQBAJ&printsec=frontcover&img=1&zoom=1&edge=curl&source=gbs_api
129,9781400080663,Thunderstruck,Erik Larson,2022-05-04,2022-05-24,2022,True,Thunderstruck,['Erik Larson'],Crown,2006-10-24,"A true story of love, murder, and the end of the world’s “great hush.” In Thunderstruck, Erik Larson tells the interwoven stories of two men—Hawley Crippen, a very unlikely murderer, and Guglielmo Marconi, the obsessive creator of a seemingly supernatural means of communication—whose lives intersect during one of the greatest criminal chases of all time. Set in Edwardian London and on the stormy coasts of Cornwall, Cape Cod, and Nova Scotia, Thunderstruck evokes the dynamism of those years when great shipping companies competed to build the biggest, fastest ocean liners; scientific advances dazzled the public with visions of a world transformed; and the rich outdid one another with ostentatious displays of wealth. Against this background, Marconi races against incredible odds and relentless skepticism to perfect his invention: the wireless, a prime catalyst for the emergence of the world we know today. Meanwhile, Crippen, “the kindest of men,” nearly commits the perfect murder. With his unparalleled narrative skills, Erik Larson guides us through a relentlessly suspenseful chase over the waters of the North Atlantic. Along the way, he tells of a sad and tragic love affair that was described on the front pages of newspapers around the world, a chief inspector who found himself strangely sympathetic to the killer and his lover, and a driven and compelling inventor who transformed the way we communicate.","[{'type': 'ISBN_13', 'identifier': '9781400080663'}, {'type': 'ISBN_10', 'identifier': '1400080665'}]","{'text': False, 'image': False}",482.0,BOOK,['History'],NOT_MATURE,False,0.4.1.0.preview.0,"{'containsEpubBubbles': False, 'containsImageBubbles': False}","{'smallThumbnail': 'http://books.google.com/books/content?id=RD6FDwAAQBAJ&printsec=frontcover&img=1&zoom=5&edge=curl&source=gbs_api', 'thumbnail': 'http://books.google.com/books/content?id=RD6FDwAAQBAJ&printsec=frontcover&img=1&zoom=1&edge=curl&source=gbs_api'}",en,http://books.google.com/books?id=RD6FDwAAQBAJ&printsec=frontcover&dq=isbn:9781400080663&hl=&cd=1&source=gbs_api,http://books.google.com/books?id=RD6FDwAAQBAJ&dq=isbn:9781400080663&hl=&source=gbs_api,https://books.google.com/books/about/Thunderstruck.html?hl=&id=RD6FDwAAQBAJ,,,,9781400080663,1400080665,,http://books.google.com/books/content?id=RD6FDwAAQBAJ&printsec=frontcover&img=1&zoom=5&edge=curl&source=gbs_api,http://books.google.com/books/content?id=RD6FDwAAQBAJ&printsec=frontcover&img=1&zoom=1&edge=curl&source=gbs_api
114,9781984880109,Forget the Alamo: The Rise and Fall of an American Myth,Bryan Burrough,2022-05-07,2022-08-17,2022,True,Forget the Alamo,"['Bryan Burrough', 'Chris Tomlinson', 'Jason Stanford']",Penguin,2021-06-08,"A New York Times bestseller! “Lively and absorbing. . ."" — The New York Times Book Review ""Engrossing."" —Wall Street Journal “Entertaining and well-researched . . . ” —Houston Chronicle Three noted Texan writers combine forces to tell the real story of the Alamo, dispelling the myths, exploring why they had their day for so long, and explaining why the ugly fight about its meaning is now coming to a head. Every nation needs its creation myth, and since Texas was a nation before it was a state, it's no surprise that its myths bite deep. There's no piece of history more important to Texans than the Battle of the Alamo, when Davy Crockett and a band of rebels went down in a blaze of glory fighting for independence from Mexico, losing the battle but setting Texas up to win the war. However, that version of events, as Forget the Alamo definitively shows, owes more to fantasy than reality. Just as the site of the Alamo was left in ruins for decades, its story was forgotten and twisted over time, with the contributions of Tejanos--Texans of Mexican origin, who fought alongside the Anglo rebels--scrubbed from the record, and the origin of the conflict over Mexico's push to abolish slavery papered over. Forget the Alamo provocatively explains the true story of the battle against the backdrop of Texas's struggle for independence, then shows how the sausage of myth got made in the Jim Crow South of the late nineteenth and early twentieth century. As uncomfortable as it may be to hear for some, celebrating the Alamo has long had an echo of celebrating whiteness. In the past forty-some years, waves of revisionists have come at this topic, and at times have made real progress toward a more nuanced and inclusive story that doesn't alienate anyone. But we are not living in one of those times; the fight over the Alamo's meaning has become more pitched than ever in the past few years, even violent, as Texas's future begins to look more and more different from its past. It's the perfect time for a wise and generous-spirited book that shines the bright light of the truth into a place that's gotten awfully dark.","[{'type': 'ISBN_13', 'identifier': '9781984880109'}, {'type': 'ISBN_10', 'identifier': '1984880101'}]","{'text': True, 'image': False}",433.0,BOOK,['History'],NOT_MATURE,True,1.4.4.0.preview.2,"{'containsEpubBubbles': False, 'containsImageBubbles': False}","{'smallThumbnail': 'http://books.google.com/books/content?id=Hyf-DwAAQBAJ&printsec=frontcover&img=1&zoom=5&edge=curl&source=gbs_api', 'thumbnail': 'http://books.google.com/books/content?id=Hyf-DwAAQBAJ&printsec=frontcover&img=1&zoom=1&edge=curl&source=gbs_api'}",en,http://books.google.com/books?id=Hyf-DwAAQBAJ&printsec=frontcover&dq=isbn:9781984880109&hl=&cd=1&source=gbs_api,https://play.google.com/store/books/details?id=Hyf-DwAAQBAJ&source=gbs_api,https://play.google.com/store/books/details?id=Hyf-DwAAQBAJ,The Rise and Fall of an American Myth,,,9781984880109,1984880101,,http://books.google.com/books/content?id=Hyf-DwAAQBAJ&printsec=frontcover&img=1&zoom=5&edge=curl&source=gbs_api,http://books.google.com/books/content?id=Hyf-DwAAQBAJ&printsec=frontcover&img=1&zoom=1&edge=curl&source=gbs_api
109,9781541646032,Summer for the Gods: The Scopes Trial and America's Continuing Debate Over Science and Religion,Edward J. Larson,2022-05-08,2022-06-17,2022,True,Summer for the Gods,['Edward J. Larson'],Basic Books,2020-06-16,"The Pulitzer Prize-winning history of the Scopes Trial and the battle over evolution and creation in America's schools In the summer of 1925, the sleepy hamlet of Dayton, Tennessee, became the setting for one of the twentieth century's most contentious courtroom dramas, pitting William Jennings Bryan and the anti-Darwinists against a teacher named John Scopes, represented by Clarence Darrow and the ACLU, in a famous debate over science, religion, and their place in public education. That trial marked the start of a battle that continues to this day in cities and states throughout the country. Edward Larson's classic Summer for the Gods -- winner of the Pulitzer Prize in History -- is the single most authoritative account of this pivotal event. An afterword assesses the state of the battle between creationism and evolution, and points the way to how it might potentially be resolved.","[{'type': 'ISBN_10', 'identifier': '1541646037'}, {'type': 'ISBN_13', 'identifier': '9781541646032'}]","{'text': False, 'image': False}",352.0,BOOK,['Law'],NOT_MATURE,False,preview-1.0.0,"{'containsEpubBubbles': False, 'containsImageBubbles': False}","{'smallThumbnail': 'http://books.google.com/books/content?id=nUwqyQEACAAJ&printsec=frontcover&img=1&zoom=5&source=gbs_api', 'thumbnail': 'http://books.google.com/books/content?id=nUwqyQEACAAJ&printsec=frontcover&img=1&zoom=1&source=gbs_api'}",en,http://books.google.com/books?id=nUwqyQEACAAJ&dq=isbn:9781541646032&hl=&cd=1&source=gbs_api,http://books.google.com/books?id=nUwqyQEACAAJ&dq=isbn:9781541646032&hl=&source=gbs_api,https://books.google.com/books/about/Summer_for_the_Gods.html?hl=&id=nUwqyQEACAAJ,The Scopes Trial and America's Continuing Debate Over Science and Religion,,,9781541646032,1541646037,,http://books.google.com/books/content?id=nUwqyQEACAAJ&printsec=frontcover&img=1&zoom=5&source=gbs_api,http://books.google.com/books/content?id=nUwqyQEACAAJ&printsec=frontcover&img=1&zoom=1&source=gbs_api
92,9781982140168,The Final Revival of Opal & Nev,Dawnie Walton,2022-05-16,2022-05-21,2022,True,The Final Revival of Opal & Nev,['Dawnie Walton'],Simon and Schuster,2021-03-30,"""A queen of punk before her time. A duo on the brink of stardom. A night that will define their story for ever... Opal is a fiercely independent young woman pushing against the grain in her style and attitude, a Black punk artist before her time. Despite her unconventional looks, Opal believes she can be a star. So when the aspiring British singer/songwriter Neville Charles discovers her one night, she takes him up on his offer to make rock music together. In early seventies New York City, just as she's finding her niche as part of a flamboyant and funky creative scene, a rival band signed to her label brandishes a Confederate flag at a promotional concert. Opal's bold protest and the violence that ensues set off a chain of events that will not only change the lives of those she loves, but also be a deadly reminder that repercussions are always harsher for women, especially Black women, who dare to speak their truth. Decades later, as Opal considers a 2016 reunion with Nev, music journalist S. Sunny Shelton seizes the chance to curate an oral history about her idols. Sunny thought she knew most of the stories leading up to the cult duo's most politicised chapter, but as her interviews dig deeper, a nasty new allegation from an unexpected source threatens everything.""--Publisher.","[{'type': 'ISBN_13', 'identifier': '9781982140168'}, {'type': 'ISBN_10', 'identifier': '198214016X'}]","{'text': False, 'image': False}",368.0,BOOK,['Fiction'],NOT_MATURE,False,0.1.2.0.preview.0,"{'containsEpubBubbles': False, 'containsImageBubbles': False}","{'smallThumbnail': 'http://books.google.com/books/content?id=fgQhEAAAQBAJ&printsec=frontcover&img=1&zoom=5&edge=curl&source=gbs_api', 'thumbnail': 'http://books.google.com/books/content?id=fgQhEAAAQBAJ&printsec=frontcover&img=1&zoom=1&edge=curl&source=gbs_api'}",en,http://books.google.com/books?id=fgQhEAAAQBAJ&printsec=frontcover&dq=isbn:9781982140168&hl=&cd=1&source=gbs_api,http://books.google.com/books?id=fgQhEAAAQBAJ&dq=isbn:9781982140168&hl=&source=gbs_api,https://books.google.com/books/about/The_Final_Revival_of_Opal_Nev.html?hl=&id=fgQhEAAAQBAJ,,,,9781982140168,198214016X,,http://books.google.com/books/content?id=fgQhEAAAQBAJ&printsec=frontcover&img=1&zoom=5&edge=curl&source=gbs_api,http://books.google.com/books/content?id=fgQhEAAAQBAJ&printsec=frontcover&img=1&zoom=1&edge=curl&source=gbs_api
130,9781631498848,On Juneteenth,Annette Gordon-Reed,2022-05-19,2022-05-23,2022,True,On Juneteenth,['Annette Gordon-Reed'],Liveright Publishing,2021-05-04,"NEW YORK TIMES • 10 BEST BOOKS OF 2021 New York Times • Times Critics Top Books of 2021 New York Times Bestseller Best Books of the Year • Washington Post, TIME, NPR, Oprah Daily, Boston Globe, Christian Science Monitor, Kansas City Independent, Los Angeles Public Library, Washington Independent Review of Books, Spy, Audile, Biblioracle, AbeBooks The essential, sweeping story of Juneteenth’s integral importance to American history, as told by a Pulitzer Prize–winning historian and Texas native. Weaving together American history, dramatic family chronicle, and searing episodes of memoir, Annette Gordon-Reed’s On Juneteenth provides a historian’s view of the country’s long road to Juneteenth, recounting both its origins in Texas and the enormous hardships that African-Americans have endured in the century since, from Reconstruction through Jim Crow and beyond. All too aware of the stories of cowboys, ranchers, and oilmen that have long dominated the lore of the Lone Star State, Gordon-Reed—herself a Texas native and the descendant of enslaved people brought to Texas as early as the 1820s—forges a new and profoundly truthful narrative of her home state, with implications for us all. Combining personal anecdotes with poignant facts gleaned from the annals of American history, Gordon-Reed shows how, from the earliest presence of Black people in Texas to the day in Galveston on June 19, 1865, when Major General Gordon Granger announced the end of legalized slavery in the state, African-Americans played an integral role in the Texas story. Reworking the traditional “Alamo” framework, she powerfully demonstrates, among other things, that the slave- and race-based economy not only defined the fractious era of Texas independence but precipitated the Mexican-American War and, indeed, the Civil War itself. In its concision, eloquence, and clear presentation of history, On Juneteenth vitally revises conventional renderings of Texas and national history. As our nation verges on recognizing June 19 as a national holiday, On Juneteenth is both an essential account and a stark reminder that the fight for equality is exigent and ongoing.","[{'type': 'ISBN_13', 'identifier': '9781631498848'}, {'type': 'ISBN_10', 'identifier': '1631498843'}]","{'text': True, 'image': True}",111.0,BOOK,['History'],NOT_MATURE,True,1.6.6.0.preview.3,"{'containsEpubBubbles': False, 'containsImageBubbles': False}","{'smallThumbnail': 'http://books.google.com/books/content?id=FwwDEAAAQBAJ&printsec=frontcover&img=1&zoom=5&edge=curl&source=gbs_api', 'thumbnail': 'http://books.google.com/books/content?id=FwwDEAAAQBAJ&printsec=frontcover&img=1&zoom=1&edge=curl&source=gbs_api'}",en,http://books.google.com/books?id=FwwDEAAAQBAJ&printsec=frontcover&dq=isbn:9781631498848&hl=&cd=1&source=gbs_api,https://play.google.com/store/books/details?id=FwwDEAAAQBAJ&source=gbs_api,https://play.google.com/store/books/details?id=FwwDEAAAQBAJ,,,,9781631498848,1631498843,,http://books.google.com/books/content?id=FwwDEAAAQBAJ&printsec=frontcover&img=1&zoom=5&edge=curl&source=gbs_api,http://books.google.com/books/content?id=FwwDEAAAQBAJ&printsec=frontcover&img=1&zoom=1&edge=curl&source=gbs_api
97,9780060937164,Reconstruction: America's Unfinished Revolution 1863-1877,Eric Foner,2022-05-23,2022-12-21,2022,True,Reconstruction,['Eric Foner'],Harper Collins,2002-02-05,"This ""masterful treatment of one of the most complex periods of American history"" (New Republic) made history when it was originally published in 1988. It redefined how Reconstruction was viewed by historians and people everywhere in its chronicling of how Americans -- black and white -- responded to the unprecedented changes unleashed by the war and the end of slavery. This ""smart book of enormous strengths"" (Boston Globe) has since gone on to become the classic work on the wrenching post-Civil War period -- an era whose legacy reverberates still today in the United States.","[{'type': 'ISBN_10', 'identifier': '0060937165'}, {'type': 'ISBN_13', 'identifier': '9780060937164'}]","{'text': False, 'image': False}",742.0,BOOK,['History'],NOT_MATURE,False,2.8.11.0.preview.0,"{'containsEpubBubbles': False, 'containsImageBubbles': False}","{'smallThumbnail': 'http://books.google.com/books/content?id=FhvA0S_op38C&printsec=frontcover&img=1&zoom=5&edge=curl&source=gbs_api', 'thumbnail': 'http://books.google.com/books/content?id=FhvA0S_op38C&printsec=frontcover&img=1&zoom=1&edge=curl&source=gbs_api'}",en,http://books.google.com/books?id=FhvA0S_op38C&printsec=frontcover&dq=isbn:9780060937164&hl=&cd=1&source=gbs_api,http://books.google.com/books?id=FhvA0S_op38C&dq=isbn:9780060937164&hl=&source=gbs_api,https://books.google.com/books/about/Reconstruction.html?hl=&id=FhvA0S_op38C,"America's Unfinished Revolution, 1863-1877",3.0,5.0,9780060937164,0060937165,,http://books.google.com/books/content?id=FhvA0S_op38C&printsec=frontcover&img=1&zoom=5&edge=curl&source=gbs_api,http://books.google.com/books/content?id=FhvA0S_op38C&printsec=frontcover&img=1&zoom=1&edge=curl&source=gbs_api
6,9780385353304,Station Eleven,Emily St. John Mandel,2022-05-27,2022-06-03,2022,True,Station Eleven,['Emily St. John Mandel'],National Geographic Books,2014-09-09,"NATIONAL BESTSELLER • NATIONAL BOOK AWARD FINALIST • A PEN/FAULKNER AWARD FINALIST • Set in the eerie days of civilization’s collapse—the spellbinding story of a Hollywood star, his would-be savior, and a nomadic group of actors roaming the scattered outposts of the Great Lakes region, risking everything for art and humanity. • Now an original series on HBO Max. • Over one million copies sold! Kirsten Raymonde will never forget the night Arthur Leander, the famous Hollywood actor, had a heart attack on stage during a production of King Lear. That was the night when a devastating flu pandemic arrived in the city, and within weeks, civilization as we know it came to an end. Twenty years later, Kirsten moves between the settlements of the altered world with a small troupe of actors and musicians. They call themselves The Traveling Symphony, and they have dedicated themselves to keeping the remnants of art and humanity alive. But when they arrive in St. Deborah by the Water, they encounter a violent prophet who will threaten the tiny band’s existence. And as the story takes off, moving back and forth in time, and vividly depicting life before and after the pandemic, the strange twist of fate that connects them all will be revealed. Look for Emily St. John Mandel’s bestselling new novel, Sea of Tranquility!","[{'type': 'ISBN_13', 'identifier': '9780385353304'}, {'type': 'ISBN_10', 'identifier': '0385353308'}]","{'text': True, 'image': False}",352.0,BOOK,['Fiction'],NOT_MATURE,False,preview-1.0.0,"{'containsEpubBubbles': False, 'containsImageBubbles': False}","{'smallThumbnail': 'http://books.google.com/books/content?id=WziNEAAAQBAJ&printsec=frontcover&img=1&zoom=5&source=gbs_api', 'thumbnail': 'http://books.google.com/books/content?id=WziNEAAAQBAJ&printsec=frontcover&img=1&zoom=1&source=gbs_api'}",en,http://books.google.com/books?id=WziNEAAAQBAJ&dq=isbn:9780385353304&hl=&cd=1&source=gbs_api,http://books.google.com/books?id=WziNEAAAQBAJ&dq=isbn:9780385353304&hl=&source=gbs_api,https://books.google.com/books/about/Station_Eleven.html?hl=&id=WziNEAAAQBAJ,A novel,,,9780385353304,0385353308,,http://books.google.com/books/content?id=WziNEAAAQBAJ&printsec=frontcover&img=1&zoom=5&source=gbs_api,http://books.google.com/books/content?id=WziNEAAAQBAJ&printsec=frontcover&img=1&zoom=1&source=gbs_api
128,9780812993806,Tenth of December,George Saunders,2022-06-03,2022-06-07,2022,True,Tenth of December,['George Saunders'],,2013,"A collection of stories which includes ""Home,"" a wryly whimsical account of a soldier's return from war; ""Victory lap,"" a tale about an inventive abduction attempt, and the title story, in which a suicidal cancer patient saves the life of a young misfit.","[{'type': 'ISBN_10', 'identifier': '0812993802'}, {'type': 'ISBN_13', 'identifier': '9780812993806'}]","{'text': False, 'image': False}",272.0,BOOK,['Short stories'],NOT_MATURE,False,preview-1.0.0,"{'containsEpubBubbles': False, 'containsImageBubbles': False}","{'smallThumbnail': 'http://books.google.com/books/content?id=N8n-zwEACAAJ&printsec=frontcover&img=1&zoom=5&source=gbs_api', 'thumbnail': 'http://books.google.com/books/content?id=N8n-zwEACAAJ&printsec=frontcover&img=1&zoom=1&source=gbs_api'}",en,http://books.google.com/books?id=N8n-zwEACAAJ&dq=isbn:9780812993806&hl=&cd=1&source=gbs_api,http://books.google.com/books?id=N8n-zwEACAAJ&dq=isbn:9780812993806&hl=&source=gbs_api,https://books.google.com/books/about/Tenth_of_December.html?hl=&id=N8n-zwEACAAJ,Stories,,,9780812993806,0812993802,,http://books.google.com/books/content?id=N8n-zwEACAAJ&printsec=frontcover&img=1&zoom=5&source=gbs_api,http://books.google.com/books/content?id=N8n-zwEACAAJ&printsec=frontcover&img=1&zoom=1&source=gbs_api
111,9780385545136,Harlem Shuffle,Colson Whitehead,2022-06-05,2022-06-05,2022,True,Harlem Shuffle,['Colson Whitehead'],National Geographic Books,2021-09-14,"NEW YORK TIMES BESTSELLER • From the two-time Pulitzer Prize-winning author of The Underground Railroad and The Nickel Boys, this gloriously entertaining novel is “fast-paced, keen-eyed and very funny ... about race, power and the history of Harlem all disguised as a thrill-ride crime novel"" (San Francisco Chronicle). ""Ray Carney was only slightly bent when it came to being crooked..."" To his customers and neighbors on 125th street, Carney is an upstanding salesman of reasonably priced furniture, making a decent life for himself and his family. He and his wife Elizabeth are expecting their second child, and if her parents on Striver's Row don't approve of him or their cramped apartment across from the subway tracks, it's still home. Few people know he descends from a line of uptown hoods and crooks, and that his façade of normalcy has more than a few cracks in it. Cracks that are getting bigger all the time. Cash is tight, especially with all those installment-plan sofas, so if his cousin Freddie occasionally drops off the odd ring or necklace, Ray doesn't ask where it comes from. He knows a discreet jeweler downtown who doesn't ask questions, either. Then Freddie falls in with a crew who plan to rob the Hotel Theresa—the ""Waldorf of Harlem""—and volunteers Ray's services as the fence. The heist doesn't go as planned; they rarely do. Now Ray has a new clientele, one made up of shady cops, vicious local gangsters, two-bit pornographers, and other assorted Harlem lowlifes. Thus begins the internal tussle between Ray the striver and Ray the crook. As Ray navigates this double life, he begins to see who actually pulls the strings in Harlem. Can Ray avoid getting killed, save his cousin, and grab his share of the big score, all while maintaining his reputation as the go-to source for all your quality home furniture needs? Harlem Shuffle's ingenious story plays out in a beautifully recreated New York City of the early 1960s. It's a family saga masquerading as a crime novel, a hilarious morality play, a social novel about race and power, and ultimately a love letter to Harlem. But mostly, it's a joy to read, another dazzling novel from the Pulitzer Prize and National Book Award-winning Colson Whitehead.","[{'type': 'ISBN_13', 'identifier': '9780385545136'}, {'type': 'ISBN_10', 'identifier': '0385545134'}]","{'text': True, 'image': False}",336.0,BOOK,['Fiction'],NOT_MATURE,False,preview-1.0.0,"{'containsEpubBubbles': False, 'containsImageBubbles': False}","{'smallThumbnail': 'http://books.google.com/books/content?id=jkGNEAAAQBAJ&printsec=frontcover&img=1&zoom=5&source=gbs_api', 'thumbnail': 'http://books.google.com/books/content?id=jkGNEAAAQBAJ&printsec=frontcover&img=1&zoom=1&source=gbs_api'}",en,http://books.google.com/books?id=jkGNEAAAQBAJ&dq=isbn:9780385545136&hl=&cd=1&source=gbs_api,http://books.google.com/books?id=jkGNEAAAQBAJ&dq=isbn:9780385545136&hl=&source=gbs_api,https://books.google.com/books/about/Harlem_Shuffle.html?hl=&id=jkGNEAAAQBAJ,A Novel,,,9780385545136,0385545134,,http://books.google.com/books/content?id=jkGNEAAAQBAJ&printsec=frontcover&img=1&zoom=5&source=gbs_api,http://books.google.com/books/content?id=jkGNEAAAQBAJ&printsec=frontcover&img=1&zoom=1&source=gbs_api
127,9780393881158,Bewilderment,Richard Powers,2022-06-08,2022-06-15,2022,True,Bewilderment,['Richard Powers'],W. W. Norton & Company,2021-09-21,"AN OPRAH'S BOOK CLUB SELECTION An Instant New York Times Bestseller Shortlisted for the 2021 Booker Prize Longlisted for the 2021 National Book Award for Fiction Longlisted for the 2022 Andrew Carnegie Medal for Excellence in Fiction A heartrending new novel from the Pulitzer Prize–winning and #1 New York Times best-selling author of The Overstory. The astrobiologist Theo Byrne searches for life throughout the cosmos while single-handedly raising his unusual nine-year-old, Robin, following the death of his wife. Robin is a warm, kind boy who spends hours painting elaborate pictures of endangered animals. He’s also about to be expelled from third grade for smashing his friend in the face. As his son grows more troubled, Theo hopes to keep him off psychoactive drugs. He learns of an experimental neurofeedback treatment to bolster Robin’s emotional control, one that involves training the boy on the recorded patterns of his mother’s brain… With its soaring descriptions of the natural world, its tantalizing vision of life beyond, and its account of a father and son’s ferocious love, Bewilderment marks Richard Powers’s most intimate and moving novel. At its heart lies the question: How can we tell our children the truth about this beautiful, imperiled planet?","[{'type': 'ISBN_13', 'identifier': '9780393881158'}, {'type': 'ISBN_10', 'identifier': '0393881156'}]","{'text': True, 'image': False}",230.0,BOOK,['Fiction'],NOT_MATURE,True,1.9.9.0.preview.2,"{'containsEpubBubbles': False, 'containsImageBubbles': False}","{'smallThumbnail': 'http://books.google.com/books/content?id=LfkQEAAAQBAJ&printsec=frontcover&img=1&zoom=5&edge=curl&source=gbs_api', 'thumbnail': 'http://books.google.com/books/content?id=LfkQEAAAQBAJ&printsec=frontcover&img=1&zoom=1&edge=curl&source=gbs_api'}",en,http://books.google.com/books?id=LfkQEAAAQBAJ&printsec=frontcover&dq=isbn:9780393881158&hl=&cd=1&source=gbs_api,https://play.google.com/store/books/details?id=LfkQEAAAQBAJ&source=gbs_api,https://play.google.com/store/books/details?id=LfkQEAAAQBAJ,A Novel,,,9780393881158,0393881156,,http://books.google.com/books/content?id=LfkQEAAAQBAJ&printsec=frontcover&img=1&zoom=5&edge=curl&source=gbs_api,http://books.google.com/books/content?id=LfkQEAAAQBAJ&printsec=frontcover&img=1&zoom=1&edge=curl&source=gbs_api
125,9780735217553,The Scout Mindset: Why Some People See Things Clearly and Others Don't,Julia Galef,2022-06-15,2022-07-01,2022,True,The Scout Mindset,['Julia Galef'],Penguin,2021-04-13,"""...an engaging and enlightening account from which we all can benefit.""—The Wall Street Journal A better way to combat knee-jerk biases and make smarter decisions, from Julia Galef, the acclaimed expert on rational decision-making. When it comes to what we believe, humans see what they want to see. In other words, we have what Julia Galef calls a ""soldier"" mindset. From tribalism and wishful thinking, to rationalizing in our personal lives and everything in between, we are driven to defend the ideas we most want to believe—and shoot down those we don't. But if we want to get things right more often, argues Galef, we should train ourselves to have a ""scout"" mindset. Unlike the soldier, a scout's goal isn't to defend one side over the other. It's to go out, survey the territory, and come back with as accurate a map as possible. Regardless of what they hope to be the case, above all, the scout wants to know what's actually true. In The Scout Mindset, Galef shows that what makes scouts better at getting things right isn't that they're smarter or more knowledgeable than everyone else. It's a handful of emotional skills, habits, and ways of looking at the world—which anyone can learn. With fascinating examples ranging from how to survive being stranded in the middle of the ocean, to how Jeff Bezos avoids overconfidence, to how superforecasters outperform CIA operatives, to Reddit threads and modern partisan politics, Galef explores why our brains deceive us and what we can do to change the way we think.","[{'type': 'ISBN_13', 'identifier': '9780735217553'}, {'type': 'ISBN_10', 'identifier': '0735217556'}]","{'text': False, 'image': False}",290.0,BOOK,['Business & Economics'],NOT_MATURE,False,0.3.0.0.preview.0,"{'containsEpubBubbles': False, 'containsImageBubbles': False}","{'smallThumbnail': 'http://books.google.com/books/content?id=wJ0jEAAAQBAJ&printsec=frontcover&img=1&zoom=5&edge=curl&source=gbs_api', 'thumbnail': 'http://books.google.com/books/content?id=wJ0jEAAAQBAJ&printsec=frontcover&img=1&zoom=1&edge=curl&source=gbs_api'}",en,http://books.google.com/books?id=wJ0jEAAAQBAJ&printsec=frontcover&dq=isbn:9780735217553&hl=&cd=1&source=gbs_api,http://books.google.com/books?id=wJ0jEAAAQBAJ&dq=isbn:9780735217553&hl=&source=gbs_api,https://books.google.com/books/about/The_Scout_Mindset.html?hl=&id=wJ0jEAAAQBAJ,Why Some People See Things Clearly and Others Don't,,,9780735217553,0735217556,,http://books.google.com/books/content?id=wJ0jEAAAQBAJ&printsec=frontcover&img=1&zoom=5&edge=curl&source=gbs_api,http://books.google.com/books/content?id=wJ0jEAAAQBAJ&printsec=frontcover&img=1&zoom=1&edge=curl&source=gbs_api
126,9780735223790,Fundamentals: Ten Keys to Reality,Frank Wilczek,2022-06-18,2022-06-24,2022,True,Fundamentals,['Frank Wilczek'],Penguin,2021-01-12,"“Fundamentals might be the perfect book for the winter of this plague year. . . . Wilczek writes with breathtaking economy and clarity, and his pleasure in his subject is palpable.” —The New York Times Book Review One of our great contemporary scientists reveals the ten profound insights that illuminate what everyone should know about the physical world In Fundamentals, Nobel laureate Frank Wilczek offers the reader a simple yet profound exploration of reality based on the deep revelations of modern science. With clarity and an infectious sense of joy, he guides us through the essential concepts that form our understanding of what the world is and how it works. Through these pages, we come to see our reality in a new way--bigger, fuller, and stranger than it looked before. Synthesizing basic questions, facts, and dazzling speculations, Wilczek investigates the ideas that form our understanding of the universe: time, space, matter, energy, complexity, and complementarity. He excavates the history of fundamental science, exploring what we know and how we know it, while journeying to the horizons of the scientific world to give us a glimpse of what we may soon discover. Brilliant, lucid, and accessible, this celebration of human ingenuity and imagination will expand your world and your mind.","[{'type': 'ISBN_13', 'identifier': '9780735223790'}, {'type': 'ISBN_10', 'identifier': '0735223793'}]","{'text': False, 'image': False}",272.0,BOOK,['Science'],NOT_MATURE,False,0.3.3.0.preview.0,"{'containsEpubBubbles': False, 'containsImageBubbles': False}","{'smallThumbnail': 'http://books.google.com/books/content?id=m-UlEAAAQBAJ&printsec=frontcover&img=1&zoom=5&edge=curl&source=gbs_api', 'thumbnail': 'http://books.google.com/books/content?id=m-UlEAAAQBAJ&printsec=frontcover&img=1&zoom=1&edge=curl&source=gbs_api'}",en,http://books.google.com/books?id=m-UlEAAAQBAJ&printsec=frontcover&dq=isbn:9780735223790&hl=&cd=1&source=gbs_api,http://books.google.com/books?id=m-UlEAAAQBAJ&dq=isbn:9780735223790&hl=&source=gbs_api,https://books.google.com/books/about/Fundamentals.html?hl=&id=m-UlEAAAQBAJ,Ten Keys to Reality,,,9780735223790,0735223793,,http://books.google.com/books/content?id=m-UlEAAAQBAJ&printsec=frontcover&img=1&zoom=5&edge=curl&source=gbs_api,http://books.google.com/books/content?id=m-UlEAAAQBAJ&printsec=frontcover&img=1&zoom=1&edge=curl&source=gbs_api
88,9781455540013,The Lost City of the Monkey God,Douglas Preston,2022-07-01,2022-07-05,2022,True,The Lost City of the Monkey God,['Douglas Preston'],Grand Central Publishing,2017-09-05,"The #1 New York Times and Wall Street Journal bestseller, named one of the best books of the year by The Boston Globe and National Geographic: acclaimed journalist Douglas Preston takes readers on a true adventure deep into the Honduran rainforest in this riveting narrative about the discovery of a lost civilization -- culminating in a stunning medical mystery. Since the days of conquistador Hernán Cortés, rumors have circulated about a lost city of immense wealth hidden somewhere in the Honduran interior, called the White City or the Lost City of the Monkey God. Indigenous tribes speak of ancestors who fled there to escape the Spanish invaders, and they warn that anyone who enters this sacred city will fall ill and die. In 1940, swashbuckling journalist Theodore Morde returned from the rainforest with hundreds of artifacts and an electrifying story of having found the Lost City of the Monkey God-but then committed suicide without revealing its location. Three quarters of a century later, bestselling author Doug Preston joined a team of scientists on a groundbreaking new quest. In 2012 he climbed aboard a rickety, single-engine plane carrying the machine that would change everything: lidar, a highly advanced, classified technology that could map the terrain under the densest rainforest canopy. In an unexplored valley ringed by steep mountains, that flight revealed the unmistakable image of a sprawling metropolis, tantalizing evidence of not just an undiscovered city but an enigmatic, lost civilization. Venturing into this raw, treacherous, but breathtakingly beautiful wilderness to confirm the discovery, Preston and the team battled torrential rains, quickmud, disease-carrying insects, jaguars, and deadly snakes. But it wasn't until they returned that tragedy struck: Preston and others found they had contracted in the ruins a horrifying, sometimes lethal-and incurable-disease. Suspenseful and shocking, filled with colorful history, hair-raising adventure, and dramatic twists of fortune, THE LOST CITY OF THE MONKEY GOD is the absolutely true, eyewitness account of one of the great discoveries of the twenty-first century.","[{'type': 'ISBN_10', 'identifier': '1455540013'}, {'type': 'ISBN_13', 'identifier': '9781455540013'}]","{'text': False, 'image': False}",336.0,BOOK,['History'],NOT_MATURE,False,preview-1.0.0,"{'containsEpubBubbles': False, 'containsImageBubbles': False}","{'smallThumbnail': 'http://books.google.com/books/content?id=PSZ9AQAACAAJ&printsec=frontcover&img=1&zoom=5&source=gbs_api', 'thumbnail': 'http://books.google.com/books/content?id=PSZ9AQAACAAJ&printsec=frontcover&img=1&zoom=1&source=gbs_api'}",en,http://books.google.com/books?id=PSZ9AQAACAAJ&dq=isbn:9781455540013&hl=&cd=1&source=gbs_api,http://books.google.com/books?id=PSZ9AQAACAAJ&dq=isbn:9781455540013&hl=&source=gbs_api,https://books.google.com/books/about/The_Lost_City_of_the_Monkey_God.html?hl=&id=PSZ9AQAACAAJ,A True Story,,,9781455540013,1455540013,,http://books.google.com/books/content?id=PSZ9AQAACAAJ&printsec=frontcover&img=1&zoom=5&source=gbs_api,http://books.google.com/books/content?id=PSZ9AQAACAAJ&printsec=frontcover&img=1&zoom=1&source=gbs_api
115,9780525559481,The Midnight Library,Matt Haig,2022-07-05,2022-07-06,2022,True,The Midnight Library: A GMA Book Club Pick,['Matt Haig'],Penguin,2020-09-29,"The #1 New York Times bestselling WORLDWIDE phenomenon Winner of the Goodreads Choice Award for Fiction | A Good Morning America Book Club Pick | Independent (London) Ten Best Books of the Year ""A feel-good book guaranteed to lift your spirits.""—The Washington Post The dazzling reader-favorite about the choices that go into a life well lived, from the acclaimed author of How To Stop Time and The Comfort Book. Don’t miss Matt Haig’s latest instant New York Times besteller, The Life Impossible, available now Somewhere out beyond the edge of the universe there is a library that contains an infinite number of books, each one the story of another reality. One tells the story of your life as it is, along with another book for the other life you could have lived if you had made a different choice at any point in your life. While we all wonder how our lives might have been, what if you had the chance to go to the library and see for yourself? Would any of these other lives truly be better? In The Midnight Library, Matt Haig's enchanting blockbuster novel, Nora Seed finds herself faced with this decision. Faced with the possibility of changing her life for a new one, following a different career, undoing old breakups, realizing her dreams of becoming a glaciologist; she must search within herself as she travels through the Midnight Library to decide what is truly fulfilling in life, and what makes it worth living in the first place.","[{'type': 'ISBN_13', 'identifier': '9780525559481'}, {'type': 'ISBN_10', 'identifier': '0525559485'}]","{'text': True, 'image': False}",312.0,BOOK,['Fiction'],NOT_MATURE,True,2.9.9.0.preview.2,"{'containsEpubBubbles': False, 'containsImageBubbles': False}","{'smallThumbnail': 'http://books.google.com/books/content?id=nNjTDwAAQBAJ&printsec=frontcover&img=1&zoom=5&edge=curl&source=gbs_api', 'thumbnail': 'http://books.google.com/books/content?id=nNjTDwAAQBAJ&printsec=frontcover&img=1&zoom=1&edge=curl&source=gbs_api'}",en,http://books.google.com/books?id=nNjTDwAAQBAJ&printsec=frontcover&dq=isbn:9780525559481&hl=&cd=1&source=gbs_api,https://play.google.com/store/books/details?id=nNjTDwAAQBAJ&source=gbs_api,https://play.google.com/store/books/details?id=nNjTDwAAQBAJ,A Novel,4.0,1.0,9780525559481,0525559485,,http://books.google.com/books/content?id=nNjTDwAAQBAJ&printsec=frontcover&img=1&zoom=5&edge=curl&source=gbs_api,http://books.google.com/books/content?id=nNjTDwAAQBAJ&printsec=frontcover&img=1&zoom=1&edge=curl&source=gbs_api
122,9780385534246,Killers of the Flower Moon: The Osage Murders and the Birth of the FBI,David Grann,2022-07-12,2022-07-16,2022,True,Killers of the Flower Moon,['David Grann'],National Geographic Books,2017-04-18,"NATIONAL BOOK AWARD FINALIST • NATIONAL BESTSELLER • A twisting, haunting true-life murder mystery about one of the most monstrous crimes in American history, from the author of The Lost City of Z. In the 1920s, the richest people per capita in the world were members of the Osage Nation in Oklahoma. After oil was discovered beneath their land, the Osage rode in chauffeured automobiles, built mansions, and sent their children to study in Europe. Then, one by one, the Osage began to be killed off. The family of an Osage woman, Mollie Burkhart, became a prime target. One of her relatives was shot. Another was poisoned. And it was just the beginning, as more and more Osage were dying under mysterious circumstances, and many of those who dared to investigate the killings were themselves murdered. As the death toll rose, the newly created FBI took up the case, and the young director, J. Edgar Hoover, turned to a former Texas Ranger named Tom White to try to unravel the mystery. White put together an undercover team, including a Native American agent who infiltrated the region, and together with the Osage began to expose one of the most chilling conspiracies in American history. Look for David Grann’s new book, The Wager, coming in April 2023!","[{'type': 'ISBN_13', 'identifier': '9780385534246'}, {'type': 'ISBN_10', 'identifier': '0385534248'}]","{'text': True, 'image': False}",338.0,BOOK,['True Crime'],NOT_MATURE,False,preview-1.0.0,"{'containsEpubBubbles': False, 'containsImageBubbles': False}","{'smallThumbnail': 'http://books.google.com/books/content?id=EEGNEAAAQBAJ&printsec=frontcover&img=1&zoom=5&source=gbs_api', 'thumbnail': 'http://books.google.com/books/content?id=EEGNEAAAQBAJ&printsec=frontcover&img=1&zoom=1&source=gbs_api'}",en,http://books.google.com/books?id=EEGNEAAAQBAJ&dq=isbn:9780385534246&hl=&cd=1&source=gbs_api,http://books.google.com/books?id=EEGNEAAAQBAJ&dq=isbn:9780385534246&hl=&source=gbs_api,https://books.google.com/books/about/Killers_of_the_Flower_Moon.html?hl=&id=EEGNEAAAQBAJ,The Osage Murders and the Birth of the FBI,,,9780385534246,0385534248,,http://books.google.com/books/content?id=EEGNEAAAQBAJ&printsec=frontcover&img=1&zoom=5&source=gbs_api,http://books.google.com/books/content?id=EEGNEAAAQBAJ&printsec=frontcover&img=1&zoom=1&source=gbs_api
116,9780063036758,Foregone,Russell Banks,2022-07-14,2022-07-21,2022,True,Foregone,['Russell Banks'],Ecco Press,2021-03-02,"A searing novel about memory, abandonment, and betrayal from the acclaimed and bestselling Russell Banks At the center of Foregone is famed Canadian American leftist documentary filmmaker Leonard Fife, one of sixty thousand draft evaders and deserters who fled to Canada to avoid serving in Vietnam. Fife, now in his late seventies, is dying of cancer in Montreal and has agreed to a final interview in which he is determined to bare all his secrets at last, to demythologize his mythologized life. The interview is filmed by his acolyte and ex-star student, Malcolm MacLeod, in the presence of Fife's wife and alongside Malcolm's producer, cinematographer, and sound technician, all of whom have long admired Fife but who must now absorb the meaning of his astonishing, dark confession. Imaginatively structured around Fife's secret memories and alternating between the experiences of the characters who are filming his confession, the novel challenges our assumptions and understanding about a significant lost chapter in American history and the nature of memory itself. Russell Banks gives us a daring and resonant work about the scope of one man's mysterious life, revealed through the fragments of his recovered past.","[{'type': 'ISBN_10', 'identifier': '0063036754'}, {'type': 'ISBN_13', 'identifier': '9780063036758'}]","{'text': False, 'image': False}",320.0,BOOK,,NOT_MATURE,False,preview-1.0.0,"{'containsEpubBubbles': False, 'containsImageBubbles': False}","{'smallThumbnail': 'http://books.google.com/books/content?id=svySzQEACAAJ&printsec=frontcover&img=1&zoom=5&source=gbs_api', 'thumbnail': 'http://books.google.com/books/content?id=svySzQEACAAJ&printsec=frontcover&img=1&zoom=1&source=gbs_api'}",en,http://books.google.com/books?id=svySzQEACAAJ&dq=isbn:9780063036758&hl=&cd=1&source=gbs_api,http://books.google.com/books?id=svySzQEACAAJ&dq=isbn:9780063036758&hl=&source=gbs_api,https://books.google.com/books/about/Foregone.html?hl=&id=svySzQEACAAJ,A Novel,,,9780063036758,0063036754,,http://books.google.com/books/content?id=svySzQEACAAJ&printsec=frontcover&img=1&zoom=5&source=gbs_api,http://books.google.com/books/content?id=svySzQEACAAJ&printsec=frontcover&img=1&zoom=1&source=gbs_api
121,9780385537605,The Billion Dollar Spy: A True Story of Cold War Espionage and Betrayal,David E. Hoffman,2022-07-16,2022-07-21,2022,True,The Billion Dollar Spy,['David Emanuel Hoffman'],Doubleday Books,2015,"""From 1979 to 1985, Adolf Tolkachev, an engineer at a military research center, cracked open the secret Soviet military research establishment, using his access to hand over tens of thousands of pages of material about the latest advances in aviation technology, alerting the Americans to possible developments years in the future. He was one of the most productive and valuable spies ever to work for the United States in the four decades of global confrontation with the Soviet Union... Drawing on previously secret documents obtained from the CIA, as well as interviews with participants, Hoffman reveals how the depredations of the Soviet state motivated one man to master the craft of spying against his own nation until he was betrayed to the KGB by a disgruntled former CIA trainee.""--Provided by publisher.","[{'type': 'ISBN_10', 'identifier': '0385537603'}, {'type': 'ISBN_13', 'identifier': '9780385537605'}]","{'text': False, 'image': False}",312.0,BOOK,['Aeronautics'],NOT_MATURE,False,preview-1.0.0,"{'containsEpubBubbles': False, 'containsImageBubbles': False}","{'smallThumbnail': 'http://books.google.com/books/content?id=JGrjoQEACAAJ&printsec=frontcover&img=1&zoom=5&source=gbs_api', 'thumbnail': 'http://books.google.com/books/content?id=JGrjoQEACAAJ&printsec=frontcover&img=1&zoom=1&source=gbs_api'}",en,http://books.google.com/books?id=JGrjoQEACAAJ&dq=isbn:9780385537605&hl=&cd=1&source=gbs_api,http://books.google.com/books?id=JGrjoQEACAAJ&dq=isbn:9780385537605&hl=&source=gbs_api,https://books.google.com/books/about/The_Billion_Dollar_Spy.html?hl=&id=JGrjoQEACAAJ,A True Story of Cold War Espionage and Betrayal,,,9780385537605,0385537603,,http://books.google.com/books/content?id=JGrjoQEACAAJ&printsec=frontcover&img=1&zoom=5&source=gbs_api,http://books.google.com/books/content?id=JGrjoQEACAAJ&printsec=frontcover&img=1&zoom=1&source=gbs_api
117,9780385544900,The Hard Sell: Crime and Punishment at an Opioid Startup,Evan Hughes,2022-07-21,2022-07-25,2022,True,The Hard Sell,['Evan Hughes'],National Geographic Books,2022-01-18,"The inside story of a band of entrepreneurial upstarts who made millions selling painkillers—until their scheme unraveled, putting them at the center of a landmark criminal trial. “A fast-paced and maddening account.... Until I read The Hard Sell, about the outrageous behavior of an obscure drug company, I hadn’t appreciated the full extent of the filth or the dark stain the opioid sector has left on the entire industry.... What’s most surprising and powerful about The Hard Sell is not one company’s criminality—we’ve grown inured to corporations behaving badly—as much as how institutionalized these practices were across the modern drug industry.” —New York Times Book Review John Kapoor had already amassed a small fortune in pharmaceuticals when he founded Insys Therapeutics. It was the early 2000s, a boom time for painkillers, and he developed a novel formulation of fentanyl, the most potent opioid on the market. Kapoor, a brilliant immigrant scientist with relentless business instincts, was eager to make the most of his innovation. He gathered around him an ambitious group of young lieutenants. His head of sales—an unstable and unmanageable leader, but a genius of persuasion—built a team willing to pull every lever to close a sale, going so far as to recruit an exotic dancer ready to scrape her way up. They zeroed in on the eccentric and suspect doctors receptive to their methods. Employees at headquarters did their part by deceiving insurance companies. The drug was a niche product, approved only for cancer patients in dire condition, but the company’s leadership pushed it more widely, and together they turned Insys into a Wall Street sensation. But several insiders reached their breaking point and blew the whistle. They sparked a sprawling investigation that would lead to a dramatic courtroom battle, breaking new ground in the government’s fight to hold the drug industry accountable in the spread of addictive opioids. In The Hard Sell, National Magazine Award–finalist Evan Hughes lays bare the pharma playbook. He draws on unprecedented access to insiders of the Insys saga, from top executives to foot soldiers, from the patients and staff of far-flung clinics to the Boston investigators who treated the case as a drug-trafficking conspiracy, flipping cooperators and closing in on the key players. With colorful characters and true suspense, The Hard Sell offers a bracing look not just at Insys, but at how opioids are sold at the point they first enter the national bloodstream—in the doctor’s office.","[{'type': 'ISBN_13', 'identifier': '9780385544900'}, {'type': 'ISBN_10', 'identifier': '0385544901'}]","{'text': True, 'image': False}",288.0,BOOK,['True Crime'],NOT_MATURE,False,preview-1.0.0,"{'containsEpubBubbles': False, 'containsImageBubbles': False}","{'smallThumbnail': 'http://books.google.com/books/content?id=mEGNEAAAQBAJ&printsec=frontcover&img=1&zoom=5&source=gbs_api', 'thumbnail': 'http://books.google.com/books/content?id=mEGNEAAAQBAJ&printsec=frontcover&img=1&zoom=1&source=gbs_api'}",en,http://books.google.com/books?id=mEGNEAAAQBAJ&dq=isbn:9780385544900&hl=&cd=1&source=gbs_api,http://books.google.com/books?id=mEGNEAAAQBAJ&dq=isbn:9780385544900&hl=&source=gbs_api,https://books.google.com/books/about/The_Hard_Sell.html?hl=&id=mEGNEAAAQBAJ,Crime and Punishment at an Opioid Startup,,,9780385544900,0385544901,,http://books.google.com/books/content?id=mEGNEAAAQBAJ&printsec=frontcover&img=1&zoom=5&source=gbs_api,http://books.google.com/books/content?id=mEGNEAAAQBAJ&printsec=frontcover&img=1&zoom=1&source=gbs_api
108,9780525433729,"East West Street: On the Origins of ""Genocide"" and ""Crimes Against Humanity""",Philippe Sands,2022-07-22,2022-09-12,2022,True,East West Street,['Philippe Sands'],Vintage,2017-07-11,"A profound, important book, a moving personal detective story and an uncovering of secret pasts, set in Europe’s center, the city of bright colors—Lviv, Ukraine, dividing east from west, north from south, in what had been the Austro-Hungarian Empire. A book that explores the development of the world-changing legal concepts of “genocide” and “crimes against humanity” that came about as a result of the unprecedented atrocities of Hitler’s Third Reich. It is also a spellbinding family memoir, as the author traces the mysterious story of his grandfather as he maneuvered through Europe in the face of Nazi atrocities. This is “a monumental achievement ... told with love, anger and precision” (John le Carré, acclaimed internationally bestselling author). East West Street looks at the personal and intellectual evolution of the two men who simultaneously originated the ideas of “genocide” and “crimes against humanity,” both of whom, not knowing the other, studied at the same university with the same professors, in “the Paris of Ukraine,” a major cultural center of Europe, a city variously called Lemberg, Lwów, Lvov, or Lviv. Phillipe Sands changes the way we look at the world, at our understanding of history and how civilization has tried to cope with mass murder","[{'type': 'ISBN_13', 'identifier': '9780525433729'}, {'type': 'ISBN_10', 'identifier': '0525433724'}]","{'text': False, 'image': False}",466.0,BOOK,['History'],NOT_MATURE,False,0.4.0.0.preview.0,"{'containsEpubBubbles': False, 'containsImageBubbles': False}","{'smallThumbnail': 'http://books.google.com/books/content?id=55QnDwAAQBAJ&printsec=frontcover&img=1&zoom=5&edge=curl&source=gbs_api', 'thumbnail': 'http://books.google.com/books/content?id=55QnDwAAQBAJ&printsec=frontcover&img=1&zoom=1&edge=curl&source=gbs_api'}",en,http://books.google.com/books?id=55QnDwAAQBAJ&printsec=frontcover&dq=isbn:9780525433729&hl=&cd=1&source=gbs_api,http://books.google.com/books?id=55QnDwAAQBAJ&dq=isbn:9780525433729&hl=&source=gbs_api,https://books.google.com/books/about/East_West_Street.html?hl=&id=55QnDwAAQBAJ,"On the Origins of ""Genocide"" and ""Crimes Against Humanity""",,,9780525433729,0525433724,,http://books.google.com/books/content?id=55QnDwAAQBAJ&printsec=frontcover&img=1&zoom=5&edge=curl&source=gbs_api,http://books.google.com/books/content?id=55QnDwAAQBAJ&printsec=frontcover&img=1&zoom=1&edge=curl&source=gbs_api
120,9780735222359,The Lincoln Highway,Amor Towles,2022-07-29,2022-08-14,2022,True,The Lincoln Highway: A Read with Jenna Pick,['Amor Towles'],Penguin,2021-10-05,"#1 NEW YORK TIMES BESTSELLER More than ONE MILLION copies sold A TODAY Show Read with Jenna Book Club Pick A New York Times Notable Book, a New York Times Readers’ Choice Best Book of the Century, and Chosen by Oprah Daily, Time, NPR, The Washington Post, Bill Gates and Barack Obama as a Best Book of the Year “Wise and wildly entertaining . . . permeated with light, wit, youth.” —The New York Times Book Review “A classic that we will read for years to come.” —Jenna Bush Hager, Read with Jenna book club “Fantastic. Set in 1954, Towles uses the story of two brothers to show that our personal journeys are never as linear or predictable as we might hope.” —Bill Gates “A real joyride . . . elegantly constructed and compulsively readable.” —NPR The bestselling author of A Gentleman in Moscow and Rules of Civility and master of absorbing, sophisticated fiction returns with a stylish and propulsive novel set in 1950s America In June, 1954, eighteen-year-old Emmett Watson is driven home to Nebraska by the warden of the juvenile work farm where he has just served fifteen months for involuntary manslaughter. His mother long gone, his father recently deceased, and the family farm foreclosed upon by the bank, Emmett's intention is to pick up his eight-year-old brother, Billy, and head to California where they can start their lives anew. But when the warden drives away, Emmett discovers that two friends from the work farm have hidden themselves in the trunk of the warden's car. Together, they have hatched an altogether different plan for Emmett's future, one that will take them all on a fateful journey in the opposite direction—to the City of New York. Spanning just ten days and told from multiple points of view, Towles's third novel will satisfy fans of his multi-layered literary styling while providing them an array of new and richly imagined settings, characters, and themes. “Once again, I was wowed by Towles’s writing—especially because The Lincoln Highway is so different from A Gentleman in Moscow in terms of setting, plot, and themes. Towles is not a one-trick pony. Like all the best storytellers, he has range. He takes inspiration from famous hero’s journeys, including The Iliad, The Odyssey, Hamlet, Huckleberry Finn, and Of Mice and Men. He seems to be saying that our personal journeys are never as linear or predictable as an interstate highway. But, he suggests, when something (or someone) tries to steer us off course, it is possible to take the wheel.” – Bill Gates","[{'type': 'ISBN_13', 'identifier': '9780735222359'}, {'type': 'ISBN_10', 'identifier': '0735222355'}]","{'text': False, 'image': False}",593.0,BOOK,['Fiction'],NOT_MATURE,False,0.5.0.0.preview.0,"{'containsEpubBubbles': False, 'containsImageBubbles': False}","{'smallThumbnail': 'http://books.google.com/books/content?id=B2tBEAAAQBAJ&printsec=frontcover&img=1&zoom=5&edge=curl&source=gbs_api', 'thumbnail': 'http://books.google.com/books/content?id=B2tBEAAAQBAJ&printsec=frontcover&img=1&zoom=1&edge=curl&source=gbs_api'}",en,http://books.google.com/books?id=B2tBEAAAQBAJ&printsec=frontcover&dq=isbn:9780735222359&hl=&cd=1&source=gbs_api,http://books.google.com/books?id=B2tBEAAAQBAJ&dq=isbn:9780735222359&hl=&source=gbs_api,https://books.google.com/books/about/The_Lincoln_Highway_A_Read_with_Jenna_Pi.html?hl=&id=B2tBEAAAQBAJ,A Novel,,,9780735222359,0735222355,,http://books.google.com/books/content?id=B2tBEAAAQBAJ&printsec=frontcover&img=1&zoom=5&edge=curl&source=gbs_api,http://books.google.com/books/content?id=B2tBEAAAQBAJ&printsec=frontcover&img=1&zoom=1&edge=curl&source=gbs_api
113,9780525559535,"Stony the Road: Reconstruction, White Supremacy, and the Rise of Jim Crow",Henry Louis Gates Jr.,2022-07-29,2022-08-28,2022,True,Stony the Road,['Henry Louis Gates (Jr.)'],,2019,"The abolition of slavery after the Civil War is a familiar story, as is the civil rights revolution that transformed the nation after World War II. But the century in between remains a mystery: if emancipation sparked 'a new birth of freedom' in Lincoln's America, why was it necessary to march in Martin Luther King, Jr.'s America? Gates uncovers the roots of structural racism in our own time, while showing how African-Americans after slavery combatted it by articulating a vision of a 'New Negro' to force the nation to recognise their humanity and unique contributions to the United States.","[{'type': 'ISBN_13', 'identifier': '9780525559535'}, {'type': 'ISBN_10', 'identifier': '0525559531'}]","{'text': False, 'image': False}",322.0,BOOK,['History'],NOT_MATURE,False,0.2.1.0.preview.0,"{'containsEpubBubbles': False, 'containsImageBubbles': False}","{'smallThumbnail': 'http://books.google.com/books/content?id=Ao-RDwAAQBAJ&printsec=frontcover&img=1&zoom=5&edge=curl&source=gbs_api', 'thumbnail': 'http://books.google.com/books/content?id=Ao-RDwAAQBAJ&printsec=frontcover&img=1&zoom=1&edge=curl&source=gbs_api'}",en,http://books.google.com/books?id=Ao-RDwAAQBAJ&printsec=frontcover&dq=isbn:9780525559535&hl=&cd=1&source=gbs_api,http://books.google.com/books?id=Ao-RDwAAQBAJ&dq=isbn:9780525559535&hl=&source=gbs_api,https://books.google.com/books/about/Stony_the_Road.html?hl=&id=Ao-RDwAAQBAJ,"Reconstruction, White Supremacy, and the Rise of Jim Crow",,,9780525559535,0525559531,,http://books.google.com/books/content?id=Ao-RDwAAQBAJ&printsec=frontcover&img=1&zoom=5&edge=curl&source=gbs_api,http://books.google.com/books/content?id=Ao-RDwAAQBAJ&printsec=frontcover&img=1&zoom=1&edge=curl&source=gbs_api
118,9780525521150,The Glass Hotel,Emily St. John Mandel,2022-07-30,2022-08-02,2022,True,The Glass Hotel,['Emily St. John Mandel'],Vintage,2020-03-24,"INTERNATIONAL BESTSELLER • From the bestselling author of Station Eleven and Sea of Tranquility, an exhilarating novel set at the glittering intersection of two seemingly disparate events—the exposure of a massive criminal enterprise and the mysterious disappearance of a woman from a ship at sea. “The perfect novel ... Freshly mysterious.” —The Washington Post Vincent is a bartender at the Hotel Caiette, a five-star lodging on the northernmost tip of Vancouver Island. On the night she meets Jonathan Alkaitis, a hooded figure scrawls a message on the lobby's glass wall: Why don’t you swallow broken glass. High above Manhattan, a greater crime is committed: Alkaitis's billion-dollar business is really nothing more than a game of smoke and mirrors. When his scheme collapses, it obliterates countless fortunes and devastates lives. Vincent, who had been posing as Jonathan’s wife, walks away into the night. Years later, a victim of the fraud is hired to investigate a strange occurrence: a woman has seemingly vanished from the deck of a container ship between ports of call. In this captivating story of crisis and survival, Emily St. John Mandel takes readers through often hidden landscapes: campgrounds for the near-homeless, underground electronica clubs, service in luxury hotels, and life in a federal prison. Rife with unexpected beauty, The Glass Hotel is a captivating portrait of greed and guilt, love and delusion, ghosts and unintended consequences, and the infinite ways we search for meaning in our lives. Look for Emily St. John Mandel’s bestselling new novel, Sea of Tranquility!","[{'type': 'ISBN_13', 'identifier': '9780525521150'}, {'type': 'ISBN_10', 'identifier': '0525521151'}]","{'text': True, 'image': False}",281.0,BOOK,['Fiction'],NOT_MATURE,True,1.13.13.0.preview.2,"{'containsEpubBubbles': False, 'containsImageBubbles': False}","{'smallThumbnail': 'http://books.google.com/books/content?id=Nn-WDwAAQBAJ&printsec=frontcover&img=1&zoom=5&edge=curl&source=gbs_api', 'thumbnail': 'http://books.google.com/books/content?id=Nn-WDwAAQBAJ&printsec=frontcover&img=1&zoom=1&edge=curl&source=gbs_api'}",en,http://books.google.com/books?id=Nn-WDwAAQBAJ&printsec=frontcover&dq=isbn:9780525521150&hl=&cd=1&source=gbs_api,https://play.google.com/store/books/details?id=Nn-WDwAAQBAJ&source=gbs_api,https://play.google.com/store/books/details?id=Nn-WDwAAQBAJ,A novel,4.0,1.0,9780525521150,0525521151,,http://books.google.com/books/content?id=Nn-WDwAAQBAJ&printsec=frontcover&img=1&zoom=5&edge=curl&source=gbs_api,http://books.google.com/books/content?id=Nn-WDwAAQBAJ&printsec=frontcover&img=1&zoom=1&edge=curl&source=gbs_api
112,9781501139239,The Seven Husbands of Evelyn Hugo,Taylor Jenkins Reid,2022-07-30,2022-08-28,2022,True,The Seven Husbands of Evelyn Hugo,['Taylor Jenkins Reid'],Simon and Schuster,2017-06-13,The epic adventures Evelyn creates over the course of a lifetime will leave every reader mesmerized. This wildly addictive journey of a reclusive Hollywood starlet and her tumultuous Tinseltown journey comes with unexpected twists and the most satisfying of drama.,"[{'type': 'ISBN_13', 'identifier': '9781501139239'}, {'type': 'ISBN_10', 'identifier': '1501139231'}]","{'text': False, 'image': False}",400.0,BOOK,['Fiction'],NOT_MATURE,False,0.3.1.0.preview.0,"{'containsEpubBubbles': False, 'containsImageBubbles': False}","{'smallThumbnail': 'http://books.google.com/books/content?id=IdAmDwAAQBAJ&printsec=frontcover&img=1&zoom=5&edge=curl&source=gbs_api', 'thumbnail': 'http://books.google.com/books/content?id=IdAmDwAAQBAJ&printsec=frontcover&img=1&zoom=1&edge=curl&source=gbs_api'}",en,http://books.google.com/books?id=IdAmDwAAQBAJ&printsec=frontcover&dq=isbn:9781501139239&hl=&cd=1&source=gbs_api,http://books.google.com/books?id=IdAmDwAAQBAJ&dq=isbn:9781501139239&hl=&source=gbs_api,https://books.google.com/books/about/The_Seven_Husbands_of_Evelyn_Hugo.html?hl=&id=IdAmDwAAQBAJ,A Novel,4.5,3.0,9781501139239,1501139231,,http://books.google.com/books/content?id=IdAmDwAAQBAJ&printsec=frontcover&img=1&zoom=5&edge=curl&source=gbs_api,http://books.google.com/books/content?id=IdAmDwAAQBAJ&printsec=frontcover&img=1&zoom=1&edge=curl&source=gbs_api
119,9780593321447,Sea of Tranquility,Emily St. John Mandel,2022-08-02,2022-08-05,2022,True,Sea of Tranquility,['Emily St. John Mandel'],Knopf,2022-04-05,"NEW YORK TIMES BESTSELLER • The award-winning, best-selling author of Station Eleven and The Glass Hotel returns with a novel of art, time travel, love, and plague that takes the reader from Vancouver Island in 1912 to a dark colony on the moon five hundred years later, unfurling a story of humanity across centuries and space. One of the Best Books of the Year: The New York Times, NPR, GoodReads “One of [Mandel’s] finest novels and one of her most satisfying forays into the arena of speculative fiction yet.” —The New York Times Edwin St. Andrew is eighteen years old when he crosses the Atlantic by steamship, exiled from polite society following an ill-conceived diatribe at a dinner party. He enters the forest, spellbound by the beauty of the Canadian wilderness, and suddenly hears the notes of a violin echoing in an airship terminal—an experience that shocks him to his core. Two centuries later a famous writer named Olive Llewellyn is on a book tour. She’s traveling all over Earth, but her home is the second moon colony, a place of white stone, spired towers, and artificial beauty. Within the text of Olive’s best-selling pandemic novel lies a strange passage: a man plays his violin for change in the echoing corridor of an airship terminal as the trees of a forest rise around him. When Gaspery-Jacques Roberts, a detective in the black-skied Night City, is hired to investigate an anomaly in the North American wilderness, he uncovers a series of lives upended: The exiled son of an earl driven to madness, a writer trapped far from home as a pandemic ravages Earth, and a childhood friend from the Night City who, like Gaspery himself, has glimpsed the chance to do something extraordinary that will disrupt the timeline of the universe. A virtuoso performance that is as human and tender as it is intellectually playful, Sea of Tranquility is a novel of time travel and metaphysics that precisely captures the reality of our current moment.","[{'type': 'ISBN_13', 'identifier': '9780593321447'}, {'type': 'ISBN_10', 'identifier': '0593321448'}]","{'text': True, 'image': False}",272.0,BOOK,['Fiction'],NOT_MATURE,False,preview-1.0.0,"{'containsEpubBubbles': False, 'containsImageBubbles': False}","{'smallThumbnail': 'http://books.google.com/books/content?id=QG-TEAAAQBAJ&printsec=frontcover&img=1&zoom=5&source=gbs_api', 'thumbnail': 'http://books.google.com/books/content?id=QG-TEAAAQBAJ&printsec=frontcover&img=1&zoom=1&source=gbs_api'}",en,http://books.google.com/books?id=QG-TEAAAQBAJ&dq=isbn:9780593321447&hl=&cd=1&source=gbs_api,http://books.google.com/books?id=QG-TEAAAQBAJ&dq=isbn:9780593321447&hl=&source=gbs_api,https://books.google.com/books/about/Sea_of_Tranquility.html?hl=&id=QG-TEAAAQBAJ,A novel,,,9780593321447,0593321448,,http://books.google.com/books/content?id=QG-TEAAAQBAJ&printsec=frontcover&img=1&zoom=5&source=gbs_api,http://books.google.com/books/content?id=QG-TEAAAQBAJ&printsec=frontcover&img=1&zoom=1&source=gbs_api
107,9780735211605,"Enemy of All Mankind: A True Story of Piracy, Power, and History's First Global Manhunt",Steven Johnson,2022-08-29,2022-09-13,2022,True,Enemy of All Mankind,['Steven Johnson'],Penguin,2020-05-12,"“Thoroughly engrossing . . . a spirited, suspenseful, economically told tale whose significance is manifest and whose pace never flags.” —The Wall Street Journal From The New York Times–bestselling author of The Ghost Map and Extra Life, the story of a pirate who changed the world Henry Every was the seventeenth century’s most notorious pirate. The press published wildly popular—and wildly inaccurate—reports of his nefarious adventures. The British government offered enormous bounties for his capture, alive or (preferably) dead. But Steven Johnson argues that Every’s most lasting legacy was his inadvertent triggering of a major shift in the global economy. Enemy of All Mankind focuses on one key event—the attack on an Indian treasure ship by Every and his crew—and its surprising repercussions across time and space. It’s the gripping tale of one of the most lucrative crimes in history, the first international manhunt, and the trial of the seventeenth century. Johnson uses the extraordinary story of Henry Every and his crimes to explore the emergence of the East India Company, the British Empire, and the modern global marketplace: a densely interconnected planet ruled by nations and corporations. How did this unlikely pirate and his notorious crime end up playing a key role in the birth of multinational capitalism? In the same mode as Johnson’s classic nonfiction historical thriller The Ghost Map, Enemy of All Mankind deftly traces the path from a single struck match to a global conflagration.","[{'type': 'ISBN_13', 'identifier': '9780735211605'}, {'type': 'ISBN_10', 'identifier': '0735211604'}]","{'text': False, 'image': False}",306.0,BOOK,['History'],NOT_MATURE,False,0.2.2.0.preview.0,"{'containsEpubBubbles': False, 'containsImageBubbles': False}","{'smallThumbnail': 'http://books.google.com/books/content?id=xuTcDwAAQBAJ&printsec=frontcover&img=1&zoom=5&edge=curl&source=gbs_api', 'thumbnail': 'http://books.google.com/books/content?id=xuTcDwAAQBAJ&printsec=frontcover&img=1&zoom=1&edge=curl&source=gbs_api'}",en,http://books.google.com/books?id=xuTcDwAAQBAJ&printsec=frontcover&dq=isbn:9780735211605&hl=&cd=1&source=gbs_api,http://books.google.com/books?id=xuTcDwAAQBAJ&dq=isbn:9780735211605&hl=&source=gbs_api,https://books.google.com/books/about/Enemy_of_All_Mankind.html?hl=&id=xuTcDwAAQBAJ,"A True Story of Piracy, Power, and History's First Global Manhunt",,,9780735211605,0735211604,,http://books.google.com/books/content?id=xuTcDwAAQBAJ&printsec=frontcover&img=1&zoom=5&edge=curl&source=gbs_api,http://books.google.com/books/content?id=xuTcDwAAQBAJ&printsec=frontcover&img=1&zoom=1&edge=curl&source=gbs_api
110,9781609530808,The Lola Quartet,Emily St. John Mandel,2022-09-02,2022-09-05,2022,True,THE LOLA QUARTET,['Emily St. John Mandel'],Vintage,2012-05-01,"From the bestselling author of Station Eleven and Sea of Tranquility—Gavin Sasaki was a promising young journalist in New York City until the day he was fired for plagiarism. The last thing he wants is to sell foreclosed real estate for his sister Eilo’s company in their Florida hometown, but he’s in no position to refuse her job offer. Plus, there’s another reason to go home: Eilo recently met a ten-year-old girl who looks very much like Gavin and has the same last name as his high-school girlfriend, Anna, who left town abruptly after graduation. Determined to find out if this little girl might be his daughter, Gavin sets off to track down Anna, starting with the three friends they shared back when he was part of a jazz group called “The Lola Quartet.” As Gavin pieces together their stories, he learns that Anna has been on the run for good reason, and soon his investigation into her sudden disappearance all those years ago takes a seriously dangerous turn. Look for Emily St. John Mandel’s bestselling new novel, Sea of Tranquility!","[{'type': 'ISBN_13', 'identifier': '9781609530808'}, {'type': 'ISBN_10', 'identifier': '1609530802'}]","{'text': True, 'image': False}",253.0,BOOK,['Fiction'],NOT_MATURE,True,1.7.8.0.preview.2,"{'containsEpubBubbles': False, 'containsImageBubbles': False}","{'smallThumbnail': 'http://books.google.com/books/content?id=A6erBwAAQBAJ&printsec=frontcover&img=1&zoom=5&edge=curl&source=gbs_api', 'thumbnail': 'http://books.google.com/books/content?id=A6erBwAAQBAJ&printsec=frontcover&img=1&zoom=1&edge=curl&source=gbs_api'}",en,http://books.google.com/books?id=A6erBwAAQBAJ&printsec=frontcover&dq=isbn:9781609530808&hl=&cd=1&source=gbs_api,https://play.google.com/store/books/details?id=A6erBwAAQBAJ&source=gbs_api,https://play.google.com/store/books/details?id=A6erBwAAQBAJ,,,,9781609530808,1609530802,,http://books.google.com/books/content?id=A6erBwAAQBAJ&printsec=frontcover&img=1&zoom=5&edge=curl&source=gbs_api,http://books.google.com/books/content?id=A6erBwAAQBAJ&printsec=frontcover&img=1&zoom=1&edge=curl&source=gbs_api
103,9780753557860,"Aftermath: Life in the Fallout of the Third Reich, 1945–1955",Harald Jähner,2022-09-13,2022-10-06,2022,True,Aftermath,['Harald Jähner'],W H Allen,2021-06-17,,"[{'type': 'ISBN_10', 'identifier': '075355786X'}, {'type': 'ISBN_13', 'identifier': '9780753557860'}]","{'text': False, 'image': False}",400.0,BOOK,['Germany'],NOT_MATURE,False,preview-1.0.0,"{'containsEpubBubbles': False, 'containsImageBubbles': False}","{'smallThumbnail': 'http://books.google.com/books/content?id=pcGBzQEACAAJ&printsec=frontcover&img=1&zoom=5&source=gbs_api', 'thumbnail': 'http://books.google.com/books/content?id=pcGBzQEACAAJ&printsec=frontcover&img=1&zoom=1&source=gbs_api'}",en,http://books.google.com/books?id=pcGBzQEACAAJ&dq=isbn:9780753557860&hl=&cd=1&source=gbs_api,http://books.google.com/books?id=pcGBzQEACAAJ&dq=isbn:9780753557860&hl=&source=gbs_api,https://books.google.com/books/about/Aftermath.html?hl=&id=pcGBzQEACAAJ,"Life in the Fallout of the Third Reich, 1945-1955",,,9780753557860,075355786X,,http://books.google.com/books/content?id=pcGBzQEACAAJ&printsec=frontcover&img=1&zoom=5&source=gbs_api,http://books.google.com/books/content?id=pcGBzQEACAAJ&printsec=frontcover&img=1&zoom=1&source=gbs_api
105,9780375706677,No Country for Old Men,Cormac McCarthy,2022-09-16,2022-09-26,2022,True,No Country for Old Men,['Cormac McCarthy'],National Geographic Books,2006-07-11,"From the bestselling, Pulitzer Prize–winning author of The Road comes a ""profoundly disturbing and gorgeously rendered"" novel (The Washington Post) that returns to the Texas-Mexico border, setting of the famed Border Trilogy. The time is our own, when rustlers have given way to drug-runners and small towns have become free-fire zones. One day, a good old boy named Llewellyn Moss finds a pickup truck surrounded by a bodyguard of dead men. A load of heroin and two million dollars in cash are still in the back. When Moss takes the money, he sets off a chain reaction of catastrophic violence that not even the law—in the person of aging, disillusioned Sheriff Bell—can contain. As Moss tries to evade his pursuers—in particular a mysterious mastermind who flips coins for human lives—McCarthy simultaneously strips down the American crime novel and broadens its concerns to encompass themes as ancient as the Bible and as bloodily contemporary as this morning’s headlines. No Country for Old Men is a triumph. Look for Cormac McCarthy's new novel, The Passenger, coming October '22.","[{'type': 'ISBN_13', 'identifier': '9780375706677'}, {'type': 'ISBN_10', 'identifier': '0375706674'}]","{'text': True, 'image': False}",320.0,BOOK,['Fiction'],NOT_MATURE,False,preview-1.0.0,"{'containsEpubBubbles': False, 'containsImageBubbles': False}","{'smallThumbnail': 'http://books.google.com/books/content?id=YSCNEAAAQBAJ&printsec=frontcover&img=1&zoom=5&source=gbs_api', 'thumbnail': 'http://books.google.com/books/content?id=YSCNEAAAQBAJ&printsec=frontcover&img=1&zoom=1&source=gbs_api'}",en,http://books.google.com/books?id=YSCNEAAAQBAJ&dq=isbn:9780375706677&hl=&cd=1&source=gbs_api,http://books.google.com/books?id=YSCNEAAAQBAJ&dq=isbn:9780375706677&hl=&source=gbs_api,https://books.google.com/books/about/No_Country_for_Old_Men.html?hl=&id=YSCNEAAAQBAJ,,,,9780375706677,0375706674,,http://books.google.com/books/content?id=YSCNEAAAQBAJ&printsec=frontcover&img=1&zoom=5&source=gbs_api,http://books.google.com/books/content?id=YSCNEAAAQBAJ&printsec=frontcover&img=1&zoom=1&source=gbs_api
106,9781936071883,The Singer's Gun,Emily St. John Mandel,2022-09-27,2022-10-02,2022,True,The Singer's Gun,['Emily St. John Mandel'],Vintage,2010-05-01,"From the award-winning, bestselling author of Station Eleven and Sea of Tranquility, “a gripping story, full of moral ambiguities, where deception and betrayal become the norm, and where the expression ‘a riddle wrapped in a mystery, inside an enigma’ is lifted to new heights” (St. Louis Post-Dispatch). Everyone Anton Waker grew up with is corrupt. His parents dealt in stolen goods, and he was a successful purveyor of forged documents until he abandoned it all in his early twenties, determined to live a normal life, complete with career, apartment, and a fiancée who knows nothing of his criminal beginnings. He’s on the verge of finally getting married when Aria—his cousin and former partner in crime—blackmails him into helping her with one last job. Anton considers the task a small price for future freedom. But as he sets off for an Italian honeymoon, it soon becomes clear that the ghosts of his past can't be left behind so easily, and that the task Aria requires will cost him more than he could ever imagine. Look for Emily St. John Mandel’s bestselling new novel, Sea of Tranquility!","[{'type': 'ISBN_13', 'identifier': '9781936071883'}, {'type': 'ISBN_10', 'identifier': '1936071886'}]","{'text': True, 'image': False}",274.0,BOOK,['Fiction'],NOT_MATURE,True,2.9.9.0.preview.2,"{'containsEpubBubbles': False, 'containsImageBubbles': False}","{'smallThumbnail': 'http://books.google.com/books/content?id=wseQBwAAQBAJ&printsec=frontcover&img=1&zoom=5&edge=curl&source=gbs_api', 'thumbnail': 'http://books.google.com/books/content?id=wseQBwAAQBAJ&printsec=frontcover&img=1&zoom=1&edge=curl&source=gbs_api'}",en,http://books.google.com/books?id=wseQBwAAQBAJ&printsec=frontcover&dq=isbn:9781936071883&hl=&cd=1&source=gbs_api,https://play.google.com/store/books/details?id=wseQBwAAQBAJ&source=gbs_api,https://play.google.com/store/books/details?id=wseQBwAAQBAJ,,,,9781936071883,1936071886,,http://books.google.com/books/content?id=wseQBwAAQBAJ&printsec=frontcover&img=1&zoom=5&edge=curl&source=gbs_api,http://books.google.com/books/content?id=wseQBwAAQBAJ&printsec=frontcover&img=1&zoom=1&edge=curl&source=gbs_api
104,9780312420512,Strong Motion,Jonathan Franzen,2022-10-02,2022-10-25,2022,True,Strong Motion,['Jonathan Franzen'],Picador,2001-09-08,"Louis Holland arrives in Boston in a spring of ecological upheaval (a rash of earthquakes on the North Shore) and odd luck: the first one kills his grandmother. Louis tries to maintain his independence, but falls in love with a Harvard seismologist whose discoveries about the earthquakes' cause complicate everything.","[{'type': 'ISBN_10', 'identifier': '031242051X'}, {'type': 'ISBN_13', 'identifier': '9780312420512'}]","{'text': False, 'image': False}",528.0,BOOK,['Fiction'],NOT_MATURE,False,preview-1.0.0,,"{'smallThumbnail': 'http://books.google.com/books/content?id=eBqumAEACAAJ&printsec=frontcover&img=1&zoom=5&source=gbs_api', 'thumbnail': 'http://books.google.com/books/content?id=eBqumAEACAAJ&printsec=frontcover&img=1&zoom=1&source=gbs_api'}",en,http://books.google.com/books?id=eBqumAEACAAJ&dq=isbn:9780312420512&hl=&cd=1&source=gbs_api,http://books.google.com/books?id=eBqumAEACAAJ&dq=isbn:9780312420512&hl=&source=gbs_api,https://books.google.com/books/about/Strong_Motion.html?hl=&id=eBqumAEACAAJ,A Novel,,,9780312420512,031242051X,,http://books.google.com/books/content?id=eBqumAEACAAJ&printsec=frontcover&img=1&zoom=5&source=gbs_api,http://books.google.com/books/content?id=eBqumAEACAAJ&printsec=frontcover&img=1&zoom=1&source=gbs_api
89,9780593330968,Hell of a Book,Jason Mott,2022-10-06,2022-10-20,2022,True,Hell of a Book: National Book Award Winner,['Jason Mott'],Penguin,2021-06-29,"***2021 NATIONAL BOOK AWARD WINNER*** ***THE NATIONAL BESTSELLER*** Winner of the 2021 Sir Walter Raleigh Award for Fiction, Joyce Carol Oates Literary Prize Finalist, 2022 Chautauqua Prize Finalist, Willie Morris Award for Southern Writing Shortlist, 2021 Aspen Words Literary Prize Shortlist, 2022 Maya Angelou Book Award Shortlist, 2022 Carnegie Medal Longlist A Read With Jenna Today Show Book Club Pick! An Ebony Magazine Publishing Book Club Pick! One of Washington Post's 50 Notable Works of Fiction | One of Philadelphia Inquirer's Best Books of 2021 | One of Shelf Awareness's Top Ten Fiction Titles of the Year | One of TIME Magazine’s 100 Must-Read Books | One of NPR.org's ""Books We Love"" | EW’s ""Guide to the Biggest and Buzziest Books of 2021"" | One of the New York Public Library's Best Books for Adults | San Diego Union Tribune—My Favorite Things from 2021 | Writer's Bone's Best Books of 2021 | Atlanta Journal Constitution—Top 10 Southern Books of the Year | One of the Guardian's (UK) Best Ten 21st Century Comic Novels | One of Entertainment Weekly's 15 Books You Need to Read This June | On Entertainment Weekly's ""Must List"" | One of the New York Post's Best Summer Reading books | One of GMA's 27 Books for June | One of USA Today's 5 Books Not to Miss | One of Fortune's 21 Most Anticipated Books Coming Out in the Second Half of 2021 | One of The Root's PageTurners: It’s Getting Hot in Here | One of Real Simple's Best New Books to Read in 2021 An astounding work of fiction from New York Times bestselling author Jason Mott, always deeply honest, at times electrically funny, that goes to the heart of racism, police violence, and the hidden costs exacted upon Black Americans and America as a whole In Jason Mott’s Hell of a Book, a Black author sets out on a cross-country publicity tour to promote his bestselling novel. That storyline drives Hell of a Book and is the scaffolding of something much larger and more urgent: Mott’s novel also tells the story of Soot, a young Black boy living in a rural town in the recent past, and The Kid, a possibly imaginary child who appears to the author on his tour. As these characters’ stories build and converge, they astonish. For while this heartbreaking and magical book entertains and is at once about family, love of parents and children, art and money, it’s also about the nation’s reckoning with a tragic police shooting playing over and over again on the news. And with what it can mean to be Black in America. Who has been killed? Who is The Kid? Will the author finish his book tour, and what kind of world will he leave behind? Unforgettably told, with characters who burn into your mind and an electrifying plot ideal for book club discussion, Hell of a Book is the novel Mott has been writing in his head for the last ten years. And in its final twists, it truly becomes its title.","[{'type': 'ISBN_13', 'identifier': '9780593330968'}, {'type': 'ISBN_10', 'identifier': '059333096X'}]","{'text': False, 'image': False}",337.0,BOOK,['Fiction'],NOT_MATURE,False,0.6.0.0.preview.0,"{'containsEpubBubbles': False, 'containsImageBubbles': False}","{'smallThumbnail': 'http://books.google.com/books/content?id=iNgwEAAAQBAJ&printsec=frontcover&img=1&zoom=5&edge=curl&source=gbs_api', 'thumbnail': 'http://books.google.com/books/content?id=iNgwEAAAQBAJ&printsec=frontcover&img=1&zoom=1&edge=curl&source=gbs_api'}",en,http://books.google.com/books?id=iNgwEAAAQBAJ&printsec=frontcover&dq=isbn:9780593330968&hl=&cd=1&source=gbs_api,http://books.google.com/books?id=iNgwEAAAQBAJ&dq=isbn:9780593330968&hl=&source=gbs_api,https://books.google.com/books/about/Hell_of_a_Book_National_Book_Award_Winne.html?hl=&id=iNgwEAAAQBAJ,A Novel,,,9780593330968,059333096X,,http://books.google.com/books/content?id=iNgwEAAAQBAJ&printsec=frontcover&img=1&zoom=5&edge=curl&source=gbs_api,http://books.google.com/books/content?id=iNgwEAAAQBAJ&printsec=frontcover&img=1&zoom=1&edge=curl&source=gbs_api
102,9781761103162,One True Loves,Taylor Jenkins Reid,2022-11-11,2022-11-13,2022,True,One True Loves,['Taylor Jenkins Reid'],,2021-07-07,"A moving love story about a woman unexpectedly forced to choose between the husband she has long thought dead and the fiancé who has finally brought her back to life - from the bestselling author of The Seven Husbands of Evelyn Hugo and Daisy Jones & The Six. SOON TO BE A MAJOR MOTION PICTURE In her twenties, Emma marries her high school sweetheart, Jesse. They build a life for themselves, living life to the fullest and seizing every opportunity for adventure. On their first wedding anniversary, Jesse is on a helicopter over the Pacific when it goes missing. Just like that, Jesse is gone forever. Years later, now in her thirties, Emma runs into an old friend, Sam, and finds herself falling in love again. When Emma and Sam get engaged, it feels like Emma's second chance at happiness. That is, until Jesse is found. He's alive, and all these years he's been trying to come home to her. With a husband and a fiancé, Emma has to now figure out who she is and what she wants. Who is her one true love? Emma knows she has to listen to her heart. She's just not sure what it's saying. 'Earth-shaking romance...you will flip for this epic love story.' Cosmopolitan","[{'type': 'ISBN_10', 'identifier': '1761103164'}, {'type': 'ISBN_13', 'identifier': '9781761103162'}]","{'text': False, 'image': False}",368.0,BOOK,['Fiction'],NOT_MATURE,False,preview-1.0.0,"{'containsEpubBubbles': False, 'containsImageBubbles': False}","{'smallThumbnail': 'http://books.google.com/books/content?id=AEBdzgEACAAJ&printsec=frontcover&img=1&zoom=5&source=gbs_api', 'thumbnail': 'http://books.google.com/books/content?id=AEBdzgEACAAJ&printsec=frontcover&img=1&zoom=1&source=gbs_api'}",en,http://books.google.com/books?id=AEBdzgEACAAJ&dq=isbn:9781761103162&hl=&cd=1&source=gbs_api,http://books.google.com/books?id=AEBdzgEACAAJ&dq=isbn:9781761103162&hl=&source=gbs_api,https://books.google.com/books/about/One_True_Loves.html?hl=&id=AEBdzgEACAAJ,,,,9781761103162,1761103164,,http://books.google.com/books/content?id=AEBdzgEACAAJ&printsec=frontcover&img=1&zoom=5&source=gbs_api,http://books.google.com/books/content?id=AEBdzgEACAAJ&printsec=frontcover&img=1&zoom=1&source=gbs_api
100,9780393881042,Damascus Station,David McCloskey,2022-11-18,2022-12-02,2022,True,Damascus Station,['David Mccloskey'],National Geographic Books,2021-10-05,"CIA case officer Sam Joseph is dispatched to Paris to recruit Syrian Palace official Mariam Haddad. The two fall into a forbidden relationship, which supercharges Haddad’s recruitment and creates unspeakable danger when they enter Damascus to find the man responsible for the disappearance of an American spy. But the cat and mouse chase for the killer soon leads to a trail of high-profile assassinations and the discovery of a dark secret at the heart of the Syrian regime, bringing the pair under the all-seeing eyes of Assad’s spy catcher, Ali Hassan, and his brother Rustum, the head of the feared Republican Guard. Set against the backdrop of a Syria pulsing with fear and rebellion, Damascus Station is a gripping thriller that offers a textured portrayal of espionage, love, loyalty, and betrayal in one of the most difficult CIA assignments on the planet.","[{'type': 'ISBN_13', 'identifier': '9780393881042'}, {'type': 'ISBN_10', 'identifier': '0393881040'}]","{'text': True, 'image': False}",419.0,BOOK,['Fiction'],NOT_MATURE,False,preview-1.0.0,"{'containsEpubBubbles': False, 'containsImageBubbles': False}","{'smallThumbnail': 'http://books.google.com/books/content?id=FGWNEAAAQBAJ&printsec=frontcover&img=1&zoom=5&source=gbs_api', 'thumbnail': 'http://books.google.com/books/content?id=FGWNEAAAQBAJ&printsec=frontcover&img=1&zoom=1&source=gbs_api'}",en,http://books.google.com/books?id=FGWNEAAAQBAJ&dq=isbn:9780393881042&hl=&cd=1&source=gbs_api,http://books.google.com/books?id=FGWNEAAAQBAJ&dq=isbn:9780393881042&hl=&source=gbs_api,https://books.google.com/books/about/Damascus_Station.html?hl=&id=FGWNEAAAQBAJ,A Novel,,,9780393881042,0393881040,,http://books.google.com/books/content?id=FGWNEAAAQBAJ&printsec=frontcover&img=1&zoom=5&source=gbs_api,http://books.google.com/books/content?id=FGWNEAAAQBAJ&printsec=frontcover&img=1&zoom=1&source=gbs_api
98,9780062444479,The Bell Jar,Sylvia Plath,2022-11-19,2022-12-18,2022,True,The Bell Jar,['Sylvia Plath'],HarperCollins,2015-08-11,"One of The Atlantic’s Great American Novels “A coming–of–age masterpiece.” —Boston Globe ""It is this perfectly wrought prose and the freshness of Plath's voice in The Bell Jar that make this book enduring in its appeal."" —USA Today The Bell Jar is Sylvia Plath’s masterwork—an acclaimed and timeless novel about a young woman falling into the grip of mental illness and societal pressures. The story chronicles the breakdown of Esther Greenwood, a bright, beautiful, enormously talented college student coming of age in 1950s America, as she navigates the pressures of society along with her own ambitions. While at a prestigious, competitively won position at a New York City magazine one summer, Esther finds herself struggling with the looming expectations of marriage, motherhood, and giving up on her dreams to achieve them. She becomes increasingly disillusioned and her mental health deteriorates, ultimately leading her to undergo harsh treatment and therapy. ""Funny, intense, enormously human"" (Cosmopolitan), The Bell Jar is a poignant exploration into the darkest and most harrowing corners of the human psyche and remains an extraordinary accomplishment from one of the country's most luminous talents.","[{'type': 'ISBN_13', 'identifier': '9780062444479'}, {'type': 'ISBN_10', 'identifier': '0062444476'}]","{'text': True, 'image': False}",290.0,BOOK,['Fiction'],NOT_MATURE,True,4.11.11.0.preview.2,"{'containsEpubBubbles': False, 'containsImageBubbles': False}","{'smallThumbnail': 'http://books.google.com/books/content?id=G-f1CQAAQBAJ&printsec=frontcover&img=1&zoom=5&edge=curl&source=gbs_api', 'thumbnail': 'http://books.google.com/books/content?id=G-f1CQAAQBAJ&printsec=frontcover&img=1&zoom=1&edge=curl&source=gbs_api'}",en,http://books.google.com/books?id=G-f1CQAAQBAJ&printsec=frontcover&dq=isbn:9780062444479&hl=&cd=1&source=gbs_api,https://play.google.com/store/books/details?id=G-f1CQAAQBAJ&source=gbs_api,https://play.google.com/store/books/details?id=G-f1CQAAQBAJ,A Novel,4.5,4.0,9780062444479,0062444476,,http://books.google.com/books/content?id=G-f1CQAAQBAJ&printsec=frontcover&img=1&zoom=5&edge=curl&source=gbs_api,http://books.google.com/books/content?id=G-f1CQAAQBAJ&printsec=frontcover&img=1&zoom=1&edge=curl&source=gbs_api
91,9781984856043,"A Swim in a Pond in the Rain: In Which Four Russians Give a Master Class on Writing, Reading, and Life",George Saunders,2022-11-20,2022-12-30,2022,True,A Swim in a Pond in the Rain,['George Saunders'],Random House,2021-01-12,"NEW YORK TIMES BESTSELLER • From the Booker Prize–winning author of Lincoln in the Bardo and Tenth of December comes a literary master class on what makes great stories work and what they can tell us about ourselves—and our world today. LONGLISTED FOR THE PEN/DIAMONSTEIN-SPIELVOGEL AWARD • ONE OF THE BEST BOOKS OF THE YEAR: The Washington Post, NPR, Time, San Francisco Chronicle, Esquire, Milwaukee Journal Sentinel, Town & Country, The Rumpus, Electric Lit, Thrillist, BookPage • “[A] worship song to writers and readers.”—Oprah Daily For the last twenty years, George Saunders has been teaching a class on the Russian short story to his MFA students at Syracuse University. In A Swim in a Pond in the Rain, he shares a version of that class with us, offering some of what he and his students have discovered together over the years. Paired with iconic short stories by Chekhov, Turgenev, Tolstoy, and Gogol, the seven essays in this book are intended for anyone interested in how fiction works and why it’s more relevant than ever in these turbulent times. In his introduction, Saunders writes, “We’re going to enter seven fastidiously constructed scale models of the world, made for a specific purpose that our time maybe doesn’t fully endorse but that these writers accepted implicitly as the aim of art—namely, to ask the big questions, questions like, How are we supposed to be living down here? What were we put here to accomplish? What should we value? What is truth, anyway, and how might we recognize it?” He approaches the stories technically yet accessibly, and through them explains how narrative functions; why we stay immersed in a story and why we resist it; and the bedrock virtues a writer must foster. The process of writing, Saunders reminds us, is a technical craft, but also a way of training oneself to see the world with new openness and curiosity. A Swim in a Pond in the Rain is a deep exploration not just of how great writing works but of how the mind itself works while reading, and of how the reading and writing of stories make genuine connection possible.","[{'type': 'ISBN_13', 'identifier': '9781984856043'}, {'type': 'ISBN_10', 'identifier': '1984856049'}]","{'text': True, 'image': False}",433.0,BOOK,['Literary Criticism'],NOT_MATURE,True,1.15.12.0.preview.2,"{'containsEpubBubbles': False, 'containsImageBubbles': False}","{'smallThumbnail': 'http://books.google.com/books/content?id=_3rcDwAAQBAJ&printsec=frontcover&img=1&zoom=5&edge=curl&source=gbs_api', 'thumbnail': 'http://books.google.com/books/content?id=_3rcDwAAQBAJ&printsec=frontcover&img=1&zoom=1&edge=curl&source=gbs_api'}",en,http://books.google.com/books?id=_3rcDwAAQBAJ&printsec=frontcover&dq=isbn:9781984856043&hl=&cd=1&source=gbs_api,https://play.google.com/store/books/details?id=_3rcDwAAQBAJ&source=gbs_api,https://play.google.com/store/books/details?id=_3rcDwAAQBAJ,"In Which Four Russians Give a Master Class on Writing, Reading, and Life",,,9781984856043,1984856049,,http://books.google.com/books/content?id=_3rcDwAAQBAJ&printsec=frontcover&img=1&zoom=5&edge=curl&source=gbs_api,http://books.google.com/books/content?id=_3rcDwAAQBAJ&printsec=frontcover&img=1&zoom=1&edge=curl&source=gbs_api
101,9780593321201,"Tomorrow, and Tomorrow, and Tomorrow",Gabrielle Zevin,2022-11-21,2022-11-24,2022,True,"Tomorrow, and Tomorrow, and Tomorrow",['Gabrielle Zevin'],National Geographic Books,2022-07-05,"NEW YORK TIMES BEST SELLER • In this exhilarating novel by the best-selling author of The Storied Life of A. J. Fikry two friends—often in love, but never lovers—come together as creative partners in the world of video game design, where success brings them fame, joy, tragedy, duplicity, and, ultimately, a kind of immortality. ""Utterly brilliant. In this sweeping, gorgeously written novel, Gabrielle Zevin charts the beauty, tenacity, and fragility of human love and creativity.... One of the best books I've ever read."" —John Green On a bitter-cold day, in the December of his junior year at Harvard, Sam Masur exits a subway car and sees, amid the hordes of people waiting on the platform, Sadie Green. He calls her name. For a moment, she pretends she hasn’t heard him, but then, she turns, and a game begins: a legendary collaboration that will launch them to stardom. These friends, intimates since childhood, borrow money, beg favors, and, before even graduating college, they have created their first blockbuster, Ichigo. Overnight, the world is theirs. Not even twenty-five years old, Sam and Sadie are brilliant, successful, and rich, but these qualities won’t protect them from their own creative ambitions or the betrayals of their hearts. Spanning thirty years, from Cambridge, Massachusetts, to Venice Beach, California, and lands in between and far beyond, Gabrielle Zevin’s Tomorrow, and Tomorrow, and Tomorrow is a dazzling and intricately imagined novel that examines the multifarious nature of identity, disability, failure, the redemptive possibilities in play, and above all, our need to connect: to be loved and to love. Yes, it is a love story, but it is not one you have read before.","[{'type': 'ISBN_13', 'identifier': '9780593321201'}, {'type': 'ISBN_10', 'identifier': '0593321200'}]","{'text': True, 'image': False}",401.0,BOOK,['Fiction'],NOT_MATURE,False,preview-1.0.0,"{'containsEpubBubbles': False, 'containsImageBubbles': False}","{'smallThumbnail': 'http://books.google.com/books/content?id=jzSOEAAAQBAJ&printsec=frontcover&img=1&zoom=5&source=gbs_api', 'thumbnail': 'http://books.google.com/books/content?id=jzSOEAAAQBAJ&printsec=frontcover&img=1&zoom=1&source=gbs_api'}",en,http://books.google.com/books?id=jzSOEAAAQBAJ&dq=isbn:9780593321201&hl=&cd=1&source=gbs_api,http://books.google.com/books?id=jzSOEAAAQBAJ&dq=isbn:9780593321201&hl=&source=gbs_api,https://books.google.com/books/about/Tomorrow_and_Tomorrow_and_Tomorrow.html?hl=&id=jzSOEAAAQBAJ,A novel,,,9780593321201,0593321200,,http://books.google.com/books/content?id=jzSOEAAAQBAJ&printsec=frontcover&img=1&zoom=5&source=gbs_api,http://books.google.com/books/content?id=jzSOEAAAQBAJ&printsec=frontcover&img=1&zoom=1&source=gbs_api
90,9780415325097,What I Believe,Bertrand Russell,2022-12-30,2022-12-30,2022,True,What I Believe,"['Bertrand Russell', 'Alan Ryan']",Psychology Press,2004,"""I have tried to say what I think of man's place in the universe and of his possibilities of achieving the good life."" Preface.","[{'type': 'ISBN_10', 'identifier': '0415325099'}, {'type': 'ISBN_13', 'identifier': '9780415325097'}]","{'text': False, 'image': False}",48.0,BOOK,['Philosophy'],NOT_MATURE,False,preview-1.0.0,,"{'smallThumbnail': 'http://books.google.com/books/content?id=E8iENAEACAAJ&printsec=frontcover&img=1&zoom=5&source=gbs_api', 'thumbnail': 'http://books.google.com/books/content?id=E8iENAEACAAJ&printsec=frontcover&img=1&zoom=1&source=gbs_api'}",en,http://books.google.com/books?id=E8iENAEACAAJ&dq=isbn:9780415325097&hl=&cd=1&source=gbs_api,http://books.google.com/books?id=E8iENAEACAAJ&dq=isbn:9780415325097&hl=&source=gbs_api,https://books.google.com/books/about/What_I_Believe.html?hl=&id=E8iENAEACAAJ,,,,9780415325097,0415325099,,http://books.google.com/books/content?id=E8iENAEACAAJ&printsec=frontcover&img=1&zoom=5&source=gbs_api,http://books.google.com/books/content?id=E8iENAEACAAJ&printsec=frontcover&img=1&zoom=1&source=gbs_api
57,9780063251922,Demon Copperhead,Barbara Kingsolver,2023-01-03,2023-01-15,2023,True,Demon Copperhead,['Barbara Kingsolver'],Harper,2022,"The teenage son of an Appalachian single mother who dies when he is eleven uses his good looks, wit, and instincts to survive foster care, child labor, addiction, disastrous loves, and crushing losses.","[{'type': 'ISBN_10', 'identifier': '0063251922'}, {'type': 'ISBN_13', 'identifier': '9780063251922'}]","{'text': False, 'image': False}",548.0,BOOK,['Fiction'],NOT_MATURE,False,preview-1.0.0,"{'containsEpubBubbles': False, 'containsImageBubbles': False}","{'smallThumbnail': 'http://books.google.com/books/content?id=w7ntzgEACAAJ&printsec=frontcover&img=1&zoom=5&source=gbs_api', 'thumbnail': 'http://books.google.com/books/content?id=w7ntzgEACAAJ&printsec=frontcover&img=1&zoom=1&source=gbs_api'}",en,http://books.google.com/books?id=w7ntzgEACAAJ&dq=isbn:9780063251922&hl=&cd=1&source=gbs_api,http://books.google.com/books?id=w7ntzgEACAAJ&dq=isbn:9780063251922&hl=&source=gbs_api,https://books.google.com/books/about/Demon_Copperhead.html?hl=&id=w7ntzgEACAAJ,A Novel,,,9780063251922,0063251922,,http://books.google.com/books/content?id=w7ntzgEACAAJ&printsec=frontcover&img=1&zoom=5&source=gbs_api,http://books.google.com/books/content?id=w7ntzgEACAAJ&printsec=frontcover&img=1&zoom=1&source=gbs_api
60,9780833574862,The Things They Carried,Tim O'Brien,2023-01-09,2023-03-03,2023,True,The Things They Carried,"[""Tim O'Brien""]",Turtleback Books,1998,Heroic young men carry the emotional weight of their lives to war in Vietnam in a patchwork account of a modern journey into the heart of darkness.,"[{'type': 'ISBN_10', 'identifier': '0833574868'}, {'type': 'ISBN_13', 'identifier': '9780833574862'}]","{'text': False, 'image': False}",246.0,BOOK,['Fiction'],NOT_MATURE,False,preview-1.0.0,,"{'smallThumbnail': 'http://books.google.com/books/content?id=MkM9PgAACAAJ&printsec=frontcover&img=1&zoom=5&source=gbs_api', 'thumbnail': 'http://books.google.com/books/content?id=MkM9PgAACAAJ&printsec=frontcover&img=1&zoom=1&source=gbs_api'}",en,http://books.google.com/books?id=MkM9PgAACAAJ&dq=isbn:9780833574862&hl=&cd=1&source=gbs_api,http://books.google.com/books?id=MkM9PgAACAAJ&dq=isbn:9780833574862&hl=&source=gbs_api,https://books.google.com/books/about/The_Things_They_Carried.html?hl=&id=MkM9PgAACAAJ,A Work of Fiction,,,9780833574862,0833574868,,http://books.google.com/books/content?id=MkM9PgAACAAJ&printsec=frontcover&img=1&zoom=5&source=gbs_api,http://books.google.com/books/content?id=MkM9PgAACAAJ&printsec=frontcover&img=1&zoom=1&source=gbs_api
59,9780593186589,"The Biggest Ideas in the Universe: Space, Time, and Motion",Sean Carroll,2023-01-16,2023-02-07,2023,True,The Biggest Ideas in the Universe,['Sean Carroll'],Penguin,2022-09-20,"INSTANT NEW YORK TIMES BESTSELLER “Most appealing... technical accuracy and lightness of tone... Impeccable.”—Wall Street Journal “A porthole into another world.”—Scientific American “Brings science dissemination to a new level.”—Science The most trusted explainer of the most mind-boggling concepts pulls back the veil of mystery that has too long cloaked the most valuable building blocks of modern science. Sean Carroll, with his genius for making complex notions entertaining, presents in his uniquely lucid voice the fundamental ideas informing the modern physics of reality. Physics offers deep insights into the workings of the universe but those insights come in the form of equations that often look like gobbledygook. Sean Carroll shows that they are really like meaningful poems that can help us fly over sierras to discover a miraculous multidimensional landscape alive with radiant giants, warped space-time, and bewilderingly powerful forces. High school calculus is itself a centuries-old marvel as worthy of our gaze as the Mona Lisa. And it may come as a surprise the extent to which all our most cutting-edge ideas about black holes are built on the math calculus enables. No one else could so smoothly guide readers toward grasping the very equation Einstein used to describe his theory of general relativity. In the tradition of the legendary Richard Feynman lectures presented sixty years ago, this book is an inspiring, dazzling introduction to a way of seeing that will resonate across cultural and generational boundaries for many years to come.","[{'type': 'ISBN_13', 'identifier': '9780593186589'}, {'type': 'ISBN_10', 'identifier': '0593186583'}]","{'text': False, 'image': False}",305.0,BOOK,['Science'],NOT_MATURE,False,1.5.3.0.preview.0,"{'containsEpubBubbles': False, 'containsImageBubbles': False}","{'smallThumbnail': 'http://books.google.com/books/content?id=3bFVEAAAQBAJ&printsec=frontcover&img=1&zoom=5&edge=curl&source=gbs_api', 'thumbnail': 'http://books.google.com/books/content?id=3bFVEAAAQBAJ&printsec=frontcover&img=1&zoom=1&edge=curl&source=gbs_api'}",en,http://books.google.com/books?id=3bFVEAAAQBAJ&printsec=frontcover&dq=isbn:9780593186589&hl=&cd=1&source=gbs_api,http://books.google.com/books?id=3bFVEAAAQBAJ&dq=isbn:9780593186589&hl=&source=gbs_api,https://books.google.com/books/about/The_Biggest_Ideas_in_the_Universe.html?hl=&id=3bFVEAAAQBAJ,"Space, Time, and Motion",,,9780593186589,0593186583,,http://books.google.com/books/content?id=3bFVEAAAQBAJ&printsec=frontcover&img=1&zoom=5&edge=curl&source=gbs_api,http://books.google.com/books/content?id=3bFVEAAAQBAJ&printsec=frontcover&img=1&zoom=1&edge=curl&source=gbs_api
58,9780062667632,Leave the World Behind,Rumaan Alam,2023-01-31,2023-02-03,2023,True,Leave the World Behind,['Rumaan Alam'],Ecco Press,2020,"""A ... novel about two families--strangers to each other--who are forced together on a long weekend gone terribly wrong""--","[{'type': 'ISBN_10', 'identifier': '0062667637'}, {'type': 'ISBN_13', 'identifier': '9780062667632'}]","{'text': False, 'image': False}",256.0,BOOK,['Fiction'],NOT_MATURE,False,preview-1.0.0,"{'containsEpubBubbles': False, 'containsImageBubbles': False}","{'smallThumbnail': 'http://books.google.com/books/content?id=f6EvzQEACAAJ&printsec=frontcover&img=1&zoom=5&source=gbs_api', 'thumbnail': 'http://books.google.com/books/content?id=f6EvzQEACAAJ&printsec=frontcover&img=1&zoom=1&source=gbs_api'}",en,http://books.google.com/books?id=f6EvzQEACAAJ&dq=isbn:9780062667632&hl=&cd=1&source=gbs_api,http://books.google.com/books?id=f6EvzQEACAAJ&dq=isbn:9780062667632&hl=&source=gbs_api,https://books.google.com/books/about/Leave_the_World_Behind.html?hl=&id=f6EvzQEACAAJ,A Novel,,,9780062667632,0062667637,,http://books.google.com/books/content?id=f6EvzQEACAAJ&printsec=frontcover&img=1&zoom=5&source=gbs_api,http://books.google.com/books/content?id=f6EvzQEACAAJ&printsec=frontcover&img=1&zoom=1&source=gbs_api
87,9780062339485,Finding Jake,Bryan Reardon,2023-02-03,2023-02-06,2023,True,Finding Jake,['Bryan Reardon'],William Morrow,2015-02-24,"A heart-wrenching yet ultimately uplifting story of psychological suspense in which a parent is forced to confront what he does—and does not—know about his teenage son, in the vein of Reconstructing Amelia, Defending Jacob, and We Need to Talk about Kevin. While his successful wife goes off to her law office each day, Simon Connolly takes care of their kids, Jake and Laney. Now that they are in high school, the angst-ridden father should feel more relaxed, but he doesn’t. He’s seen the statistics, read the headlines. And now, his darkest fear is coming true. There has been a shooting at school. Simon races to the rendezvous point, where he’s forced to wait. Do they know who did it? How many victims were there? Why did this happen? One by one, parents are led out of the room to reunite with their children. Their numbers dwindle, until Simon is alone. As his worst nightmare unfolds, and Jake is the only child missing, Simon begins to obsess over the past, searching for answers, for hope, for the memory of the boy he raised, for mistakes he must have made, for the reason everything came to this. Where is Jake? What happened in those final moments? Is it possible he doesn’t really know his son? Or he knows him better than he thought? Brilliantly paced, Finding Jake explores these questions in a tense and emotionally wrenching narrative. Harrowing and heartbreaking, surprisingly healing and redemptive, it is a story of faith and conviction, strength, courage, and love that will leave readers questioning their own lives, and those they think they know.","[{'type': 'ISBN_10', 'identifier': '0062339486'}, {'type': 'ISBN_13', 'identifier': '9780062339485'}]","{'text': False, 'image': False}",272.0,BOOK,['Fiction'],NOT_MATURE,False,preview-1.0.0,"{'containsEpubBubbles': False, 'containsImageBubbles': False}","{'smallThumbnail': 'http://books.google.com/books/content?id=DMy0oAEACAAJ&printsec=frontcover&img=1&zoom=5&source=gbs_api', 'thumbnail': 'http://books.google.com/books/content?id=DMy0oAEACAAJ&printsec=frontcover&img=1&zoom=1&source=gbs_api'}",en,http://books.google.com/books?id=DMy0oAEACAAJ&dq=isbn:9780062339485&hl=&cd=1&source=gbs_api,http://books.google.com/books?id=DMy0oAEACAAJ&dq=isbn:9780062339485&hl=&source=gbs_api,https://books.google.com/books/about/Finding_Jake.html?hl=&id=DMy0oAEACAAJ,A Novel,,,9780062339485,0062339486,,http://books.google.com/books/content?id=DMy0oAEACAAJ&printsec=frontcover&img=1&zoom=5&source=gbs_api,http://books.google.com/books/content?id=DMy0oAEACAAJ&printsec=frontcover&img=1&zoom=1&source=gbs_api
61,9780802148049,Shuggie Bain,Douglas   Stuart,2023-02-09,2023-03-04,2023,True,Shuggie Bain,['Douglas Stuart'],,2020,"The story of young Hugh ""Shuggie"" Bain, a sweet and lonely boy who spends his 1980s childhood in public housing in Glasgow, Scotland","[{'type': 'ISBN_10', 'identifier': '0802148042'}, {'type': 'ISBN_13', 'identifier': '9780802148049'}]","{'text': False, 'image': False}",448.0,BOOK,['Fiction'],NOT_MATURE,False,preview-1.0.0,"{'containsEpubBubbles': False, 'containsImageBubbles': False}","{'smallThumbnail': 'http://books.google.com/books/content?id=0pRVxQEACAAJ&printsec=frontcover&img=1&zoom=5&source=gbs_api', 'thumbnail': 'http://books.google.com/books/content?id=0pRVxQEACAAJ&printsec=frontcover&img=1&zoom=1&source=gbs_api'}",en,http://books.google.com/books?id=0pRVxQEACAAJ&dq=isbn:9780802148049&hl=&cd=1&source=gbs_api,http://books.google.com/books?id=0pRVxQEACAAJ&dq=isbn:9780802148049&hl=&source=gbs_api,https://books.google.com/books/about/Shuggie_Bain.html?hl=&id=0pRVxQEACAAJ,A Novel,3.0,1.0,9780802148049,0802148042,,http://books.google.com/books/content?id=0pRVxQEACAAJ&printsec=frontcover&img=1&zoom=5&source=gbs_api,http://books.google.com/books/content?id=0pRVxQEACAAJ&printsec=frontcover&img=1&zoom=1&source=gbs_api
86,9780345803313,The People in the Trees,Hanya Yanagihara,2023-03-03,2023-03-07,2023,True,The People in the Trees,['Hanya Yanagihara'],Vintage,2014-05-06,"A thrilling anthropological adventure story with a profound and tragic vision of what happens when cultures collide—from the bestselling author of National Book Award–nominated modern classic, A Little Life “Provokes discussions about science, morality and our obsession with youth.” —Chicago Tribune It is 1950 when Norton Perina, a young doctor, embarks on an expedition to a remote Micronesian island in search of a rumored lost tribe. There he encounters a strange group of forest dwellers who appear to have attained a form of immortality that preserves the body but not the mind. Perina uncovers their secret and returns with it to America, where he soon finds great success. But his discovery has come at a terrible cost, not only for the islanders, but for Perina himself. Look for Hanya Yanagihara’s latest bestselling novel, To Paradise.","[{'type': 'ISBN_13', 'identifier': '9780345803313'}, {'type': 'ISBN_10', 'identifier': '0345803310'}]","{'text': False, 'image': False}",498.0,BOOK,['Fiction'],NOT_MATURE,False,0.6.1.0.preview.0,"{'containsEpubBubbles': False, 'containsImageBubbles': False}","{'smallThumbnail': 'http://books.google.com/books/content?id=oGqPDQAAQBAJ&printsec=frontcover&img=1&zoom=5&edge=curl&source=gbs_api', 'thumbnail': 'http://books.google.com/books/content?id=oGqPDQAAQBAJ&printsec=frontcover&img=1&zoom=1&edge=curl&source=gbs_api'}",en,http://books.google.com/books?id=oGqPDQAAQBAJ&printsec=frontcover&dq=isbn:9780345803313&hl=&cd=1&source=gbs_api,http://books.google.com/books?id=oGqPDQAAQBAJ&dq=isbn:9780345803313&hl=&source=gbs_api,https://books.google.com/books/about/The_People_in_the_Trees.html?hl=&id=oGqPDQAAQBAJ,,,,9780345803313,0345803310,,http://books.google.com/books/content?id=oGqPDQAAQBAJ&printsec=frontcover&img=1&zoom=5&edge=curl&source=gbs_api,http://books.google.com/books/content?id=oGqPDQAAQBAJ&printsec=frontcover&img=1&zoom=1&edge=curl&source=gbs_api
66,9781400033416,Beloved,Toni Morrison,2023-03-09,2023-06-15,2023,True,Beloved,['Toni Morrison'],Vintage,2004-06-08,"PULITZER PRIZE WINNER • NEW YORK TIMES BESTSELLER • This ""powerful, mesmerizing story” (People) is an unflinching look into the abyss of slavery, from the acclaimed Nobel Prize winner. With an afterword by the author and a new introduction by Honorée Fannon Jeffers. “A masterwork.... Wonderful.... I can’t imagine American literature without it.” —John Leonard, Los Angeles Times Sethe was born a slave and escaped to Ohio, but eighteen years later she is still not free. Sethe has too many memories of Sweet Home, the beautiful farm where so many hideous things happened. And Sethe’s new home is haunted by the ghost of her baby, who died nameless and whose tombstone is engraved with a single word: Beloved. “Dazzling. . . . Magical. . . . An extraordinary work.” —The New York Times","[{'type': 'ISBN_13', 'identifier': '9781400033416'}, {'type': 'ISBN_10', 'identifier': '1400033411'}]","{'text': False, 'image': False}",369.0,BOOK,['Fiction'],NOT_MATURE,False,0.7.2.0.preview.0,"{'containsEpubBubbles': False, 'containsImageBubbles': False}","{'smallThumbnail': 'http://books.google.com/books/content?id=bm-KDQAAQBAJ&printsec=frontcover&img=1&zoom=5&edge=curl&source=gbs_api', 'thumbnail': 'http://books.google.com/books/content?id=bm-KDQAAQBAJ&printsec=frontcover&img=1&zoom=1&edge=curl&source=gbs_api'}",en,http://books.google.com/books?id=bm-KDQAAQBAJ&printsec=frontcover&dq=isbn:9781400033416&hl=&cd=1&source=gbs_api,http://books.google.com/books?id=bm-KDQAAQBAJ&dq=isbn:9781400033416&hl=&source=gbs_api,https://books.google.com/books/about/Beloved.html?hl=&id=bm-KDQAAQBAJ,Pulitzer Prize Winner,,,9781400033416,1400033411,,http://books.google.com/books/content?id=bm-KDQAAQBAJ&printsec=frontcover&img=1&zoom=5&edge=curl&source=gbs_api,http://books.google.com/books/content?id=bm-KDQAAQBAJ&printsec=frontcover&img=1&zoom=1&edge=curl&source=gbs_api
62,9780670022694,Rules of Civility,Amor Towles,2023-03-09,2023-03-13,2023,True,Rules of Civility,['Amor Towles'],Viking Adult,2011,"A chance encounter with a handsome banker in a Greenwich Village jazz bar on New Year's Eve 1938 catapults witty Wall Street secretary Katey Kontent into the upper echelons of New York society, where she befriends a shy multi-millionaire, an Upper East Side ne'er-do-well and a single-minded widow. A first novel. 75,000 first printing.","[{'type': 'ISBN_10', 'identifier': '0670022691'}, {'type': 'ISBN_13', 'identifier': '9780670022694'}]","{'text': False, 'image': False}",335.0,BOOK,['Fiction'],NOT_MATURE,False,preview-1.0.0,,"{'smallThumbnail': 'http://books.google.com/books/content?id=4vbFngEACAAJ&printsec=frontcover&img=1&zoom=5&source=gbs_api', 'thumbnail': 'http://books.google.com/books/content?id=4vbFngEACAAJ&printsec=frontcover&img=1&zoom=1&source=gbs_api'}",en,http://books.google.com/books?id=4vbFngEACAAJ&dq=isbn:9780670022694&hl=&cd=1&source=gbs_api,http://books.google.com/books?id=4vbFngEACAAJ&dq=isbn:9780670022694&hl=&source=gbs_api,https://books.google.com/books/about/Rules_of_Civility.html?hl=&id=4vbFngEACAAJ,,,,9780670022694,0670022691,,http://books.google.com/books/content?id=4vbFngEACAAJ&printsec=frontcover&img=1&zoom=5&source=gbs_api,http://books.google.com/books/content?id=4vbFngEACAAJ&printsec=frontcover&img=1&zoom=1&source=gbs_api
85,9781635577808,Piranesi,Susanna Clarke,2023-03-25,2023-03-31,2023,True,Piranesi,['Susanna Clarke'],Bloomsbury Publishing USA,2021-09-28,"New York Times Bestseller Winner of the Women's Prize for Fiction World Fantasy Awards Finalist The instant New York Times bestselling novel from the author of Jonathan Strange & Mr Norrell, an intoxicating, hypnotic book set in a dreamlike alternative reality. Piranesi's house is no ordinary building: its rooms are infinite, its corridors endless, its walls are lined with thousands upon thousands of statues, each one different from all the others. Within the labyrinth of halls an ocean is imprisoned; waves thunder up staircases, rooms are flooded in an instant. But Piranesi is not afraid; he understands the tides as he understands the pattern of the labyrinth itself. He lives to explore the house. There is one other person in the house-a man called The Other, who visits Piranesi twice a week and asks for help with research into A Great and Secret Knowledge. But as Piranesi explores, evidence emerges of another person, and a terrible truth begins to unravel, revealing a world beyond the one Piranesi has always known. For readers of Neil Gaiman's The Ocean at the End of the Lane and fans of Madeline Miller's Circe, Piranesi introduces an astonishing new world, an infinite labyrinth, full of startling images and surreal beauty, haunted by the tides and the clouds.","[{'type': 'ISBN_13', 'identifier': '9781635577808'}, {'type': 'ISBN_10', 'identifier': '1635577802'}]","{'text': False, 'image': False}",273.0,BOOK,['Fiction'],NOT_MATURE,False,0.3.3.0.preview.0,"{'containsEpubBubbles': False, 'containsImageBubbles': False}","{'smallThumbnail': 'http://books.google.com/books/content?id=49YzEAAAQBAJ&printsec=frontcover&img=1&zoom=5&source=gbs_api', 'thumbnail': 'http://books.google.com/books/content?id=49YzEAAAQBAJ&printsec=frontcover&img=1&zoom=1&source=gbs_api'}",en,http://books.google.com/books?id=49YzEAAAQBAJ&dq=isbn:9781635577808&hl=&cd=1&source=gbs_api,http://books.google.com/books?id=49YzEAAAQBAJ&dq=isbn:9781635577808&hl=&source=gbs_api,https://books.google.com/books/about/Piranesi.html?hl=&id=49YzEAAAQBAJ,,,,9781635577808,1635577802,,http://books.google.com/books/content?id=49YzEAAAQBAJ&printsec=frontcover&img=1&zoom=5&source=gbs_api,http://books.google.com/books/content?id=49YzEAAAQBAJ&printsec=frontcover&img=1&zoom=1&source=gbs_api
64,9780593330449,Unwinding Anxiety,Judson Brewer,2023-04-02,2023-04-28,2023,True,Unwinding Anxiety,"['Judson Brewer, MD, PhD']",Penguin,2021-03-09,"New York Times and Wall Street Journal bestseller A step-by-step plan clinically proven to break the cycle of worry and fear that drives anxiety and addictive habits We are living through one of the most anxious periods any of us can remember. Whether facing issues as public as a pandemic or as personal as having kids at home and fighting the urge to reach for the wine bottle every night, we are feeling overwhelmed and out of control. But in this timely book, Judson Brewer explains how to uproot anxiety at its source using brain-based techniques and small hacks accessible to anyone. We think of anxiety as everything from mild unease to full-blown panic. But it's also what drives the addictive behaviors and bad habits we use to cope (e.g. stress eating, procrastination, doom scrolling and social media). Plus, anxiety lives in a part of the brain that resists rational thought. So we get stuck in anxiety habit loops that we can't think our way out of or use willpower to overcome. Dr. Brewer teaches us to map our brains to discover our triggers, defuse them with the simple but powerful practice of curiosity, and to train our brains using mindfulness and other practices that his lab has proven can work. Distilling more than 20 years of research and hands-on work with thousands of patients, including Olympic athletes and coaches, and leaders in government and business, Dr. Brewer has created a clear, solution-oriented program that anyone can use to feel better - no matter how anxious they feel.","[{'type': 'ISBN_13', 'identifier': '9780593330449'}, {'type': 'ISBN_10', 'identifier': '0593330447'}]","{'text': False, 'image': False}",305.0,BOOK,['Self-Help'],NOT_MATURE,False,0.4.0.0.preview.0,"{'containsEpubBubbles': False, 'containsImageBubbles': False}","{'smallThumbnail': 'http://books.google.com/books/content?id=k-UlEAAAQBAJ&printsec=frontcover&img=1&zoom=5&edge=curl&source=gbs_api', 'thumbnail': 'http://books.google.com/books/content?id=k-UlEAAAQBAJ&printsec=frontcover&img=1&zoom=1&edge=curl&source=gbs_api'}",en,http://books.google.com/books?id=k-UlEAAAQBAJ&printsec=frontcover&dq=isbn:9780593330449&hl=&cd=1&source=gbs_api,http://books.google.com/books?id=k-UlEAAAQBAJ&dq=isbn:9780593330449&hl=&source=gbs_api,https://books.google.com/books/about/Unwinding_Anxiety.html?hl=&id=k-UlEAAAQBAJ,New Science Shows How to Break the Cycles of Worry and Fear to Heal Your Mind,,,9780593330449,0593330447,,http://books.google.com/books/content?id=k-UlEAAAQBAJ&printsec=frontcover&img=1&zoom=5&edge=curl&source=gbs_api,http://books.google.com/books/content?id=k-UlEAAAQBAJ&printsec=frontcover&img=1&zoom=1&edge=curl&source=gbs_api
12,9780061577079,The Poisonwood Bible,Barbara Kingsolver,2023-04-11,2023-07-20,2023,True,The Poisonwood Bible,['Barbara Kingsolver'],Harper Perennial Modern Classics,2008-06-10,"The Poisonwood Bible is a story told by the wife and four daughters of Nathan Price, a fierce, evangelical Baptist who takes his family and mission to the Belgian Congo in 1959. They carry with them everything they believe they will need from home, but soon find that all of it—from garden seeds to Scripture—is calamitously transformed on African soil. What follows is a suspenseful epic of one family's tragic undoing and remarkable reconstruction over the course of three decades in postcolonial Africa.","[{'type': 'ISBN_10', 'identifier': '0061577073'}, {'type': 'ISBN_13', 'identifier': '9780061577079'}]","{'text': False, 'image': False}",576.0,BOOK,['Fiction'],NOT_MATURE,False,preview-1.0.0,"{'containsEpubBubbles': False, 'containsImageBubbles': False}","{'smallThumbnail': 'http://books.google.com/books/content?id=PYH7ngEACAAJ&printsec=frontcover&img=1&zoom=5&source=gbs_api', 'thumbnail': 'http://books.google.com/books/content?id=PYH7ngEACAAJ&printsec=frontcover&img=1&zoom=1&source=gbs_api'}",en,http://books.google.com/books?id=PYH7ngEACAAJ&dq=isbn:9780061577079&hl=&cd=1&source=gbs_api,http://books.google.com/books?id=PYH7ngEACAAJ&dq=isbn:9780061577079&hl=&source=gbs_api,https://books.google.com/books/about/The_Poisonwood_Bible.html?hl=&id=PYH7ngEACAAJ,A Novel,,,9780061577079,0061577073,,http://books.google.com/books/content?id=PYH7ngEACAAJ&printsec=frontcover&img=1&zoom=5&source=gbs_api,http://books.google.com/books/content?id=PYH7ngEACAAJ&printsec=frontcover&img=1&zoom=1&source=gbs_api
63,9780316523172,"Dopesick: Dealers, Doctors, and the Drug Company that Addicted America",Beth Macy,2023-04-15,2023-04-23,2023,True,Dopesick,['Beth Macy'],"Little, Brown",2018-08-07,"An instant New York Times and indie bestseller, Dopesick is the only book to fully chart the devastating opioid crisis in America: ""a harrowing, deeply compassionate dispatch from the heart of a national emergency"" (New York Times) from a bestselling author and journalist who has lived through it In this masterful work, Beth Macy takes us into the epicenter of America's twenty-plus year struggle with opioid addiction. From distressed small communities in Central Appalachia to wealthy suburbs; from disparate cities to once-idyllic farm towns; it's a heartbreaking trajectory that illustrates how this national crisis has persisted for so long and become so firmly entrenched. Beginning with a single dealer who lands in a small Virginia town and sets about turning high school football stars into heroin overdose statistics, Macy endeavors to answer a grieving mother's question-why her only son died-and comes away with a harrowing story of greed and need. From the introduction of OxyContin in 1996, Macy parses how America embraced a medical culture where overtreatment with painkillers became the norm. In some of the same distressed communities featured in her bestselling book Factory Man, the unemployed use painkillers both to numb the pain of joblessness and pay their bills, while privileged teens trade pills in cul-de-sacs, and even high school standouts fall prey to prostitution, jail, and death. Through unsparing, yet deeply human portraits of the families and first responders struggling to ameliorate this epidemic, each facet of the crisis comes into focus. In these politically fragmented times, Beth Macy shows, astonishingly, that the only thing that unites Americans across geographic and class lines is opioid drug abuse. But in a country unable to provide basic healthcare for all, Macy still finds reason to hope-and signs of the spirit and tenacity necessary in those facing addiction to build a better future for themselves and their families. ""An impressive feat of journalism, monumental in scope and urgent in its implications.""--Jennifer Latson, The Boston Globe","[{'type': 'ISBN_10', 'identifier': '0316523178'}, {'type': 'ISBN_13', 'identifier': '9780316523172'}]","{'text': False, 'image': False}",560.0,BOOK,['Psychology'],NOT_MATURE,False,preview-1.0.0,"{'containsEpubBubbles': False, 'containsImageBubbles': False}","{'smallThumbnail': 'http://books.google.com/books/content?id=0eMwtAEACAAJ&printsec=frontcover&img=1&zoom=5&source=gbs_api', 'thumbnail': 'http://books.google.com/books/content?id=0eMwtAEACAAJ&printsec=frontcover&img=1&zoom=1&source=gbs_api'}",en,http://books.google.com/books?id=0eMwtAEACAAJ&dq=isbn:9780316523172&hl=&cd=1&source=gbs_api,http://books.google.com/books?id=0eMwtAEACAAJ&dq=isbn:9780316523172&hl=&source=gbs_api,https://books.google.com/books/about/Dopesick.html?hl=&id=0eMwtAEACAAJ,"Dealers, Doctors, and the Drug Company that Addicted America",,,9780316523172,0316523178,,http://books.google.com/books/content?id=0eMwtAEACAAJ&printsec=frontcover&img=1&zoom=5&source=gbs_api,http://books.google.com/books/content?id=0eMwtAEACAAJ&printsec=frontcover&img=1&zoom=1&source=gbs_api
65,9781610396912,The Cadaver King and the Country Dentist: A True Story of Injustice in the American South,Radley Balko,2023-04-23,2023-05-03,2023,True,The Cadaver King and the Country Dentist,"['Radley Balko', 'Tucker Carrington']",PublicAffairs,2018-02-27,"A shocking and deeply reported account of the persistent plague of institutional racism and junk forensic science in our criminal justice system, and its devastating effect on innocent lives After two three-year-old girls were raped and murdered in rural Mississippi, law enforcement pursued and convicted two innocent men: Kennedy Brewer and Levon Brooks. Together they spent a combined thirty years in prison before finally being exonerated in 2008. Meanwhile, the real killer remained free. The Cadaver King and the Country Dentist recounts the story of how the criminal justice system allowed this to happen, and of how two men, Dr. Steven Hayne and Dr. Michael West, built successful careers on the back of that structure. For nearly two decades, Hayne, a medical examiner, performed the vast majority of Mississippi's autopsies, while his friend Dr. West, a local dentist, pitched himself as a forensic jack-of-all-trades. Together they became the go-to experts for prosecutors and helped put countless Mississippians in prison. But then some of those convictions began to fall apart. Here, Radley Balko and Tucker Carrington tell the haunting story of how the courts and Mississippi's death investigation system--a relic of the Jim Crow era--failed to deliver justice for its citizens. The authors argue that bad forensics, structural racism, and institutional failures are at fault, raising sobering questions about our ability and willingness to address these crucial issues.","[{'type': 'ISBN_10', 'identifier': '161039691X'}, {'type': 'ISBN_13', 'identifier': '9781610396912'}]","{'text': False, 'image': False}",391.0,BOOK,['History'],NOT_MATURE,False,preview-1.0.0,"{'containsEpubBubbles': False, 'containsImageBubbles': False}","{'smallThumbnail': 'http://books.google.com/books/content?id=QxwbMQAACAAJ&printsec=frontcover&img=1&zoom=5&source=gbs_api', 'thumbnail': 'http://books.google.com/books/content?id=QxwbMQAACAAJ&printsec=frontcover&img=1&zoom=1&source=gbs_api'}",en,http://books.google.com/books?id=QxwbMQAACAAJ&dq=isbn:9781610396912&hl=&cd=1&source=gbs_api,http://books.google.com/books?id=QxwbMQAACAAJ&dq=isbn:9781610396912&hl=&source=gbs_api,https://books.google.com/books/about/The_Cadaver_King_and_the_Country_Dentist.html?hl=&id=QxwbMQAACAAJ,A True Story of Injustice in the American South,,,9781610396912,161039691X,,http://books.google.com/books/content?id=QxwbMQAACAAJ&printsec=frontcover&img=1&zoom=5&source=gbs_api,http://books.google.com/books/content?id=QxwbMQAACAAJ&printsec=frontcover&img=1&zoom=1&source=gbs_api
84,9781503949003,The Extraordinary Life of Sam Hell,Robert Dugoni,2023-06-01,2023-06-04,2023,True,The Extraordinary Life of Sam Hell,['Robert Dugoni'],Lake Union Publishing,2018,"Born with ocular albinism, small-town eye doctor Sam Hill must finally face a past tragedy that caused him to turn his back on his friends, his hometown, and the life he'd always known--a journey that makes him realize what truly matters.","[{'type': 'ISBN_10', 'identifier': '1503949001'}, {'type': 'ISBN_13', 'identifier': '9781503949003'}]","{'text': False, 'image': False}",428.0,BOOK,['FICTION'],NOT_MATURE,False,preview-1.0.0,"{'containsEpubBubbles': False, 'containsImageBubbles': False}","{'smallThumbnail': 'http://books.google.com/books/content?id=UNJMswEACAAJ&printsec=frontcover&img=1&zoom=5&source=gbs_api', 'thumbnail': 'http://books.google.com/books/content?id=UNJMswEACAAJ&printsec=frontcover&img=1&zoom=1&source=gbs_api'}",en,http://books.google.com/books?id=UNJMswEACAAJ&dq=isbn:9781503949003&hl=&cd=1&source=gbs_api,http://books.google.com/books?id=UNJMswEACAAJ&dq=isbn:9781503949003&hl=&source=gbs_api,https://books.google.com/books/about/The_Extraordinary_Life_of_Sam_Hell.html?hl=&id=UNJMswEACAAJ,A Novel,,,9781503949003,1503949001,,http://books.google.com/books/content?id=UNJMswEACAAJ&printsec=frontcover&img=1&zoom=5&source=gbs_api,http://books.google.com/books/content?id=UNJMswEACAAJ&printsec=frontcover&img=1&zoom=1&source=gbs_api
7,9780593534663,The Rabbit Hutch,Tess Gunty,2023-06-07,2023-06-16,2023,True,The Rabbit Hutch,['Tess Gunty'],Knopf,2022-08-02,"NEW YORK TIMES BESTSELLER • NATIONAL BOOK AWARD WINNER • The standout literary debut that everyone is talking about • ""Inventive, heartbreaking and acutely funny.""—The Guardian A BEST BOOK OF THE YEAR: The New York Times, TIME, NPR, Oprah Daily, People Blandine isn't like the other residents of her building. An online obituary writer. A young mother with a dark secret. A woman waging a solo campaign against rodents — neighbors, separated only by the thin walls of a low-cost housing complex in the once bustling industrial center of Vacca Vale, Indiana. Welcome to the Rabbit Hutch. Ethereally beautiful and formidably intelligent, Blandine shares her apartment with three teenage boys she neither likes nor understands, all, like her, now aged out of the state foster care system that has repeatedly failed them, all searching for meaning in their lives. Set over one sweltering week in July and culminating in a bizarre act of violence that finally changes everything, The Rabbit Hutch is a savagely beautiful and bitingly funny snapshot of contemporary America, a gorgeous and provocative tale of loneliness and longing, entrapment and, ultimately, freedom. ""Gunty writes with a keen, sensitive eye about all manner of intimacies―the kind we build with other people, and the kind we cultivate around ourselves and our tenuous, private aspirations.""—Raven Leilani, author of Luster","[{'type': 'ISBN_13', 'identifier': '9780593534663'}, {'type': 'ISBN_10', 'identifier': '0593534662'}]","{'text': False, 'image': False}",353.0,BOOK,['Fiction'],NOT_MATURE,False,0.8.0.0.preview.0,"{'containsEpubBubbles': False, 'containsImageBubbles': False}","{'smallThumbnail': 'http://books.google.com/books/content?id=mO14EAAAQBAJ&printsec=frontcover&img=1&zoom=5&edge=curl&source=gbs_api', 'thumbnail': 'http://books.google.com/books/content?id=mO14EAAAQBAJ&printsec=frontcover&img=1&zoom=1&edge=curl&source=gbs_api'}",en,http://books.google.com/books?id=mO14EAAAQBAJ&printsec=frontcover&dq=isbn:9780593534663&hl=&cd=1&source=gbs_api,http://books.google.com/books?id=mO14EAAAQBAJ&dq=isbn:9780593534663&hl=&source=gbs_api,https://books.google.com/books/about/The_Rabbit_Hutch.html?hl=&id=mO14EAAAQBAJ,A novel,4.0,1.0,9780593534663,0593534662,,http://books.google.com/books/content?id=mO14EAAAQBAJ&printsec=frontcover&img=1&zoom=5&edge=curl&source=gbs_api,http://books.google.com/books/content?id=mO14EAAAQBAJ&printsec=frontcover&img=1&zoom=1&edge=curl&source=gbs_api
56,9780808562825,The Bluest Eye,Toni Morrison,2023-06-17,2023-07-04,2023,True,The Bluest Eye,['Toni Morrison'],Turtleback Books,2007-05,The story of Pecola Breedlove profiles an eleven-year-old African American girl growing up in an America that values blue-eyed blondes and the tragedy that results from her longing to be accepted.,"[{'type': 'ISBN_10', 'identifier': '0808562827'}, {'type': 'ISBN_13', 'identifier': '9780808562825'}]","{'text': False, 'image': False}",216.0,BOOK,['Fiction'],NOT_MATURE,False,preview-1.0.0,"{'containsEpubBubbles': False, 'containsImageBubbles': False}","{'smallThumbnail': 'http://books.google.com/books/content?id=L6b0tAEACAAJ&printsec=frontcover&img=1&zoom=5&source=gbs_api', 'thumbnail': 'http://books.google.com/books/content?id=L6b0tAEACAAJ&printsec=frontcover&img=1&zoom=1&source=gbs_api'}",en,http://books.google.com/books?id=L6b0tAEACAAJ&dq=isbn:9780808562825&hl=&cd=1&source=gbs_api,http://books.google.com/books?id=L6b0tAEACAAJ&dq=isbn:9780808562825&hl=&source=gbs_api,https://books.google.com/books/about/The_Bluest_Eye.html?hl=&id=L6b0tAEACAAJ,,,,9780808562825,0808562827,,http://books.google.com/books/content?id=L6b0tAEACAAJ&printsec=frontcover&img=1&zoom=5&source=gbs_api,http://books.google.com/books/content?id=L6b0tAEACAAJ&printsec=frontcover&img=1&zoom=1&source=gbs_api
83,9781250865847,Red Team Blues,Cory Doctorow,2023-06-25,2023-06-28,2023,True,Red Team Blues,['Cory Doctorow'],Tor Books,2023-04-25,"New York Times bestseller Cory Doctorow's Red Team Blues is a grabby next-Tuesday thriller about cryptocurrency shenanigans that will awaken you to how the world really works. Martin Hench is 67 years old, single, and successful in a career stretching back to the beginnings of Silicon Valley. He lives and roams California in a very comfortable fully-furnished touring bus, The Unsalted Hash, that he bought years ago from a fading rock star. He knows his way around good food and fine drink. He likes intelligent women, and they like him back often enough. Martin is a—contain your excitement—self-employed forensic accountant, a veteran of the long guerilla war between people who want to hide money, and people who want to find it. He knows computer hardware and software alike, including the ins and outs of high-end databases and the kinds of spreadsheets that are designed to conceal rather than reveal. He’s as comfortable with social media as people a quarter his age, and he’s a world-level expert on the kind of international money-laundering and shell-company chicanery used by Fortune 500 companies, mid-divorce billionaires, and international drug gangs alike. He also knows the Valley like the back of his hand, all the secret histories of charismatic company founders and Sand Hill Road VCs. Because he was there at all the beginnings. He’s not famous, except to the people who matter. He’s made some pretty powerful people happy in his time, and he’s been paid pretty well. It’s been a good life. Now he’s been roped into a job that’s more dangerous than anything he’s ever agreed to before—and it will take every ounce of his skill to get out alive.","[{'type': 'ISBN_13', 'identifier': '9781250865847'}, {'type': 'ISBN_10', 'identifier': '1250865840'}]","{'text': True, 'image': False}",224.0,BOOK,['Fiction'],NOT_MATURE,False,preview-1.0.0,"{'containsEpubBubbles': False, 'containsImageBubbles': False}","{'smallThumbnail': 'http://books.google.com/books/content?id=i7JtEAAAQBAJ&printsec=frontcover&img=1&zoom=5&source=gbs_api', 'thumbnail': 'http://books.google.com/books/content?id=i7JtEAAAQBAJ&printsec=frontcover&img=1&zoom=1&source=gbs_api'}",en,http://books.google.com/books?id=i7JtEAAAQBAJ&dq=isbn:9781250865847&hl=&cd=1&source=gbs_api,http://books.google.com/books?id=i7JtEAAAQBAJ&dq=isbn:9781250865847&hl=&source=gbs_api,https://books.google.com/books/about/Red_Team_Blues.html?hl=&id=i7JtEAAAQBAJ,A Martin Hench Novel,,,9781250865847,1250865840,,http://books.google.com/books/content?id=i7JtEAAAQBAJ&printsec=frontcover&img=1&zoom=5&source=gbs_api,http://books.google.com/books/content?id=i7JtEAAAQBAJ&printsec=frontcover&img=1&zoom=1&source=gbs_api
55,9780571337705,Being You: A New Science of Consciousness,Anil Seth,2023-07-04,2023-07-11,2023,True,Being You,"['Anil Seth', 'Professor Anil Seth']",,2021-09-02,,"[{'type': 'ISBN_10', 'identifier': '0571337708'}, {'type': 'ISBN_13', 'identifier': '9780571337705'}]","{'text': False, 'image': False}",368.0,BOOK,['Consciousness'],NOT_MATURE,False,preview-1.0.0,"{'containsEpubBubbles': False, 'containsImageBubbles': False}","{'smallThumbnail': 'http://books.google.com/books/content?id=7d9UygEACAAJ&printsec=frontcover&img=1&zoom=5&source=gbs_api', 'thumbnail': 'http://books.google.com/books/content?id=7d9UygEACAAJ&printsec=frontcover&img=1&zoom=1&source=gbs_api'}",en,http://books.google.com/books?id=7d9UygEACAAJ&dq=isbn:9780571337705&hl=&cd=1&source=gbs_api,http://books.google.com/books?id=7d9UygEACAAJ&dq=isbn:9780571337705&hl=&source=gbs_api,https://books.google.com/books/about/Being_You.html?hl=&id=7d9UygEACAAJ,A New Science of Consciousness,,,9780571337705,0571337708,,http://books.google.com/books/content?id=7d9UygEACAAJ&printsec=frontcover&img=1&zoom=5&source=gbs_api,http://books.google.com/books/content?id=7d9UygEACAAJ&printsec=frontcover&img=1&zoom=1&source=gbs_api
67,9781594206573,"The Best Minds: A Story of Friendship, Madness, and the Tragedy of Good Intentions",Jonathan Rosen,2023-07-11,2023-07-20,2023,True,The Best Minds,['Jonathan Rosen'],National Geographic Books,2023-04-18,"Acclaimed author Jonathan Rosen’s haunting investigation of the forces that led his closest childhood friend, Michael Laudor, from the heights of brilliant promise to the forensic psychiatric hospital where he has lived since killing the woman he loved. A story about friendship, love, and the price of self-delusion, The Best Minds explores the ways in which we understand—and fail to understand—mental illness When the Rosens moved to New Rochelle in 1973, Jonathan Rosen and Michael Laudor became inseparable. Both children of college professors, the boys were best friends and keen competitors, and, when they both got into Yale, seemed set to join the American meritocratic elite. Michael blazed through college in three years, graduating summa cum laude and landing a top-flight consulting job. But all wasn’t as it seemed. One day, Jonathan received the fateful call: Michael had suffered a serious psychotic break and was institutionalized at a New York City psychiatric hospital where he was diagnosed with paranoid schizophrenia. He would stay there for nine months before transitioning to a halfway house. Just before his break, Michael had been accepted to Yale Law School, and now he planned to play that one card still left to him. Still struggling mightily with schizophrenia, Michael made it through the top law school in the country. His extraordinary story was featured in the New York Times; an agent sold his memoir to a major publisher for a large sum; Ron Howard swept in to acquire film rights. It was all a dream come true for Michael and his tirelessly supportive girlfriend Carrie. But then Michael, in the grip of an unshakeable paranoid fantasy, stabbed Carrie to death with a kitchen knife and became a front-page story of an entirely different sort. The Best Minds is Jonathan Rosen's brilliant and heartbreaking account of an American tragedy. It is a story about the bonds of family, friendship, and community, the promise of intellectual achievement and the lure of utopian solutions. At times tender and funny, and at times harrowing and almost unbearably sad, The Best Minds is an extreme version of a story that is tragically familiar to all too many. In the hands of a writer of Jonathan Rosen's gifts and dedication, its significance will echo widely.","[{'type': 'ISBN_13', 'identifier': '9781594206573'}, {'type': 'ISBN_10', 'identifier': '1594206570'}]","{'text': True, 'image': False}",576.0,BOOK,['Biography & Autobiography'],NOT_MATURE,False,preview-1.0.0,"{'containsEpubBubbles': False, 'containsImageBubbles': False}","{'smallThumbnail': 'http://books.google.com/books/content?id=vkOQEAAAQBAJ&printsec=frontcover&img=1&zoom=5&source=gbs_api', 'thumbnail': 'http://books.google.com/books/content?id=vkOQEAAAQBAJ&printsec=frontcover&img=1&zoom=1&source=gbs_api'}",en,http://books.google.com/books?id=vkOQEAAAQBAJ&dq=isbn:9781594206573&hl=&cd=1&source=gbs_api,http://books.google.com/books?id=vkOQEAAAQBAJ&dq=isbn:9781594206573&hl=&source=gbs_api,https://books.google.com/books/about/The_Best_Minds.html?hl=&id=vkOQEAAAQBAJ,"A Story of Friendship, Madness, and the Tragedy of Good Intentions",,,9781594206573,1594206570,,http://books.google.com/books/content?id=vkOQEAAAQBAJ&printsec=frontcover&img=1&zoom=5&source=gbs_api,http://books.google.com/books/content?id=vkOQEAAAQBAJ&printsec=frontcover&img=1&zoom=1&source=gbs_api
82,9780062277756,The Bean Trees,Barbara Kingsolver,2023-07-18,2023-07-27,2023,True,The Bean Trees,['Barbara Kingsolver'],Harper Perennial,2013-05-07,"The Bean Trees is bestselling author Barbara Kingsolver’s first novel, now widely regarded as a modern classic. It is the charming, engrossing tale of rural Kentucky native Taylor Greer, who only wants to get away from her roots and avoid getting pregnant. She succeeds, but inherits a 3-year-old native-American little girl named Turtle along the way, and together, from Oklahoma to Tucson, Arizona, half-Cherokee Taylor and her charge search for a new life in the West. Written with humor and pathos, this highly praised novel focuses on love and friendship, abandonment and belonging as Taylor, out of money and seemingly out of options, settles in dusty Tucson and begins working at Jesus Is Lord Used Tires while trying to make a life for herself and Turtle. The author of such bestsellers as The Lacuna, The Poinsonwood Bible, and Flight Behavior, Barbara Kingsolver has been hailed for her striking imagery and clear dialogue, and this is the novel that kicked off her remarkable literary career. This edition includes a P.S. section with additional insights from the author, background material, suggestions for further reading, and more.","[{'type': 'ISBN_10', 'identifier': '0062277758'}, {'type': 'ISBN_13', 'identifier': '9780062277756'}]","{'text': False, 'image': False}",272.0,BOOK,['Fiction'],NOT_MATURE,False,preview-1.0.0,"{'containsEpubBubbles': False, 'containsImageBubbles': False}","{'smallThumbnail': 'http://books.google.com/books/content?id=QgolkwEACAAJ&printsec=frontcover&img=1&zoom=5&source=gbs_api', 'thumbnail': 'http://books.google.com/books/content?id=QgolkwEACAAJ&printsec=frontcover&img=1&zoom=1&source=gbs_api'}",en,http://books.google.com/books?id=QgolkwEACAAJ&dq=isbn:9780062277756&hl=&cd=1&source=gbs_api,http://books.google.com/books?id=QgolkwEACAAJ&dq=isbn:9780062277756&hl=&source=gbs_api,https://books.google.com/books/about/The_Bean_Trees.html?hl=&id=QgolkwEACAAJ,A Novel,,,9780062277756,0062277758,,http://books.google.com/books/content?id=QgolkwEACAAJ&printsec=frontcover&img=1&zoom=5&source=gbs_api,http://books.google.com/books/content?id=QgolkwEACAAJ&printsec=frontcover&img=1&zoom=1&source=gbs_api
54,9780734306210,Breakfast at Tiffany's,Truman Capote,2023-07-21,2023-07-23,2023,True,Breakfast at Tiffany's,['Truman Capote'],,2013,"Truman Capote's Breakfast at Tiffany's is a brilliant glimmer of the excitement of 1940's New York. Holly Golightly - brashly beautiful with a slim black dress, a mysterious past and dark glasses over varicoloured eyes - entrances all the men she meets, including the young writer living above her, though her recklessness may yet catch up with her. Also containing three short stories, this edition shows the elegance and warmth of Capote's writing at its most flawless. Co-founded by Jane and Glenn McGrath, the McGrath Foundation raises money to place McGrath Breast Care Nurses in communities right across Australia and to increase breast awareness in young women. The McGrath Foundation believes 150 of these specially trained nurses are needed to ensure that every family experiencing breast cancer has access to a breast care nurse, no matter where they live or their financial situation. McGrath Breast Care Nurses offer a unique service to families who can self-refer to this free support. Penguin is proud to donate $1 from the original sale of each Pink Popular Penguin to help the McGrath Foundation realise their goal. To find out how you can make a difference visit www.mcgrathfoundation.com.au","[{'type': 'ISBN_10', 'identifier': '0734306210'}, {'type': 'ISBN_13', 'identifier': '9780734306210'}]","{'text': False, 'image': False}",157.0,BOOK,['Short stories'],NOT_MATURE,False,preview-1.0.0,,"{'smallThumbnail': 'http://books.google.com/books/content?id=KwMIkwEACAAJ&printsec=frontcover&img=1&zoom=5&source=gbs_api', 'thumbnail': 'http://books.google.com/books/content?id=KwMIkwEACAAJ&printsec=frontcover&img=1&zoom=1&source=gbs_api'}",en,http://books.google.com/books?id=KwMIkwEACAAJ&dq=isbn:9780734306210&hl=&cd=1&source=gbs_api,http://books.google.com/books?id=KwMIkwEACAAJ&dq=isbn:9780734306210&hl=&source=gbs_api,https://books.google.com/books/about/Breakfast_at_Tiffany_s.html?hl=&id=KwMIkwEACAAJ,,,,9780734306210,0734306210,,http://books.google.com/books/content?id=KwMIkwEACAAJ&printsec=frontcover&img=1&zoom=5&source=gbs_api,http://books.google.com/books/content?id=KwMIkwEACAAJ&printsec=frontcover&img=1&zoom=1&source=gbs_api
68,9780571212927,A Beautiful Mind,Sylvia Nasar,2023-07-24,2023-08-26,2023,True,A Beautiful Mind,['Sylvia Nasar'],,2001,"A Beautiful Mind is Sylvia Nasar's award-winning biography about the mystery of the human mind, the triumph over incredible adversity, and the healing power of love.At the age of thirty-one, John Nash, mathematical genius, suffered a devastating breakdown and was diagnosed with schizophrenia. Yet after decades of leading a ghost-like existence, he was to re-emerge to win a Nobel Prize and world acclaim. A Beautiful Mind has inspired the Oscar-winning film directed by Ron Howard and featuring Russell Crowe in the lead role of John Nash.","[{'type': 'ISBN_10', 'identifier': '0571212921'}, {'type': 'ISBN_13', 'identifier': '9780571212927'}]","{'text': False, 'image': False}",461.0,BOOK,['Mathematicians'],NOT_MATURE,False,preview-1.0.0,,"{'smallThumbnail': 'http://books.google.com/books/content?id=5ePBQgAACAAJ&printsec=frontcover&img=1&zoom=5&source=gbs_api', 'thumbnail': 'http://books.google.com/books/content?id=5ePBQgAACAAJ&printsec=frontcover&img=1&zoom=1&source=gbs_api'}",en,http://books.google.com/books?id=5ePBQgAACAAJ&dq=isbn:9780571212927&hl=&cd=1&source=gbs_api,http://books.google.com/books?id=5ePBQgAACAAJ&dq=isbn:9780571212927&hl=&source=gbs_api,https://books.google.com/books/about/A_Beautiful_Mind.html?hl=&id=5ePBQgAACAAJ,,,,9780571212927,0571212921,,http://books.google.com/books/content?id=5ePBQgAACAAJ&printsec=frontcover&img=1&zoom=5&source=gbs_api,http://books.google.com/books/content?id=5ePBQgAACAAJ&printsec=frontcover&img=1&zoom=1&source=gbs_api
8,9780593420317,Trust,Hernan Diaz,2023-08-09,2023-08-16,2023,True,Trust (Pulitzer Prize Winner),['Hernan Diaz'],Penguin,2022-05-03,"WINNER OF THE PULITZER PRIZE FOR FICTION ONE OF THE NEW YORK TIMES’S 100 BEST BOOKS OF THE 21ST CENTURY A NEW YORK TIMES BESTSELLER ONE OF BARACK OBAMA'S FAVORITE BOOKS OF 2022 LONGLISTED FOR THE 2022 BOOKER PRIZE “Buzzy and enthralling . . . A glorious novel about empires and erasures, husbands and wives, staggering fortunes and unspeakable misery . . . Fun as hell to read.” —Oprah Daily ""A genre-bending, time-skipping story about New York City’s elite in the roaring ’20s and Great Depression."" —Vanity Fair “A riveting story of class, capitalism, and greed.” —Esquire ""Exhilarating.” —New York Times Even through the roar and effervescence of the 1920s, everyone in New York has heard of Benjamin and Helen Rask. He is a legendary Wall Street tycoon; she is the daughter of eccentric aristocrats. Together, they have risen to the very top of a world of seemingly endless wealth—all as a decade of excess and speculation draws to an end. But at what cost have they acquired their immense fortune? This is the mystery at the center of Bonds, a successful 1937 novel that all of New York seems to have read. Yet there are other versions of this tale of privilege and deceit. Hernan Diaz’s TRUST elegantly puts these competing narratives into conversation with one another—and in tension with the perspective of one woman bent on disentangling fact from fiction. The result is a novel that spans over a century and becomes more exhilarating with each new revelation. At once an immersive story and a brilliant literary puzzle, TRUST engages the reader in a quest for the truth while confronting the deceptions that often live at the heart of personal relationships, the reality-warping force of capital, and the ease with which power can manipulate facts.","[{'type': 'ISBN_13', 'identifier': '9780593420317'}, {'type': 'ISBN_10', 'identifier': '0593420314'}]","{'text': False, 'image': False}",417.0,BOOK,['Fiction'],NOT_MATURE,False,1.7.1.0.preview.0,"{'containsEpubBubbles': False, 'containsImageBubbles': False}","{'smallThumbnail': 'http://books.google.com/books/content?id=NKdPEAAAQBAJ&printsec=frontcover&img=1&zoom=5&edge=curl&source=gbs_api', 'thumbnail': 'http://books.google.com/books/content?id=NKdPEAAAQBAJ&printsec=frontcover&img=1&zoom=1&edge=curl&source=gbs_api'}",en,http://books.google.com/books?id=NKdPEAAAQBAJ&printsec=frontcover&dq=isbn:9780593420317&hl=&cd=1&source=gbs_api,http://books.google.com/books?id=NKdPEAAAQBAJ&dq=isbn:9780593420317&hl=&source=gbs_api,https://books.google.com/books/about/Trust_Pulitzer_Prize_Winner.html?hl=&id=NKdPEAAAQBAJ,,,,9780593420317,0593420314,,http://books.google.com/books/content?id=NKdPEAAAQBAJ&printsec=frontcover&img=1&zoom=5&edge=curl&source=gbs_api,http://books.google.com/books/content?id=NKdPEAAAQBAJ&printsec=frontcover&img=1&zoom=1&edge=curl&source=gbs_api
81,9780374277789,The Topeka School,Ben Lerner,2023-08-27,2023-09-03,2023,True,The Topeka School,['Ben Lerner'],"Farrar, Straus and Giroux",2019-10-01,"A NEW YORK TIMES, TIME, GQ, Vulture, and WASHINGTON POST TOP 10 BOOK of the YEAR ONE OF BARACK OBAMA'S FAVORITE BOOKS OF THE YEAR ALSO NAMED ONE OF THE BEST BOOKS OF THE YEAR BY: Esquire, NPR, Vogue, Amazon, Kirkus, The Times (UK), Buzzfeed, Vanity Fair, The Telegraph (UK), Financial Times (UK), Lit Hub, The Times Literary Supplement (UK), The New York Post, Daily Mail (UK), The Atlantic, Publishers Weekly, The Guardian (UK), Electric Literature, SPY.com, and the New York Public Library From the award-winning author of 10:04 and Leaving the Atocha Station, a tender and expansive family drama set in the American Midwest at the turn of the century: a tale of adolescence, transgression, and the conditions that have given rise to the trolls and tyrants of the New Right Adam Gordon is a senior at Topeka High School, class of ’97. His mother, Jane, is a famous feminist author; his father, Jonathan, is an expert at getting “lost boys” to open up. They both work at a psychiatric clinic that has attracted staff and patients from around the world. Adam is a renowned debater, expected to win a national championship before he heads to college. He is one of the cool kids, ready to fight or, better, freestyle about fighting if it keeps his peers from thinking of him as weak. Adam is also one of the seniors who bring the loner Darren Eberheart—who is, unbeknownst to Adam, his father’s patient—into the social scene, to disastrous effect. Deftly shifting perspectives and time periods, The Topeka School is the story of a family, its struggles and its strengths: Jane’s reckoning with the legacy of an abusive father, Jonathan’s marital transgressions, the challenge of raising a good son in a culture of toxic masculinity. It is also a riveting prehistory of the present: the collapse of public speech, the trolls and tyrants of the New Right, and the ongoing crisis of identity among white men.","[{'type': 'ISBN_10', 'identifier': '0374277788'}, {'type': 'ISBN_13', 'identifier': '9780374277789'}]","{'text': False, 'image': False}",304.0,BOOK,['Fiction'],NOT_MATURE,False,preview-1.0.0,"{'containsEpubBubbles': False, 'containsImageBubbles': False}","{'smallThumbnail': 'http://books.google.com/books/content?id=RkFBwAEACAAJ&printsec=frontcover&img=1&zoom=5&source=gbs_api', 'thumbnail': 'http://books.google.com/books/content?id=RkFBwAEACAAJ&printsec=frontcover&img=1&zoom=1&source=gbs_api'}",en,http://books.google.com/books?id=RkFBwAEACAAJ&dq=isbn:9780374277789&hl=&cd=1&source=gbs_api,http://books.google.com/books?id=RkFBwAEACAAJ&dq=isbn:9780374277789&hl=&source=gbs_api,https://books.google.com/books/about/The_Topeka_School.html?hl=&id=RkFBwAEACAAJ,A Novel,,,9780374277789,0374277788,,http://books.google.com/books/content?id=RkFBwAEACAAJ&printsec=frontcover&img=1&zoom=5&source=gbs_api,http://books.google.com/books/content?id=RkFBwAEACAAJ&printsec=frontcover&img=1&zoom=1&source=gbs_api
69,9780385545167,Crook Manifesto,Colson Whitehead,2023-09-03,2023-09-12,2023,True,Crook Manifesto,['Colson Whitehead'],Vintage,2023-07-18,"NEW YORK TIMES BESTSELLER • The two-time Pulitzer Prize winner and bestselling author of Harlem Shuffle continues his Harlem saga in a powerful and hugely-entertaining novel that summons 1970s New York in all its seedy glory. A Best Book of the Year: The New York Times, The Washington Post, TIME, NPR, BookPage “Dazzling” –Walter Mosley, The New York Times Book Review. It’s 1971. Trash piles up on the streets, crime is at an all-time high, the city is careening towards bankruptcy, and a shooting war has broken out between the NYPD and the Black Liberation Army. Amidst this collective nervous breakdown furniture store owner and ex-fence Ray Carney tries to keep his head down and his business thriving. His days moving stolen goods around the city are over. It’s strictly the straight-and-narrow for him — until he needs Jackson 5 tickets for his daughter May and he decides to hit up his old police contact Munson, fixer extraordinaire. But Munson has his own favors to ask of Carney and staying out of the game gets a lot more complicated – and deadly. 1973. The counter-culture has created a new generation, the old ways are being overthrown, but there is one constant, Pepper, Carney’s endearingly violent partner in crime. It’s getting harder to put together a reliable crew for hijackings, heists, and assorted felonies, so Pepper takes on a side gig doing security on a Blaxploitation shoot in Harlem. He finds himself in a freaky world of Hollywood stars, up-and-coming comedians, and celebrity drug dealers, in addition to the usual cast of hustlers, mobsters, and hit men. These adversaries underestimate the seasoned crook – to their regret. 1976. Harlem is burning, block by block, while the whole country is gearing up for Bicentennial celebrations. Carney is trying to come up with a July 4th ad he can live with. (""Two Hundred Years of Getting Away with It!""), while his wife Elizabeth is campaigning for her childhood friend, the former assistant D.A and rising politician Alexander Oakes. When a fire severely injures one of Carney’s tenants, he enlists Pepper to look into who may be behind it. Our crooked duo have to battle their way through a crumbling metropolis run by the shady, the violent, and the utterly corrupted. CROOK MANIFESTO is a darkly funny tale of a city under siege, but also a sneakily searching portrait of the meaning of family. Colson Whitehead’s kaleidoscopic portrait of Harlem is sure to stand as one of the all-time great evocations of a place and a time.","[{'type': 'ISBN_13', 'identifier': '9780385545167'}, {'type': 'ISBN_10', 'identifier': '0385545169'}]","{'text': True, 'image': False}",330.0,BOOK,['Fiction'],NOT_MATURE,True,1.4.4.0.preview.2,"{'containsEpubBubbles': False, 'containsImageBubbles': False}","{'smallThumbnail': 'http://books.google.com/books/content?id=-LeTEAAAQBAJ&printsec=frontcover&img=1&zoom=5&edge=curl&source=gbs_api', 'thumbnail': 'http://books.google.com/books/content?id=-LeTEAAAQBAJ&printsec=frontcover&img=1&zoom=1&edge=curl&source=gbs_api'}",en,http://books.google.com/books?id=-LeTEAAAQBAJ&printsec=frontcover&dq=isbn:9780385545167&hl=&cd=1&source=gbs_api,https://play.google.com/store/books/details?id=-LeTEAAAQBAJ&source=gbs_api,https://play.google.com/store/books/details?id=-LeTEAAAQBAJ,A Novel,,,9780385545167,0385545169,,http://books.google.com/books/content?id=-LeTEAAAQBAJ&printsec=frontcover&img=1&zoom=5&edge=curl&source=gbs_api,http://books.google.com/books/content?id=-LeTEAAAQBAJ&printsec=frontcover&img=1&zoom=1&edge=curl&source=gbs_api
70,9781936071456,Last Night in Montreal,Emily St. John Mandel,2023-09-09,2023-09-19,2023,True,Last Night in Montreal,['Emily St. John Mandel'],Vintage,2009-06-01,"From the bestselling author of Station Eleven and Sea of Tranquility—when Lilia Albert was a child, her father appeared on the doorstep of her mother's house and took her away. Now, haunted by an inability to remember much about her early childhood, Lilia moves restlessly from city to city, abandoning lovers and eluding the private detective who has dedicated a career to following close behind. Then comes Eli. When Lilia goes out for a paper and fails to return to their Brooklyn apartment, he follows her to Montreal, not knowing whether he wants to disappear, too, or help her find her way home. But what he discovers is a deeper mystery, one that will set past and present spinning toward collision. Look for Emily St. John Mandel’s bestselling new novel, Sea of Tranquility!","[{'type': 'ISBN_13', 'identifier': '9781936071456'}, {'type': 'ISBN_10', 'identifier': '1936071452'}]","{'text': True, 'image': False}",242.0,BOOK,['Fiction'],NOT_MATURE,True,2.9.9.0.preview.2,"{'containsEpubBubbles': False, 'containsImageBubbles': False}","{'smallThumbnail': 'http://books.google.com/books/content?id=KKerBwAAQBAJ&printsec=frontcover&img=1&zoom=5&edge=curl&source=gbs_api', 'thumbnail': 'http://books.google.com/books/content?id=KKerBwAAQBAJ&printsec=frontcover&img=1&zoom=1&edge=curl&source=gbs_api'}",en,http://books.google.com/books?id=KKerBwAAQBAJ&printsec=frontcover&dq=isbn:9781936071456&hl=&cd=1&source=gbs_api,https://play.google.com/store/books/details?id=KKerBwAAQBAJ&source=gbs_api,https://play.google.com/store/books/details?id=KKerBwAAQBAJ,,,,9781936071456,1936071452,,http://books.google.com/books/content?id=KKerBwAAQBAJ&printsec=frontcover&img=1&zoom=5&edge=curl&source=gbs_api,http://books.google.com/books/content?id=KKerBwAAQBAJ&printsec=frontcover&img=1&zoom=1&edge=curl&source=gbs_api
71,9780374605162,"Waging a Good War: A Military History of the Civil Rights Movement, 1954-1968",Thomas E. Ricks,2023-09-15,2023-10-07,2023,True,Waging a Good War,['Thomas E. Ricks'],"Farrar, Straus & Giroux",2022-10-04,"#1 New York Times bestselling author and Pulitzer Prize winner Thomas E. Ricks offers a groundbreaking new take on the Civil Rights Movement, stressing its unexpected use of military strategy and its lessons for nonviolent resistance around the world. In Waging a Good War, bestselling author Thomas E. Ricks offers an utterly new perspective on America's greatest moral revolution--the Civil Rights Movement of the 1950s and 1960s--and its legacy today. While the Movement has become synonymous with Martin Luther King Jr.'s ethos of nonviolence, Ricks, a Pulitzer Prize-winning war reporter, draws on his deep knowledge of tactics and strategy to advance a surprising but revelatory idea: the greatest victories for Black Americans of the past century were won not by idealism alone, but by paying attention to recruiting, training, discipline, and organization--the hallmarks of any successful military campaign. With a masterful command of storytelling, Ricks deftly narrates the movement's triumphs and defeats. He follows King and other key figures from Montgomery to Memphis, demonstrating how the philosophy of nonviolence encompassed active and even aggressive methods of confronting the Movement's adversaries, both on the ground and in the court of public opinion. While bringing legends such as Fannie Lou Hamer and John Lewis into new focus, Ricks also highlights lesser-known figures who played critical roles in fashioning nonviolence into a potent weapon--the activists James Lawson, James Bevel, Diane Nash, and Septima Clark foremost among them. He also offers a new understanding of the Movement's later difficulties as internal disputes and white backlash intensified. Rich with fresh interpretations of familiar events and overlooked aspects of America's civil rights struggle, Waging a Good War is an indispensable addition to the literature of racial justice and social change--and one that offers vital lessons for our own time.","[{'type': 'ISBN_13', 'identifier': '9780374605162'}, {'type': 'ISBN_10', 'identifier': '0374605165'}]","{'text': True, 'image': False}",422.0,BOOK,['History'],NOT_MATURE,False,preview-1.0.0,"{'containsEpubBubbles': False, 'containsImageBubbles': False}","{'smallThumbnail': 'http://books.google.com/books/content?id=7-JiEAAAQBAJ&printsec=frontcover&img=1&zoom=5&source=gbs_api', 'thumbnail': 'http://books.google.com/books/content?id=7-JiEAAAQBAJ&printsec=frontcover&img=1&zoom=1&source=gbs_api'}",en,http://books.google.com/books?id=7-JiEAAAQBAJ&dq=isbn:9780374605162&hl=&cd=1&source=gbs_api,http://books.google.com/books?id=7-JiEAAAQBAJ&dq=isbn:9780374605162&hl=&source=gbs_api,https://books.google.com/books/about/Waging_a_Good_War.html?hl=&id=7-JiEAAAQBAJ,"A Military History of the Civil Rights Movement, 1954-1968",,,9780374605162,0374605165,,http://books.google.com/books/content?id=7-JiEAAAQBAJ&printsec=frontcover&img=1&zoom=5&source=gbs_api,http://books.google.com/books/content?id=7-JiEAAAQBAJ&printsec=frontcover&img=1&zoom=1&source=gbs_api
80,9780307477477,A Visit from the Goon Squad,Jennifer Egan,2023-09-19,2023-11-06,2023,True,A Visit from the Goon Squad,['Jennifer Egan'],Vintage,2011-03-22,"NATIONAL BESTSELLER • NATIONAL BOOK CRITICS CIRCLE WINNER • With music pulsing on every page, this startling, exhilarating novel of self-destruction and redemption “features characters about whom you come to care deeply as you watch them doing things they shouldn't, acting gloriously, infuriatingly human” (The Chicago Tribune). One of the New York Times’s 100 Best Books of the 21st Century • One of The Atlantic’s Great American Novels of the Past 100 Years Bennie is an aging former punk rocker and record executive. Sasha is the passionate, troubled young woman he employs. Here Jennifer Egan brilliantly reveals their pasts, along with the inner lives of a host of other characters whose paths intersect with theirs. “Pitch perfect.... Darkly, rippingly funny.... Egan possesses a satirist’s eye and a romance novelist’s heart.” —The New York Times Book Review","[{'type': 'ISBN_13', 'identifier': '9780307477477'}, {'type': 'ISBN_10', 'identifier': '0307477479'}]","{'text': False, 'image': False}",369.0,BOOK,['Fiction'],NOT_MATURE,False,0.7.2.0.preview.0,"{'containsEpubBubbles': False, 'containsImageBubbles': False}","{'smallThumbnail': 'http://books.google.com/books/content?id=KpGNejM3nkEC&printsec=frontcover&img=1&zoom=5&edge=curl&source=gbs_api', 'thumbnail': 'http://books.google.com/books/content?id=KpGNejM3nkEC&printsec=frontcover&img=1&zoom=1&edge=curl&source=gbs_api'}",en,http://books.google.com/books?id=KpGNejM3nkEC&printsec=frontcover&dq=isbn:9780307477477&hl=&cd=1&source=gbs_api,http://books.google.com/books?id=KpGNejM3nkEC&dq=isbn:9780307477477&hl=&source=gbs_api,https://books.google.com/books/about/A_Visit_from_the_Goon_Squad.html?hl=&id=KpGNejM3nkEC,Pulitzer Prize Winner,5.0,2.0,9780307477477,0307477479,,http://books.google.com/books/content?id=KpGNejM3nkEC&printsec=frontcover&img=1&zoom=5&edge=curl&source=gbs_api,http://books.google.com/books/content?id=KpGNejM3nkEC&printsec=frontcover&img=1&zoom=1&edge=curl&source=gbs_api
0,9781476735115,Wool,Hugh Howey,2023-10-07,2023-10-19,2023,True,Wool,['Hugh Howey'],Simon and Schuster,2013-03-12,"In a future toxic landscape, a community that lives in an underground silo is rocked by the desire of Sheriff Holston, who has upheld the group's rules for years, to go outside, setting in motion events that kindle the fire of revolution.","[{'type': 'ISBN_13', 'identifier': '9781476735115'}, {'type': 'ISBN_10', 'identifier': '1476735115'}]","{'text': False, 'image': False}",507.0,BOOK,['Fiction'],NOT_MATURE,False,0.2.2.0.preview.0,"{'containsEpubBubbles': False, 'containsImageBubbles': False}","{'smallThumbnail': 'http://books.google.com/books/content?id=MyIukohIVRwC&printsec=frontcover&img=1&zoom=5&edge=curl&source=gbs_api', 'thumbnail': 'http://books.google.com/books/content?id=MyIukohIVRwC&printsec=frontcover&img=1&zoom=1&edge=curl&source=gbs_api'}",en,http://books.google.com/books?id=MyIukohIVRwC&printsec=frontcover&dq=isbn:9781476735115&hl=&cd=1&source=gbs_api,http://books.google.com/books?id=MyIukohIVRwC&dq=isbn:9781476735115&hl=&source=gbs_api,https://books.google.com/books/about/Wool.html?hl=&id=MyIukohIVRwC,,,,9781476735115,1476735115,,http://books.google.com/books/content?id=MyIukohIVRwC&printsec=frontcover&img=1&zoom=5&edge=curl&source=gbs_api,http://books.google.com/books/content?id=MyIukohIVRwC&printsec=frontcover&img=1&zoom=1&edge=curl&source=gbs_api
72,9780525560975,Determined: A Science of Life without Free Will,Robert M. Sapolsky,2023-10-20,2023-11-25,2023,True,Determined,['Robert M. Sapolsky'],Penguin,2023-10-17,"The instant New York Times bestseller “Excellent . . . Outstanding for its breadth of research, the liveliness of the writing, and the depth of humanity it conveys.” –Wall Street Journal One of our great behavioral scientists, the bestselling author of Behave, mounts a devastating scientific and philosophical case against free will—an argument with profound consequences Robert Sapolsky’s Behave, his now classic account of why humans do good and why they do bad, pointed toward an unsettling conclusion: we may not grasp exactly how nature and nurture create the physics and chemistry that cause all human behavior, but that doesn’t mean they don’t exist. In Determined, Sapolsky takes his argument all the way, mounting a brilliant (and in his inimitable way, delightful) full-frontal assault on the pleasant fantasy that there is some separate self who tells our biology what to do. Determined offers a marvelous synthesis of what we know about consciousness—the tight weave between reason and emotion and between stimulus and response in the moment and over a life. One by one, Sapolsky takes out all the major arguments for free will, cutting a path through the thickets of chaos theory and quantum physics. But as Sapolsky acknowledges, it’s sometimes impossible to uncouple from our zeal to judge people, including ourselves. Determined applies this new understanding to some of our most essential questions around punishment, morality, and living well together. Most of all, Sapolsky argues that while accepting the reality about free will is monumentally difficult, it will make for a much more humane world.","[{'type': 'ISBN_13', 'identifier': '9780525560975'}, {'type': 'ISBN_10', 'identifier': '0525560971'}]","{'text': False, 'image': False}",529.0,BOOK,['Science'],NOT_MATURE,False,1.5.2.0.preview.0,"{'containsEpubBubbles': False, 'containsImageBubbles': False}","{'smallThumbnail': 'http://books.google.com/books/content?id=oAGoEAAAQBAJ&printsec=frontcover&img=1&zoom=5&edge=curl&source=gbs_api', 'thumbnail': 'http://books.google.com/books/content?id=oAGoEAAAQBAJ&printsec=frontcover&img=1&zoom=1&edge=curl&source=gbs_api'}",en,http://books.google.com/books?id=oAGoEAAAQBAJ&printsec=frontcover&dq=isbn:9780525560975&hl=&cd=1&source=gbs_api,http://books.google.com/books?id=oAGoEAAAQBAJ&dq=isbn:9780525560975&hl=&source=gbs_api,https://books.google.com/books/about/Determined.html?hl=&id=oAGoEAAAQBAJ,A Science of Life without Free Will,,,9780525560975,0525560971,,http://books.google.com/books/content?id=oAGoEAAAQBAJ&printsec=frontcover&img=1&zoom=5&edge=curl&source=gbs_api,http://books.google.com/books/content?id=oAGoEAAAQBAJ&printsec=frontcover&img=1&zoom=1&edge=curl&source=gbs_api
79,9780670018703,City of Thieves,David Benioff,2023-11-22,2023-12-09,2023,True,City of Thieves,['David Benioff'],Penguin,2008,"Documenting his grandparents' experiences during the siege of Leningrad, a young writer learns his grandfather's story about how a military deserter and he tried to secure pardons by gathering hard-to-find ingredients for a powerful colonel's daughter's wedding cake.","[{'type': 'ISBN_10', 'identifier': '0670018708'}, {'type': 'ISBN_13', 'identifier': '9780670018703'}]","{'text': False, 'image': False}",280.0,BOOK,['Fiction'],NOT_MATURE,False,0.4.4.0.preview.0,"{'containsEpubBubbles': False, 'containsImageBubbles': False}","{'smallThumbnail': 'http://books.google.com/books/content?id=4ljana-KhaMC&printsec=frontcover&img=1&zoom=5&edge=curl&source=gbs_api', 'thumbnail': 'http://books.google.com/books/content?id=4ljana-KhaMC&printsec=frontcover&img=1&zoom=1&edge=curl&source=gbs_api'}",en,http://books.google.com/books?id=4ljana-KhaMC&printsec=frontcover&dq=isbn:9780670018703&hl=&cd=1&source=gbs_api,http://books.google.com/books?id=4ljana-KhaMC&dq=isbn:9780670018703&hl=&source=gbs_api,https://books.google.com/books/about/City_of_Thieves.html?hl=&id=4ljana-KhaMC,A Novel,4.5,18.0,9780670018703,0670018708,,http://books.google.com/books/content?id=4ljana-KhaMC&printsec=frontcover&img=1&zoom=5&edge=curl&source=gbs_api,http://books.google.com/books/content?id=4ljana-KhaMC&printsec=frontcover&img=1&zoom=1&edge=curl&source=gbs_api
74,9780593443811,Number Go Up: Inside Crypto's Wild Rise and Staggering Fall,Zeke Faux,2023-11-26,2023-12-18,2023,True,Number Go Up,['Zeke Faux'],Crown Currency,2023-09-12,"The “rollicking” (The Economist), “masterfully written” (The Washington Post) account of the crypto delusion, and how Sam Bankman-Fried and a cast of fellow nerds and hustlers turned useless virtual coins into trillions of dollars—hailed by Ezra Klein in The New York Times as one of the “Books That Explain Where We Are” FINALIST: the Edgar Award (Fact Crime), the Macavity Award (Nonfiction), the Porchlight Business Book Award, the SABEW Best in Business Book Award A BEST BOOK OF THE YEAR: The New York Times DealBook, The Washington Post, Los Angeles Times, Financial Times, The Globe and Mail, Irish Examiner, Morningstar, The Verge, Wired In 2021 cryptocurrency went mainstream. Giant investment funds were buying it, celebrities like Tom Brady endorsed it, and TV ads hailed it as the future of money. Hardly anyone knew how it worked—but why bother with the particulars when everyone was making a fortune from Dogecoin, Shiba Inu, or some other bizarrely named “digital asset”? As he observed this frenzy, investigative reporter Zeke Faux had a nagging question: Was it all just a confidence game of epic proportions? What started as curiosity—with a dash of FOMO—would morph into a two-year, globe-spanning quest to understand the wizards behind the world’s new financial machinery. Faux’s investigation would lead him to a schlubby, frizzy-haired twenty-nine-year-old named Sam Bankman-Fried (SBF for short) and a host of other crypto scammers, utopians, and overnight billionaires. Faux follows the trail to a luxury resort in the Bahamas, where SBF boldly declares that he will use his crypto fortune to save the world. Faux talks his way onto the yacht of a former child actor turned crypto impresario and gains access to “ApeFest,” an elite party headlined by Snoop Dogg, by purchasing a $20,000 image of a cartoon monkey. In El Salvador, Faux learns what happens when a country wagers its treasury on Bitcoin, and in the Philippines, he stumbles upon a Pokémon knockoff mobile game touted by boosters as a cure for poverty. And in an astonishing development, a spam text leads Faux to Cambodia, where he uncovers a crypto-powered human-trafficking ring. When the bubble suddenly bursts in 2022, Faux brings readers inside SBF’s penthouse as the fallen crypto king faces his imminent arrest. Fueled by the absurd details and authoritative reporting that earned Zeke Faux the accolade “our great poet of crime” (Money Stuff columnist Matt Levine), Number Go Up is the essential chronicle, by turns harrowing and uproarious, of a $3 trillion financial delusion.","[{'type': 'ISBN_13', 'identifier': '9780593443811'}, {'type': 'ISBN_10', 'identifier': '0593443810'}]","{'text': False, 'image': False}",313.0,BOOK,['Business & Economics'],NOT_MATURE,False,1.3.1.0.preview.0,"{'containsEpubBubbles': False, 'containsImageBubbles': False}","{'smallThumbnail': 'http://books.google.com/books/content?id=7pu1EAAAQBAJ&printsec=frontcover&img=1&zoom=5&edge=curl&source=gbs_api', 'thumbnail': 'http://books.google.com/books/content?id=7pu1EAAAQBAJ&printsec=frontcover&img=1&zoom=1&edge=curl&source=gbs_api'}",en,http://books.google.com/books?id=7pu1EAAAQBAJ&printsec=frontcover&dq=isbn:9780593443811&hl=&cd=1&source=gbs_api,http://books.google.com/books?id=7pu1EAAAQBAJ&dq=isbn:9780593443811&hl=&source=gbs_api,https://books.google.com/books/about/Number_Go_Up.html?hl=&id=7pu1EAAAQBAJ,Inside Crypto's Wild Rise and Staggering Fall,,,9780593443811,0593443810,,http://books.google.com/books/content?id=7pu1EAAAQBAJ&printsec=frontcover&img=1&zoom=5&edge=curl&source=gbs_api,http://books.google.com/books/content?id=7pu1EAAAQBAJ&printsec=frontcover&img=1&zoom=1&edge=curl&source=gbs_api
73,9780140189445,Humboldt's Gift,Saul Bellow,2023-12-01,2023-12-17,2023,True,Humboldt's Gift,['Saul Bellow'],Penguin,1996,"Charlie Citrine, suffering from steadily worsening troubles with women, career, and life, receives unexpected aid in the form of a belated bequest from his onetime friend and mentor, the poet Von Humboldt Fleisher.","[{'type': 'ISBN_10', 'identifier': '0140189440'}, {'type': 'ISBN_13', 'identifier': '9780140189445'}]","{'text': False, 'image': False}",500.0,BOOK,['Fiction'],NOT_MATURE,False,0.4.4.0.preview.0,"{'containsEpubBubbles': False, 'containsImageBubbles': False}","{'smallThumbnail': 'http://books.google.com/books/content?id=r0bFQu7Y6SIC&printsec=frontcover&img=1&zoom=5&edge=curl&source=gbs_api', 'thumbnail': 'http://books.google.com/books/content?id=r0bFQu7Y6SIC&printsec=frontcover&img=1&zoom=1&edge=curl&source=gbs_api'}",en,http://books.google.com/books?id=r0bFQu7Y6SIC&printsec=frontcover&dq=isbn:9780140189445&hl=&cd=1&source=gbs_api,http://books.google.com/books?id=r0bFQu7Y6SIC&dq=isbn:9780140189445&hl=&source=gbs_api,https://books.google.com/books/about/Humboldt_s_Gift.html?hl=&id=r0bFQu7Y6SIC,,4.0,5.0,9780140189445,0140189440,,http://books.google.com/books/content?id=r0bFQu7Y6SIC&printsec=frontcover&img=1&zoom=5&edge=curl&source=gbs_api,http://books.google.com/books/content?id=r0bFQu7Y6SIC&printsec=frontcover&img=1&zoom=1&edge=curl&source=gbs_api
22,9780817361068,Learning from Birmingham: A Journey into History and Home,Julie Buckner Armstrong,2023-12-09,2023-12-31,2023,True,Learning from Birmingham,['Julie Buckner Armstrong'],University of Alabama Press,2023-05-22,""" 'As Birmingham goes, so goes the nation,' Fred Shuttlesworth observed when he invited Martin Luther King Jr. to the city for the transformative protests of 1963. From the height of the civil rights movement through its long aftermath, the images of police dogs and fire hoses turned against protestors, and the four girls murdered when Ku Klux Klan members bombed the Sixteenth Street Baptist Church, made the city an uncomfortable racial mirror for the nation. But like many white people who came of age in the civil rights movement's wake, Julie Buckner Armstrong knew little about her hometown's history growing up with her single, working class mother in 1960s and 70s. It was only after moving away and discovering writers like Toni Morrison and Alice Walker that she began to realize that her hometown and her family were part of a larger story of racial injustice and struggle. In recent years, however, Birmingham has rebranded itself as a vibrant, diverse destination for civil rights heritage tourism. Former sites of violence have been transformed into a large moving National Park Service memorial complex that includes a museum, public art, churches, and multiple walking tours. But beyond the tourist map, one can see in Birmingham--just like Anytown, USA--a new Jim Crow reemerging in the place where the old one supposedly died. Returning home decades later to care for her aging mother, Shuttlesworth's admonition rang in her mind. By then an accomplished scholar and civil rights educator, Armstrong found herself pondering the lessons Birmingham has for America in the twenty-first century, where a 2014 Teaching Tolerance report characterized a common understanding of the civil rights movement in ""two names and four words: Martin Luther King Jr, Rosa Parks, and 'I have a dream.'"" Seeking to better understand her hometown's complicated history, its connection to other stories of oppression and resistance, and her own place in relation to it, Armstrong embarked on a journey to unravel the standard Birmingham narrative to see what she would find instead. Beginning at the center, with her family's arrival in 1947 in a neighborhood near the color line, within earshot of what would become known as Dynamite Hill, Armstrong works her way out in time and across the map. Pulling at strings and weaving in the personal stories of her white working-class family, classmates, and other local characters not traditionally associated with Birmingham's civil rights history, she expands the cast and forges connections between the stories that have been told about Birmingham as well as those that haven't. From a ""funny"" cousin whose closeted community was also targeted by Bull Conner's police force to an aunt who served on the jury that finally convicted Robert Chambliss of murdering Denise McNair, Armstrong combines intimate personal stories, archival research, and cultural geography to reframe the lessons of Birmingham through the intersections of race, class, gender, faith, education, culture, place, and mobility. The result is more than a pageant of Birmingham and its people; it's also a portrait of Birmingham rendered on the ground over time--as seen in old plantations, in segregated neighborhoods, across contested boundary lines, over mountains, along increasingly polluted waterways, under the gaze of Vulcan, beneath airport runways, on the highways cutting through and running out of town. In her search for truth and beauty in the veins of Birmingham, Armstrong draws on the powers of place and storytelling to dig into the cracks, complicating the easy narrative of Black triumph and overcoming. Among other discoveries found in the mirror, Armstrong finds a white America that, for too long, has failed to recognize itself in the horrific stories and symbols from Birmingham's past or accept the continuing inequalities from which it unfairly benefits. A literary scholar, Armstrong observes that ""many of the best writings on civil rights and race relations describe racism as a wound, a poison, or a sickness--without offering easy prescriptions."" Citing James Baldwin, Armstrong knows stories have the power to touch the human heart but warns that resistance to injustice only begins there. Once engaged, it is up to each of us to look again and consider what our stories really reveal about the world and ourselves. In ""Learning From Birmingham,"" Armstrong reminds us that the stories of civil rights, structural oppression, privilege (whether intentional or unconscious), abuse, and inequity are difficult and complicated, but that their telling, especially from multiple stakeholder perspectives, is absolutely necessary""--","[{'type': 'ISBN_13', 'identifier': '9780817361068'}, {'type': 'ISBN_10', 'identifier': '0817361065'}]","{'text': False, 'image': True}",237.0,BOOK,['Biography & Autobiography'],NOT_MATURE,False,0.1.2.0.preview.1,"{'containsEpubBubbles': False, 'containsImageBubbles': False}","{'smallThumbnail': 'http://books.google.com/books/content?id=DdmuEAAAQBAJ&printsec=frontcover&img=1&zoom=5&edge=curl&source=gbs_api', 'thumbnail': 'http://books.google.com/books/content?id=DdmuEAAAQBAJ&printsec=frontcover&img=1&zoom=1&edge=curl&source=gbs_api'}",en,http://books.google.com/books?id=DdmuEAAAQBAJ&printsec=frontcover&dq=isbn:9780817361068&hl=&cd=1&source=gbs_api,http://books.google.com/books?id=DdmuEAAAQBAJ&dq=isbn:9780817361068&hl=&source=gbs_api,https://books.google.com/books/about/Learning_from_Birmingham.html?hl=&id=DdmuEAAAQBAJ,A Journey Into History and Home,,,9780817361068,0817361065,,http://books.google.com/books/content?id=DdmuEAAAQBAJ&printsec=frontcover&img=1&zoom=5&edge=curl&source=gbs_api,http://books.google.com/books/content?id=DdmuEAAAQBAJ&printsec=frontcover&img=1&zoom=1&edge=curl&source=gbs_api
75,9780385352031,"Thirteen Days in September: Carter, Begin, and Sadat at Camp David",Lawrence Wright,2023-12-18,2023-12-23,2023,True,Thirteen Days in September,['Lawrence Wright'],Knopf,2014,"Presents a day-by-day account of the 1978 Camp David conference, when President Jimmy Carter convinced Israel and Egypt to sign a peace treaty--the first treaty in the modern Middle East.","[{'type': 'ISBN_10', 'identifier': '0385352034'}, {'type': 'ISBN_13', 'identifier': '9780385352031'}]","{'text': False, 'image': False}",345.0,BOOK,['History'],NOT_MATURE,False,preview-1.0.0,"{'containsEpubBubbles': False, 'containsImageBubbles': False}","{'smallThumbnail': 'http://books.google.com/books/content?id=KanqoAEACAAJ&printsec=frontcover&img=1&zoom=5&source=gbs_api', 'thumbnail': 'http://books.google.com/books/content?id=KanqoAEACAAJ&printsec=frontcover&img=1&zoom=1&source=gbs_api'}",en,http://books.google.com/books?id=KanqoAEACAAJ&dq=isbn:9780385352031&hl=&cd=1&source=gbs_api,http://books.google.com/books?id=KanqoAEACAAJ&dq=isbn:9780385352031&hl=&source=gbs_api,https://books.google.com/books/about/Thirteen_Days_in_September.html?hl=&id=KanqoAEACAAJ,"Carter, Begin, and Sadat at Camp David",,,9780385352031,0385352034,,http://books.google.com/books/content?id=KanqoAEACAAJ&printsec=frontcover&img=1&zoom=5&source=gbs_api,http://books.google.com/books/content?id=KanqoAEACAAJ&printsec=frontcover&img=1&zoom=1&source=gbs_api
76,9780525564454,The Myth of Sisyphus and Other Essays,Albert Camus,2023-12-23,2023-12-26,2023,True,The Myth of Sisyphus,['Albert Camus'],Vintage,2018-11-06,"A Nobel Prize-winning author delivers one of the most influential works of the twentieth century, showing a way out of despair and reaffirming the value of existence. Influenced by works such as Don Juan and the novels of Kafka, these essays begin with a meditation on suicide—the question of living or not living in a universe devoid of order or meaning. With lyric eloquence, Albert Camus brilliantly presents a crucial exposition of existentialist thought.","[{'type': 'ISBN_13', 'identifier': '9780525564454'}, {'type': 'ISBN_10', 'identifier': '0525564454'}]","{'text': False, 'image': False}",162.0,BOOK,['Literary Collections'],NOT_MATURE,False,0.4.0.0.preview.0,"{'containsEpubBubbles': False, 'containsImageBubbles': False}","{'smallThumbnail': 'http://books.google.com/books/content?id=Xmp0DwAAQBAJ&printsec=frontcover&img=1&zoom=5&edge=curl&source=gbs_api', 'thumbnail': 'http://books.google.com/books/content?id=Xmp0DwAAQBAJ&printsec=frontcover&img=1&zoom=1&edge=curl&source=gbs_api'}",en,http://books.google.com/books?id=Xmp0DwAAQBAJ&printsec=frontcover&dq=isbn:9780525564454&hl=&cd=1&source=gbs_api,http://books.google.com/books?id=Xmp0DwAAQBAJ&dq=isbn:9780525564454&hl=&source=gbs_api,https://books.google.com/books/about/The_Myth_of_Sisyphus.html?hl=&id=Xmp0DwAAQBAJ,,,,9780525564454,0525564454,,http://books.google.com/books/content?id=Xmp0DwAAQBAJ&printsec=frontcover&img=1&zoom=5&edge=curl&source=gbs_api,http://books.google.com/books/content?id=Xmp0DwAAQBAJ&printsec=frontcover&img=1&zoom=1&edge=curl&source=gbs_api
77,9780679785897,Fear and Loathing in Las Vegas: A Savage Journey to the Heart of the American Dream,Hunter S. Thompson,2023-12-28,2023-12-31,2023,True,Fear and Loathing in Las Vegas,['Hunter S. Thompson'],Vintage,1998-05-12,"50th Anniversary Edition • With an introduction by Caity Weaver, acclaimed New York Times journalist This cult classic of gonzo journalism is the best chronicle of drug-soaked, addle-brained, rollicking good times ever committed to the printed page. It is also the tale of a long weekend road trip that has gone down in the annals of American pop culture as one of the strangest journeys ever undertaken. Also a major motion picture directed by Terry Gilliam, starring Johnny Depp and Benicio del Toro.","[{'type': 'ISBN_13', 'identifier': '9780679785897'}, {'type': 'ISBN_10', 'identifier': '0679785892'}]","{'text': False, 'image': False}",225.0,BOOK,['Biography & Autobiography'],NOT_MATURE,False,0.6.1.0.preview.0,"{'containsEpubBubbles': False, 'containsImageBubbles': False}","{'smallThumbnail': 'http://books.google.com/books/content?id=VN-JDQAAQBAJ&printsec=frontcover&img=1&zoom=5&edge=curl&source=gbs_api', 'thumbnail': 'http://books.google.com/books/content?id=VN-JDQAAQBAJ&printsec=frontcover&img=1&zoom=1&edge=curl&source=gbs_api'}",en,http://books.google.com/books?id=VN-JDQAAQBAJ&printsec=frontcover&dq=isbn:9780679785897&hl=&cd=1&source=gbs_api,http://books.google.com/books?id=VN-JDQAAQBAJ&dq=isbn:9780679785897&hl=&source=gbs_api,https://books.google.com/books/about/Fear_and_Loathing_in_Las_Vegas.html?hl=&id=VN-JDQAAQBAJ,A Savage Journey to the Heart of the American Dream,,,9780679785897,0679785892,,http://books.google.com/books/content?id=VN-JDQAAQBAJ&printsec=frontcover&img=1&zoom=5&edge=curl&source=gbs_api,http://books.google.com/books/content?id=VN-JDQAAQBAJ&printsec=frontcover&img=1&zoom=1&edge=curl&source=gbs_api
78,9780593557945,No One Goes Alone,Erik Larson,2024-01-01,2024-01-04,2024,True,No One Goes Alone,['Erik Larson'],National Geographic Books,2021-09-28,"A group of researchers sets sail for the Isle of Dorn in the North Atlantic in 1905 to explore the cause of several mysterious disappearances, most notably a family of four who vanished without a trace after a week-long holiday on the island. Led by Professor James, a prominent member of the Society for Psychical Research, they begin to explore the island's sole cottage and surrounding landscape in search of a logical explanation. The idyllic setting belies an undercurrent of danger and treachery, with raging storms and unnerving discoveries adding to the sense of menace. As increasingly unexplainable events unfold, the now-stranded investigators are unsure whether they can trust their own eyes, their instincts, one another, or even themselves.","[{'type': 'ISBN_13', 'identifier': '9780593557945'}, {'type': 'ISBN_10', 'identifier': '0593557948'}]","{'text': True, 'image': False}",266.4422304785569,BOOK,['Fiction'],NOT_MATURE,False,preview-1.0.0,"{'containsEpubBubbles': False, 'containsImageBubbles': False}","{'smallThumbnail': 'http://books.google.com/books/content?id=mJqOEAAAQBAJ&printsec=frontcover&img=1&zoom=5&source=gbs_api', 'thumbnail': 'http://books.google.com/books/content?id=mJqOEAAAQBAJ&printsec=frontcover&img=1&zoom=1&source=gbs_api'}",en,http://books.google.com/books?id=mJqOEAAAQBAJ&dq=isbn:9780593557945&hl=&cd=1&source=gbs_api,http://books.google.com/books?id=mJqOEAAAQBAJ&dq=isbn:9780593557945&hl=&source=gbs_api,https://books.google.com/books/about/No_One_Goes_Alone.html?hl=&id=mJqOEAAAQBAJ,A Novel,,,9780593557945,0593557948,,http://books.google.com/books/content?id=mJqOEAAAQBAJ&printsec=frontcover&img=1&zoom=5&source=gbs_api,http://books.google.com/books/content?id=mJqOEAAAQBAJ&printsec=frontcover&img=1&zoom=1&source=gbs_api
9,9780544839618,Shift (Silo Trilogy #2),Hugh Howey,2024-01-04,2024-02-13,2024,True,Shift,['Hugh Howey'],William Morrow,2016,"In 2007, the Center for Automation in Nanobiotech (CAN) outlined the hardware and software platforms that would one day allow robots smaller than human cells to make medical diagnoses, conduct repairs, and even self-propagate. In the same year, the CBS network re-aired a program about the effects of propranolol on sufferers of extreme trauma. A simple pill, it had been discovered, could wipe out the memory of any traumatic event. At almost the same moment in humanity's broad history, mankind discovered the means for bringing about its utter downfall. And the ability to forget it ever happened. This is the second volume in the New York Times best-selling Wool series.","[{'type': 'ISBN_13', 'identifier': '9780544839618'}, {'type': 'ISBN_10', 'identifier': '0544839617'}]","{'text': False, 'image': True}",579.0,BOOK,['Fiction'],NOT_MATURE,False,0.2.2.0.preview.1,"{'containsEpubBubbles': False, 'containsImageBubbles': False}","{'smallThumbnail': 'http://books.google.com/books/content?id=5EjnDwAAQBAJ&printsec=frontcover&img=1&zoom=5&edge=curl&source=gbs_api', 'thumbnail': 'http://books.google.com/books/content?id=5EjnDwAAQBAJ&printsec=frontcover&img=1&zoom=1&edge=curl&source=gbs_api'}",en,http://books.google.com/books?id=5EjnDwAAQBAJ&printsec=frontcover&dq=isbn:9780544839618&hl=&cd=1&source=gbs_api,http://books.google.com/books?id=5EjnDwAAQBAJ&dq=isbn:9780544839618&hl=&source=gbs_api,https://books.google.com/books/about/Shift.html?hl=&id=5EjnDwAAQBAJ,,,,9780544839618,0544839617,,http://books.google.com/books/content?id=5EjnDwAAQBAJ&printsec=frontcover&img=1&zoom=5&edge=curl&source=gbs_api,http://books.google.com/books/content?id=5EjnDwAAQBAJ&printsec=frontcover&img=1&zoom=1&edge=curl&source=gbs_api
40,9781439107959,The Emperor of All Maladies: A Biography of Cancer,Siddhartha Mukherjee,2024-01-05,2024-09-05,2024,True,The Emperor of All Maladies,['Siddhartha Mukherjee'],Scribner Book Company,2010-11-16,"A historical assessment of cancer addresses both the courageous battles against the complex disease and the misperceptions and hubris that have compromised modern understandings, providing coverage of such topics as ancient-world surgeries and the developments of present-day treatments.","[{'type': 'ISBN_10', 'identifier': '1439107955'}, {'type': 'ISBN_13', 'identifier': '9781439107959'}]","{'text': False, 'image': False}",571.0,BOOK,['Biography & Autobiography'],NOT_MATURE,False,preview-1.0.0,,"{'smallThumbnail': 'http://books.google.com/books/content?id=GjDnnQEACAAJ&printsec=frontcover&img=1&zoom=5&source=gbs_api', 'thumbnail': 'http://books.google.com/books/content?id=GjDnnQEACAAJ&printsec=frontcover&img=1&zoom=1&source=gbs_api'}",en,http://books.google.com/books?id=GjDnnQEACAAJ&dq=isbn:9781439107959&hl=&cd=1&source=gbs_api,http://books.google.com/books?id=GjDnnQEACAAJ&dq=isbn:9781439107959&hl=&source=gbs_api,https://books.google.com/books/about/The_Emperor_of_All_Maladies.html?hl=&id=GjDnnQEACAAJ,A Biography of Cancer,,,9781439107959,1439107955,,http://books.google.com/books/content?id=GjDnnQEACAAJ&printsec=frontcover&img=1&zoom=5&source=gbs_api,http://books.google.com/books/content?id=GjDnnQEACAAJ&printsec=frontcover&img=1&zoom=1&source=gbs_api
53,9780375414954,Bridge of Sighs,Richard Russo,2024-01-11,2024-01-19,2024,True,Bridge of Sighs,['Richard Russo'],Knopf,2007,"After sixty years of living in the upstate New York town of Thomaston, Louis Charles and his wife of forty years, Sarah, prepare for a trip to Italy to visit Louis' childhood friend, an artist who had fled his hometown many years earlier.","[{'type': 'OTHER', 'identifier': 'UCSC:32106018987245'}]","{'text': False, 'image': False}",544.0,BOOK,['Fiction'],NOT_MATURE,False,0.5.1.0.preview.0,"{'containsEpubBubbles': False, 'containsImageBubbles': False}","{'smallThumbnail': 'http://books.google.com/books/content?id=FyaxAAAAIAAJ&printsec=frontcover&img=1&zoom=5&source=gbs_api', 'thumbnail': 'http://books.google.com/books/content?id=FyaxAAAAIAAJ&printsec=frontcover&img=1&zoom=1&source=gbs_api'}",en,http://books.google.com/books?id=FyaxAAAAIAAJ&dq=isbn:9780375414954&hl=&cd=1&source=gbs_api,http://books.google.com/books?id=FyaxAAAAIAAJ&dq=isbn:9780375414954&hl=&source=gbs_api,https://books.google.com/books/about/Bridge_of_Sighs.html?hl=&id=FyaxAAAAIAAJ,,3.0,2.0,,,UCSC:32106018987245,http://books.google.com/books/content?id=FyaxAAAAIAAJ&printsec=frontcover&img=1&zoom=5&source=gbs_api,http://books.google.com/books/content?id=FyaxAAAAIAAJ&printsec=frontcover&img=1&zoom=1&source=gbs_api
52,9780374601188,"Fancy Bear Goes Phishing: The Dark History of the Information Age, in Five Extraordinary Hacks",Scott J. Shapiro,2024-01-20,2024-02-10,2024,True,Fancy Bear Goes Phishing,['Scott J. Shapiro'],"Farrar, Straus and Giroux",2023-05-23,"“Unsettling, absolutely riveting, and—for better or worse—necessary reading.” —Brian Christian, author of Algorithms to Live By and The Alignment Problem An entertaining account of the philosophy and technology of hacking—and why we all need to understand it. It’s a signal paradox of our times that we live in an information society but do not know how it works. And without understanding how our information is stored, used, and protected, we are vulnerable to having it exploited. In Fancy Bear Goes Phishing, Scott J. Shapiro draws on his popular Yale University class about hacking to expose the secrets of the digital age. With lucidity and wit, he establishes that cybercrime has less to do with defective programming than with the faulty wiring of our psyches and society. And because hacking is a human-interest story, he tells the fascinating tales of perpetrators, including Robert Morris Jr., the graduate student who accidentally crashed the internet in the 1980s, and the Bulgarian “Dark Avenger,” who invented the first mutating computer-virus engine. We also meet a sixteen-year-old from South Boston who took control of Paris Hilton’s cell phone, the Russian intelligence officers who sought to take control of a US election, and others. In telling their stories, Shapiro exposes the hackers’ tool kits and gives fresh answers to vital questions: Why is the internet so vulnerable? What can we do in response? Combining the philosophical adventure of Gödel, Escher, Bach with dramatic true-crime narrative, the result is a lively and original account of the future of hacking, espionage, and war, and of how to live in an era of cybercrime. Includes black-and-white images","[{'type': 'ISBN_13', 'identifier': '9780374601188'}, {'type': 'ISBN_10', 'identifier': '0374601186'}]","{'text': True, 'image': False}",258.0,BOOK,['Computers'],NOT_MATURE,True,1.9.9.0.preview.2,"{'containsEpubBubbles': False, 'containsImageBubbles': False}","{'smallThumbnail': 'http://books.google.com/books/content?id=Q5qDEAAAQBAJ&printsec=frontcover&img=1&zoom=5&edge=curl&source=gbs_api', 'thumbnail': 'http://books.google.com/books/content?id=Q5qDEAAAQBAJ&printsec=frontcover&img=1&zoom=1&edge=curl&source=gbs_api'}",en,http://books.google.com/books?id=Q5qDEAAAQBAJ&printsec=frontcover&dq=isbn:9780374601188&hl=&cd=1&source=gbs_api,https://play.google.com/store/books/details?id=Q5qDEAAAQBAJ&source=gbs_api,https://play.google.com/store/books/details?id=Q5qDEAAAQBAJ,"The Dark History of the Information Age, in Five Extraordinary Hacks",,,9780374601188,0374601186,,http://books.google.com/books/content?id=Q5qDEAAAQBAJ&printsec=frontcover&img=1&zoom=5&edge=curl&source=gbs_api,http://books.google.com/books/content?id=Q5qDEAAAQBAJ&printsec=frontcover&img=1&zoom=1&edge=curl&source=gbs_api
46,9780375414046,"The Arc of a Covenant: The United States, Israel, and the Fate of the Jewish People",Walter Russell Mead,2024-02-04,2024-06-12,2024,True,The Arc of a Covenant,['Walter Russell Mead'],Knopf,2022-07-05,"A NEW YORK TIMES BEST BOOK OF THE YEAR • A groundbreaking work that overturns the conventional understanding of the Israeli-American relationship and, in doing so, explores how fundamental debates about American identity drive our country's foreign policy. “A sweeping and masterfully told history""—The New York Times In this bold examination of the Israeli-American relationship, Walter Russell Mead demolishes the myths that both pro-Zionists and anti-Zionists have fostered over the years. He makes clear that Zionism has always been a divisive subject in the American Jewish community, and that American Christians have often been the most fervent supporters of a Jewish state, citing examples from the time of J.P. Morgan and John D. Rockefeller to the present day. He spotlights the almost forgotten story of left-wing support for Zionism, arguing that Eleanor Roosevelt and liberal New Dealers had more influence on President Truman's Israel policy than the American Jewish community--and that Stalin's influence was more decisive than Truman's in Israel's struggle for independence. Mead shows how Israel's rise in the Middle East helped kindle both the modern evangelical movement and the Sunbelt coalition that carried Reagan into the White House. Highlighting the real sources of Israel's support across the American political spectrum, he debunks the legend of the so-called ""Israel lobby."" And, he describes the aspects of American culture that make it hostile to anti-Semitism and warns about the danger to that tradition of tolerance as our current culture wars heat up. With original analysis and in lively prose, Mead illuminates the American-Israeli relationship, how it affects contemporary politics, and how it will influence the future of both that relationship and American life.","[{'type': 'ISBN_13', 'identifier': '9780375414046'}, {'type': 'ISBN_10', 'identifier': '0375414045'}]","{'text': False, 'image': False}",681.0,BOOK,['Political Science'],NOT_MATURE,False,0.1.2.0.preview.0,"{'containsEpubBubbles': False, 'containsImageBubbles': False}","{'smallThumbnail': 'http://books.google.com/books/content?id=54VzEAAAQBAJ&printsec=frontcover&img=1&zoom=5&edge=curl&source=gbs_api', 'thumbnail': 'http://books.google.com/books/content?id=54VzEAAAQBAJ&printsec=frontcover&img=1&zoom=1&edge=curl&source=gbs_api'}",en,http://books.google.com/books?id=54VzEAAAQBAJ&printsec=frontcover&dq=isbn:9780375414046&hl=&cd=1&source=gbs_api,http://books.google.com/books?id=54VzEAAAQBAJ&dq=isbn:9780375414046&hl=&source=gbs_api,https://books.google.com/books/about/The_Arc_of_a_Covenant.html?hl=&id=54VzEAAAQBAJ,"The United States, Israel, and the Fate of the Jewish People",,,9780375414046,0375414045,,http://books.google.com/books/content?id=54VzEAAAQBAJ&printsec=frontcover&img=1&zoom=5&edge=curl&source=gbs_api,http://books.google.com/books/content?id=54VzEAAAQBAJ&printsec=frontcover&img=1&zoom=1&edge=curl&source=gbs_api
51,9780374603397,Cult Classic,Sloane Crosley,2024-02-10,2024-03-03,2024,True,Cult Classic,['Sloane Crosley'],MCD,2022-06-07,"""From New York Times bestselling author and Thurber Prize finalist Sloane Crosley, Cult Classic is a twisted mystery on the metaphysics of modern love, memory, and mind control in the city""--","[{'type': 'ISBN_13', 'identifier': '9780374603397'}, {'type': 'ISBN_10', 'identifier': '0374603391'}]","{'text': True, 'image': False}",304.0,BOOK,['Fiction'],NOT_MATURE,False,preview-1.0.0,"{'containsEpubBubbles': False, 'containsImageBubbles': False}","{'smallThumbnail': 'http://books.google.com/books/content?id=PeVOEAAAQBAJ&printsec=frontcover&img=1&zoom=5&source=gbs_api', 'thumbnail': 'http://books.google.com/books/content?id=PeVOEAAAQBAJ&printsec=frontcover&img=1&zoom=1&source=gbs_api'}",en,http://books.google.com/books?id=PeVOEAAAQBAJ&dq=isbn:9780374603397&hl=&cd=1&source=gbs_api,http://books.google.com/books?id=PeVOEAAAQBAJ&dq=isbn:9780374603397&hl=&source=gbs_api,https://books.google.com/books/about/Cult_Classic.html?hl=&id=PeVOEAAAQBAJ,A Novel,,,9780374603397,0374603391,,http://books.google.com/books/content?id=PeVOEAAAQBAJ&printsec=frontcover&img=1&zoom=5&source=gbs_api,http://books.google.com/books/content?id=PeVOEAAAQBAJ&printsec=frontcover&img=1&zoom=1&source=gbs_api
50,9780679751526,Midnight in the Garden of Good and Evil,John Berendt,2024-03-04,2024-03-09,2024,True,Midnight in the Garden of Good and Evil,['John Berendt'],National Geographic Books,1999-06-28,"NATIONAL BESTSELLER • “Elegant and wicked.... [This] might be the first true-crime book that makes the reader want to book a bed and breakfast for an extended weekend at the scene of the crime."" —The New York Times Book Review Shots rang out in Savannah's grandest mansion in the misty,early morning hours of May 2, 1981. Was it murder or self-defense? For nearly a decade, the shooting and its aftermath reverberated throughout this hauntingly beautiful city of moss-hung oaks and shaded squares. John Berendt's sharply observed, suspenseful, and witty narrative reads like a thoroughly engrossing novel, and yet it is a work of nonfiction. Berendt skillfully interweaves a hugely entertaining first-person account of life in this isolated remnant of the Old South with the unpredictable twists and turns of a landmark murder case. It is a spellbinding story peopled by a gallery of remarkable characters: the well-bred society ladies of the Married Woman's Card Club; the turbulent young redneck gigolo; the hapless recluse who owns a bottle of poison so powerful it could kill every man, woman, and child in Savannah; the aging and profane Southern belle who is the ""soul of pampered self-absorption""; the uproariously funny black drag queen; the acerbic and arrogant antiques dealer; the sweet-talking, piano-playing con artist; young blacks dancing the minuet at the black debutante ball; and Minerva, the voodoo priestess who works her magic in the graveyard at midnight. These and other Savannahians act as a Greek chorus, with Berendt revealing the alliances, hostilities, and intrigues that thrive in a town where everyone knows everyone else. Midnight in the Garden of Good and Evil is a sublime and seductive reading experience. Brilliantly conceived and masterfully written, this enormously engaging portrait of a most beguiling Southern city has become a modern classic.","[{'type': 'ISBN_13', 'identifier': '9780679751526'}, {'type': 'ISBN_10', 'identifier': '0679751521'}]","{'text': True, 'image': False}",400.0,BOOK,['True Crime'],NOT_MATURE,False,preview-1.0.0,"{'containsEpubBubbles': False, 'containsImageBubbles': False}","{'smallThumbnail': 'http://books.google.com/books/content?id=jq-OEAAAQBAJ&printsec=frontcover&img=1&zoom=5&source=gbs_api', 'thumbnail': 'http://books.google.com/books/content?id=jq-OEAAAQBAJ&printsec=frontcover&img=1&zoom=1&source=gbs_api'}",en,http://books.google.com/books?id=jq-OEAAAQBAJ&dq=isbn:9780679751526&hl=&cd=1&source=gbs_api,http://books.google.com/books?id=jq-OEAAAQBAJ&dq=isbn:9780679751526&hl=&source=gbs_api,https://books.google.com/books/about/Midnight_in_the_Garden_of_Good_and_Evil.html?hl=&id=jq-OEAAAQBAJ,,,,9780679751526,0679751521,,http://books.google.com/books/content?id=jq-OEAAAQBAJ&printsec=frontcover&img=1&zoom=5&source=gbs_api,http://books.google.com/books/content?id=jq-OEAAAQBAJ&printsec=frontcover&img=1&zoom=1&source=gbs_api
49,9781982135225,Darkness at Noon,Arthur Koestler,2024-03-09,2024-04-10,2024,True,Darkness at Noon,['Arthur Koestler'],Simon and Schuster,2019-09-17,"The newly discovered lost text of Arthur Koestler’s modern masterpiece, Darkness at Noon—the haunting portrait of a revolutionary, imprisoned and tortured under totalitarian rule—is now restored and in a completely new translation. Editor Michael Scammell and translator Philip Boehm bring us a brilliant novel, a remarkable discovery, and a new translation of an international classic. In print continually since 1940, Darkness at Noon has been translated into over 30 languages and is both a stirring novel and a classic anti-fascist text. What makes its popularity and tenacity even more remarkable is that all existing versions of Darkness at Noon are based on a hastily made English translation of the original German by a novice translator at the outbreak of World War II. In 2015, Matthias Weßel stumbled across an entry in the archives of the Zurich Central Library that is a scholar's dream: “Koestler, Arthur. Rubaschow: Roman. Typoskript, März 1940, 326 pages.” What he had found was Arthur Koestler’s original, complete German manuscript for what would become Darkness at Noon, thought to have been irrevocably lost in the turmoil of the war. With this stunning literary discovery, and a new English translation direct from the primary German manuscript, we can now for the first time read Darkness at Noon as Koestler wrote it. Set in the 1930s at the height of the purge and show trials of a Stalinist Moscow, Darkness at Noon is a haunting portrait of an aging revolutionary, Nicholas Rubashov, who is imprisoned, tortured, and forced through a series of hearings by the Party to which he has dedicated his life. As the pressure to confess preposterous crimes increases, he re-lives a career that embodies the terrible ironies and betrayals of a merciless totalitarian movement masking itself as an instrument of deliverance. Koestler’s portrayal of Stalin-era totalitarianism and fascism is as chilling and resonant today as it was in the 1940s and during the Cold War. Rubashov’s plight explores the meaning and value of moral choices, the attractions and dangers of idealism, and the corrosiveness of political corruption. Like The Trial, 1984, and Animal Farm, this is a book you should read as a citizen of the world, wherever you are and wherever you come from.","[{'type': 'ISBN_13', 'identifier': '9781982135225'}, {'type': 'ISBN_10', 'identifier': '1982135220'}]","{'text': True, 'image': False}",272.0,BOOK,['Fiction'],NOT_MATURE,True,1.6.5.0.preview.2,"{'containsEpubBubbles': False, 'containsImageBubbles': False}","{'smallThumbnail': 'http://books.google.com/books/content?id=NwuUDwAAQBAJ&printsec=frontcover&img=1&zoom=5&edge=curl&source=gbs_api', 'thumbnail': 'http://books.google.com/books/content?id=NwuUDwAAQBAJ&printsec=frontcover&img=1&zoom=1&edge=curl&source=gbs_api'}",en,http://books.google.com/books?id=NwuUDwAAQBAJ&printsec=frontcover&dq=isbn:9781982135225&hl=&cd=1&source=gbs_api,https://play.google.com/store/books/details?id=NwuUDwAAQBAJ&source=gbs_api,https://play.google.com/store/books/details?id=NwuUDwAAQBAJ,A Novel,,,9781982135225,1982135220,,http://books.google.com/books/content?id=NwuUDwAAQBAJ&printsec=frontcover&img=1&zoom=5&edge=curl&source=gbs_api,http://books.google.com/books/content?id=NwuUDwAAQBAJ&printsec=frontcover&img=1&zoom=1&edge=curl&source=gbs_api
4,9780593536117,Wellness,Nathan  Hill,2024-04-06,2024-04-15,2024,True,Wellness,['Nathan Hill'],Knopf,2023-09-19,"NEW YORK TIMES BESTSELLER • OPRAH’S BOOK CLUB PICK • AN NPR BEST BOOK OF THE YEAR • The New York Times best-selling author of The Nix is back with a poignant and witty novel about a modern marriage and the bonds that keep people together. Mining the absurdities of contemporary society, Wellness reimagines the love story with a healthy dose of insight, irony, and heart. ""A stunning novel about the stories that we tell about our lives and our loves, and how we sustain relationships throughout time—it's beyond remarkable, both funny and heartbreaking, sometimes on the same page.” —NPR When Jack and Elizabeth meet as college students in the gritty '90s Chicago art scene, the two quickly join forces and hold on tight, each eager to claim a place in the thriving underground scene with an appreciative kindred spirit. Fast-forward twenty years to suburban married life, and alongside the challenges of parenting, they encounter the often-baffling pursuits of health and happiness from polyamorous would-be suitors to home-renovation hysteria. For the first time, Jack and Elizabeth struggle to recognize each other, and the no-longer-youthful dreamers are forced to face their demons, from unfulfilled career ambitions to childhood memories of their own dysfunctional families. In the process, Jack and Elizabeth must undertake separate, personal excavations, or risk losing the best thing in their lives: each other.","[{'type': 'ISBN_13', 'identifier': '9780593536117'}, {'type': 'ISBN_10', 'identifier': '0593536118'}]","{'text': True, 'image': False}",624.0,BOOK,['Fiction'],NOT_MATURE,False,preview-1.0.0,"{'containsEpubBubbles': False, 'containsImageBubbles': False}","{'smallThumbnail': 'http://books.google.com/books/content?id=hCykEAAAQBAJ&printsec=frontcover&img=1&zoom=5&source=gbs_api', 'thumbnail': 'http://books.google.com/books/content?id=hCykEAAAQBAJ&printsec=frontcover&img=1&zoom=1&source=gbs_api'}",en,http://books.google.com/books?id=hCykEAAAQBAJ&dq=isbn:9780593536117&hl=&cd=1&source=gbs_api,http://books.google.com/books?id=hCykEAAAQBAJ&dq=isbn:9780593536117&hl=&source=gbs_api,https://books.google.com/books/about/Wellness.html?hl=&id=hCykEAAAQBAJ,A novel,,,9780593536117,0593536118,,http://books.google.com/books/content?id=hCykEAAAQBAJ&printsec=frontcover&img=1&zoom=5&source=gbs_api,http://books.google.com/books/content?id=hCykEAAAQBAJ&printsec=frontcover&img=1&zoom=1&source=gbs_api
5,9781410496065,The Nix,Nathan  Hill,2024-04-10,2024-04-29,2024,True,The Nix,['Nathan Hill'],Thorndike Press Large Print,2017-01-04,"""An epic novel about a son, the mother who left him as a child, and how his search to uncover the secrets of her life leads him to reclaim his own""--","[{'type': 'ISBN_10', 'identifier': '1410496066'}, {'type': 'ISBN_13', 'identifier': '9781410496065'}]","{'text': False, 'image': False}",867.0,BOOK,['Fiction'],NOT_MATURE,False,preview-1.0.0,"{'containsEpubBubbles': False, 'containsImageBubbles': False}","{'smallThumbnail': 'http://books.google.com/books/content?id=fO9evgAACAAJ&printsec=frontcover&img=1&zoom=5&source=gbs_api', 'thumbnail': 'http://books.google.com/books/content?id=fO9evgAACAAJ&printsec=frontcover&img=1&zoom=1&source=gbs_api'}",en,http://books.google.com/books?id=fO9evgAACAAJ&dq=isbn:9781410496065&hl=&cd=1&source=gbs_api,http://books.google.com/books?id=fO9evgAACAAJ&dq=isbn:9781410496065&hl=&source=gbs_api,https://books.google.com/books/about/The_Nix.html?hl=&id=fO9evgAACAAJ,,,,9781410496065,1410496066,,http://books.google.com/books/content?id=fO9evgAACAAJ&printsec=frontcover&img=1&zoom=5&source=gbs_api,http://books.google.com/books/content?id=fO9evgAACAAJ&printsec=frontcover&img=1&zoom=1&source=gbs_api
48,9780316248563,The Caine Mutiny,Herman Wouk,2024-04-29,2024-05-06,2024,True,The Caine Mutiny,['Herman Wouk'],"Little, Brown",2013-01-15,"Winner of the Pulitzer Prize and a perennial favorite of readers young and old, Herman Wouk's masterful World War II drama set aboard a U.S. Navy warship in the Pacific is ""a novel of brilliant virtuosity"" (Times Literary Supplement). Herman Wouk's boldly dramatic, brilliantly entertaining novel of life--and mutiny--on a Navy warship in the Pacific theater was immediately embraced, upon its original publication in 1951, as one of the first serious works of American fiction to grapple with the moral complexities and the human consequences of World War II. In the intervening half century, The Caine Mutiny has sold millions of copies throughout the world, and has achieved the status of a modern classic.","[{'type': 'ISBN_13', 'identifier': '9780316248563'}, {'type': 'ISBN_10', 'identifier': '0316248568'}]","{'text': True, 'image': False}",505.0,BOOK,['Fiction'],NOT_MATURE,True,1.6.7.0.preview.2,"{'containsEpubBubbles': False, 'containsImageBubbles': False}","{'smallThumbnail': 'http://books.google.com/books/content?id=IeMpk51xMFwC&printsec=frontcover&img=1&zoom=5&edge=curl&source=gbs_api', 'thumbnail': 'http://books.google.com/books/content?id=IeMpk51xMFwC&printsec=frontcover&img=1&zoom=1&edge=curl&source=gbs_api'}",en,http://books.google.com/books?id=IeMpk51xMFwC&printsec=frontcover&dq=isbn:9780316248563&hl=&cd=1&source=gbs_api,https://play.google.com/store/books/details?id=IeMpk51xMFwC&source=gbs_api,https://play.google.com/store/books/details?id=IeMpk51xMFwC,A Novel of World War II,,,9780316248563,0316248568,,http://books.google.com/books/content?id=IeMpk51xMFwC&printsec=frontcover&img=1&zoom=5&edge=curl&source=gbs_api,http://books.google.com/books/content?id=IeMpk51xMFwC&printsec=frontcover&img=1&zoom=1&edge=curl&source=gbs_api
27,9780465058792,Endurance: Shackleton's Incredible Voyage,Alfred Lansing,2024-05-09,2024-05-30,2024,True,Endurance,['Alfred Lansing'],Basic Books,2014-04-29,"Experience “one of the best adventure books ever written” (Wall Street Journal) in this New York Times bestseller: the harrowing tale of British explorer Ernest Shackleton's 1914 attempt to reach the South Pole. In August 1914, polar explorer Ernest Shackleton boarded the Endurance and set sail for Antarctica, where he planned to cross the last uncharted continent on foot. In January 1915, after battling its way through a thousand miles of pack ice and only a day's sail short of its destination, the Endurance became locked in an island of ice. Thus began the legendary ordeal of Shackleton and his crew of twenty-seven men. When their ship was finally crushed between two ice floes, they attempted a near-impossible journey over 850 miles of the South Atlantic's heaviest seas to the closest outpost of civilization. In Endurance, the definitive account of Ernest Shackleton's fateful trip, Alfred Lansing brilliantly narrates the harrowing and miraculous voyage that has defined heroism for the modern age.","[{'type': 'ISBN_13', 'identifier': '9780465058792'}, {'type': 'ISBN_10', 'identifier': '0465058795'}]","{'text': True, 'image': False}",412.0,BOOK,['History'],NOT_MATURE,True,5.20.18.0.preview.2,"{'containsEpubBubbles': False, 'containsImageBubbles': False}","{'smallThumbnail': 'http://books.google.com/books/content?id=oDBnAgAAQBAJ&printsec=frontcover&img=1&zoom=5&edge=curl&source=gbs_api', 'thumbnail': 'http://books.google.com/books/content?id=oDBnAgAAQBAJ&printsec=frontcover&img=1&zoom=1&edge=curl&source=gbs_api'}",en,http://books.google.com/books?id=oDBnAgAAQBAJ&printsec=frontcover&dq=isbn:9780465058792&hl=&cd=1&source=gbs_api,https://play.google.com/store/books/details?id=oDBnAgAAQBAJ&source=gbs_api,https://play.google.com/store/books/details?id=oDBnAgAAQBAJ,Shackleton's Incredible Voyage,5.0,2.0,9780465058792,0465058795,,http://books.google.com/books/content?id=oDBnAgAAQBAJ&printsec=frontcover&img=1&zoom=5&edge=curl&source=gbs_api,http://books.google.com/books/content?id=oDBnAgAAQBAJ&printsec=frontcover&img=1&zoom=1&edge=curl&source=gbs_api
47,9780385348751,"The Demon of Unrest: A Saga of Hubris, Heartbreak, and Heroism at the Dawn of the Civil War",Erik Larson,2024-05-30,2024-06-12,2024,True,The Demon of Unrest,['Erik Larson'],Crown,2024-04-30,"#1 NEW YORK TIMES BESTSELLER • The author of The Splendid and the Vile brings to life the pivotal five months between the election of Abraham Lincoln and the start of the Civil War in this “riveting reexamination of a nation in tumult” (Los Angeles Times). “A feast of historical insight and narrative verve . . . This is Erik Larson at his best, enlivening even a thrice-told tale into an irresistible thriller.”—The Wall Street Journal A PARADE BEST BOOK OF THE YEAR On November 6, 1860, Abraham Lincoln became the fluky victor in a tight race for president. The country was bitterly at odds; Southern extremists were moving ever closer to destroying the Union, with one state after another seceding and Lincoln powerless to stop them. Slavery fueled the conflict, but somehow the passions of North and South came to focus on a lonely federal fortress in Charleston Harbor: Fort Sumter. Master storyteller Erik Larson offers a gripping account of the chaotic months between Lincoln’s election and the Confederacy’s shelling of Sumter—a period marked by tragic errors and miscommunications, enflamed egos and craven ambitions, personal tragedies and betrayals. Lincoln himself wrote that the trials of these five months were “so great that, could I have anticipated them, I would not have believed it possible to survive them.” At the heart of this suspense-filled narrative are Major Robert Anderson, Sumter’s commander and a former slave owner sympathetic to the South but loyal to the Union; Edmund Ruffin, a vain and bloodthirsty radical who stirs secessionist ardor at every opportunity; and Mary Boykin Chesnut, wife of a prominent planter, conflicted over both marriage and slavery and seeing parallels between them. In the middle of it all is the overwhelmed Lincoln, battling with his duplicitous secretary of state, William Seward, as he tries desperately to avert a war that he fears is inevitable—one that will eventually kill 750,000 Americans. Drawing on diaries, secret communiques, slave ledgers, and plantation records, Larson gives us a political horror story that captures the forces that led America to the brink—a dark reminder that we often don’t see a cataclysm coming until it’s too late.","[{'type': 'ISBN_13', 'identifier': '9780385348751'}, {'type': 'ISBN_10', 'identifier': '0385348754'}]","{'text': True, 'image': False}",593.0,BOOK,['History'],NOT_MATURE,True,1.11.7.0.preview.2,"{'containsEpubBubbles': False, 'containsImageBubbles': False}","{'smallThumbnail': 'http://books.google.com/books/content?id=3djOEAAAQBAJ&printsec=frontcover&img=1&zoom=5&edge=curl&source=gbs_api', 'thumbnail': 'http://books.google.com/books/content?id=3djOEAAAQBAJ&printsec=frontcover&img=1&zoom=1&edge=curl&source=gbs_api'}",en,http://books.google.com/books?id=3djOEAAAQBAJ&printsec=frontcover&dq=isbn:9780385348751&hl=&cd=1&source=gbs_api,https://play.google.com/store/books/details?id=3djOEAAAQBAJ&source=gbs_api,https://play.google.com/store/books/details?id=3djOEAAAQBAJ,"A Saga of Hubris, Heartbreak, and Heroism at the Dawn of the Civil War",,,9780385348751,0385348754,,http://books.google.com/books/content?id=3djOEAAAQBAJ&printsec=frontcover&img=1&zoom=5&edge=curl&source=gbs_api,http://books.google.com/books/content?id=3djOEAAAQBAJ&printsec=frontcover&img=1&zoom=1&edge=curl&source=gbs_api
24,9780385534260,"The Wager: A Tale of Shipwreck, Mutiny and Murder",David Grann,2024-06-14,2024-06-20,2024,True,The Wager,['David Grann'],National Geographic Books,2023-04-18,"From the #1 New York Times bestselling author of Killers of the Flower Moon, a page-turning story of shipwreck, survival, and savagery, culminating in a court martial that reveals a shocking truth. With the twists and turns of a thriller Grann unearths the deeper meaning of the events on the Wager, showing that it was not only the captain and crew who ended up on trial, but the very idea of empire. On January 28, 1742, a ramshackle vessel of patched-together wood and cloth washed up on the coast of Brazil. Inside were thirty emaciated men, barely alive, and they had an extraordinary tale to tell. They were survivors of His Majesty’s Ship the Wager, a British vessel that had left England in 1740 on a secret mission during an imperial war with Spain. While the Wager had been chasing a Spanish treasure-filled galleon known as “the prize of all the oceans,” it had wrecked on a desolate island off the coast of Patagonia. The men, after being marooned for months and facing starvation, built the flimsy craft and sailed for more than a hundred days, traversing 2500 miles of storm-wracked seas. They were greeted as heroes. But then ... six months later, another, even more decrepit craft landed on the coast of Chile. This boat contained just three castaways, and they told a very different story. The thirty sailors who landed in Brazil were not heroes – they were mutineers. The first group responded with countercharges of their own, of a tyrannical and murderous senior officer and his henchmen. It became clear that while stranded on the island the crew had fallen into anarchy, with warring factions fighting for dominion over the barren wilderness. As accusations of treachery and murder flew, the Admiralty convened a court martial to determine who was telling the truth. The stakes were life-and-death—for whomever the court found guilty could hang. The Wager is a grand tale of human behavior at the extremes told by one of our greatest nonfiction writers. Grann’s recreation of the hidden world on a British warship rivals the work of Patrick O’Brian, his portrayal of the castaways’ desperate straits stands up to the classics of survival writing such as The Endurance, and his account of the court martial has the savvy of a Scott Turow thriller. As always with Grann’s work, the incredible twists of the narrative hold the reader spellbound.","[{'type': 'ISBN_13', 'identifier': '9780385534260'}, {'type': 'ISBN_10', 'identifier': '0385534264'}]","{'text': True, 'image': False}",352.0,BOOK,['True Crime'],NOT_MATURE,False,preview-1.0.0,"{'containsEpubBubbles': False, 'containsImageBubbles': False}","{'smallThumbnail': 'http://books.google.com/books/content?id=GEGNEAAAQBAJ&printsec=frontcover&img=1&zoom=5&source=gbs_api', 'thumbnail': 'http://books.google.com/books/content?id=GEGNEAAAQBAJ&printsec=frontcover&img=1&zoom=1&source=gbs_api'}",en,http://books.google.com/books?id=GEGNEAAAQBAJ&dq=isbn:9780385534260&hl=&cd=1&source=gbs_api,http://books.google.com/books?id=GEGNEAAAQBAJ&dq=isbn:9780385534260&hl=&source=gbs_api,https://books.google.com/books/about/The_Wager.html?hl=&id=GEGNEAAAQBAJ,"A Tale of Shipwreck, Mutiny and Murder",,,9780385534260,0385534264,,http://books.google.com/books/content?id=GEGNEAAAQBAJ&printsec=frontcover&img=1&zoom=5&source=gbs_api,http://books.google.com/books/content?id=GEGNEAAAQBAJ&printsec=frontcover&img=1&zoom=1&source=gbs_api
20,9780593296370,Table for Two,Amor Towles,2024-06-21,2024-07-11,2024,True,Table for Two,['Amor Towles'],Penguin,2024-04-02,"A New York Times Bestseller “This may be Towles’ best book yet. Each tale is as satisfying as a master chef’s main course, filled with drama, wit, erudition and, most of all, heart.” —Los Angeles Times “The book spans the 20th century, bringing characters into tableaus of deceit and desire. Beneath his coifed prose Towles is a master of the shiv, the bait and switch; we see the flash of light before the shock wave strikes, often in the final sentence. . . . Table for Two delivers the kick of a martini served in the Polo Lounge.” – The New York Times Book Review Millions of Amor Towles fans are in for a treat as he shares some of his shorter fiction: six stories based in New York City and a novella set in Golden Age Hollywood. The New York stories, most of which take place around the year 2000, consider the fateful consequences that can spring from brief encounters and the delicate mechanics of compromise that operate at the heart of modern marriages. Told from seven points of view, “Eve in Hollywood” describes how one of Towles’s most beloved characters, the indomitable Evelyn Ross from Rules of Civility, crafts a new future for herself—and others—in a noirish tale that takes us through the movie sets, bungalows, and dive bars of 1930s Los Angeles. Written with his signature wit, humor, and sophistication, Table for Two is another glittering addition to Towles’s canon of stylish and transporting fiction.","[{'type': 'ISBN_13', 'identifier': '9780593296370'}, {'type': 'ISBN_10', 'identifier': '0593296370'}]","{'text': False, 'image': False}",465.0,BOOK,['Fiction'],NOT_MATURE,False,1.5.2.0.preview.0,"{'containsEpubBubbles': False, 'containsImageBubbles': False}","{'smallThumbnail': 'http://books.google.com/books/content?id=a1XOEAAAQBAJ&printsec=frontcover&img=1&zoom=5&edge=curl&source=gbs_api', 'thumbnail': 'http://books.google.com/books/content?id=a1XOEAAAQBAJ&printsec=frontcover&img=1&zoom=1&edge=curl&source=gbs_api'}",en,http://books.google.com/books?id=a1XOEAAAQBAJ&printsec=frontcover&dq=isbn:9780593296370&hl=&cd=1&source=gbs_api,http://books.google.com/books?id=a1XOEAAAQBAJ&dq=isbn:9780593296370&hl=&source=gbs_api,https://books.google.com/books/about/Table_for_Two.html?hl=&id=a1XOEAAAQBAJ,Fictions,,,9780593296370,0593296370,,http://books.google.com/books/content?id=a1XOEAAAQBAJ&printsec=frontcover&img=1&zoom=5&edge=curl&source=gbs_api,http://books.google.com/books/content?id=a1XOEAAAQBAJ&printsec=frontcover&img=1&zoom=1&edge=curl&source=gbs_api
45,9781324050759,Moscow X,David McCloskey,2024-06-21,2024-07-02,2024,True,Moscow X,['David McCloskey'],W. W. Norton,2023-10-03,,"[{'type': 'ISBN_10', 'identifier': '1324050756'}, {'type': 'ISBN_13', 'identifier': '9781324050759'}]","{'text': False, 'image': False}",464.0,BOOK,['Fiction'],NOT_MATURE,False,preview-1.0.0,"{'containsEpubBubbles': False, 'containsImageBubbles': False}","{'smallThumbnail': 'http://books.google.com/books/content?id=MTCczwEACAAJ&printsec=frontcover&img=1&zoom=5&source=gbs_api', 'thumbnail': 'http://books.google.com/books/content?id=MTCczwEACAAJ&printsec=frontcover&img=1&zoom=1&source=gbs_api'}",en,http://books.google.com/books?id=MTCczwEACAAJ&dq=isbn:9781324050759&hl=&cd=1&source=gbs_api,http://books.google.com/books?id=MTCczwEACAAJ&dq=isbn:9781324050759&hl=&source=gbs_api,https://books.google.com/books/about/Moscow_X.html?hl=&id=MTCczwEACAAJ,,,,9781324050759,1324050756,,http://books.google.com/books/content?id=MTCczwEACAAJ&printsec=frontcover&img=1&zoom=5&source=gbs_api,http://books.google.com/books/content?id=MTCczwEACAAJ&printsec=frontcover&img=1&zoom=1&source=gbs_api
44,9780385544573,The White Darkness,David Grann,2024-07-03,2024-07-04,2024,True,The White Darkness,['David Grann'],National Geographic Books,2018-10-30,"By the #1 New York Times bestselling author of Killers of the Flower Moon, a powerful true story of adventure and obsession in the Antarctic, lavishly illustrated with color photographs Henry Worsley was a devoted husband and father and a decorated British special forces officer who believed in honor and sacrifice. He was also a man obsessed. He spent his life idolizing Ernest Shackleton, the nineteenth-century polar explorer, who tried to become the first person to reach the South Pole, and later sought to cross Antarctica on foot. Shackleton never completed his journeys, but he repeatedly rescued his men from certain death, and emerged as one of the greatest leaders in history. Worsley felt an overpowering connection to those expeditions. He was related to one of Shackleton's men, Frank Worsley, and spent a fortune collecting artifacts from their epic treks across the continent. He modeled his military command on Shackleton's legendary skills and was determined to measure his own powers of endurance against them. He would succeed where Shackleton had failed, in the most brutal landscape in the world. In 2008, Worsley set out across Antarctica with two other descendants of Shackleton's crew, battling the freezing, desolate landscape, life-threatening physical exhaustion, and hidden crevasses. Yet when he returned home he felt compelled to go back. On November 13, 2015, at age 55, Worsley bid farewell to his family and embarked on his most perilous quest: to walk across Antarctica alone. David Grann tells Worsley's remarkable story with the intensity and power that have led him to be called ""simply the best narrative nonfiction writer working today."" Illustrated with more than fifty stunning photographs from Worsley's and Shackleton's journeys, The White Darkness is both a gorgeous keepsake volume and a spellbinding story of courage, love, and a man pushing himself to the extremes of human capacity. Look for David Grann’s new book, The Wager, coming in April 2023!","[{'type': 'ISBN_13', 'identifier': '9780385544573'}, {'type': 'ISBN_10', 'identifier': '038554457X'}]","{'text': True, 'image': False}",160.0,BOOK,['History'],NOT_MATURE,False,preview-1.0.0,"{'containsEpubBubbles': False, 'containsImageBubbles': False}","{'smallThumbnail': 'http://books.google.com/books/content?id=jEGNEAAAQBAJ&printsec=frontcover&img=1&zoom=5&source=gbs_api', 'thumbnail': 'http://books.google.com/books/content?id=jEGNEAAAQBAJ&printsec=frontcover&img=1&zoom=1&source=gbs_api'}",en,http://books.google.com/books?id=jEGNEAAAQBAJ&dq=isbn:9780385544573&hl=&cd=1&source=gbs_api,http://books.google.com/books?id=jEGNEAAAQBAJ&dq=isbn:9780385544573&hl=&source=gbs_api,https://books.google.com/books/about/The_White_Darkness.html?hl=&id=jEGNEAAAQBAJ,,4.0,1.0,9780385544573,038554457X,,http://books.google.com/books/content?id=jEGNEAAAQBAJ&printsec=frontcover&img=1&zoom=5&source=gbs_api,http://books.google.com/books/content?id=jEGNEAAAQBAJ&printsec=frontcover&img=1&zoom=1&source=gbs_api
43,9780786888153,Erasure,Percival Everett,2024-07-04,2024-07-10,2024,True,Erasure,['Percival Everett'],Hyperion,2002-10-02,"Hailed by the New York Times as ""both a treatise and a romp,"" a bold and brilliant novel of a man coming to terms with himself. Now in paperback, this provocative tale within a tale details the life of avant-garde novelist and college professor Thelonious ""Monk"" Ellison. Monk, frustrated with his dismal book sales, composes a fierce parody of exploitative ghetto literature entitled My Pafology, which is greeted by critics as the work of a great new voice and garners him the success that he covets. Monk's impending struggle with his moral principles emerges as a revolutionary and riotous indictment of race and publishing in America.","[{'type': 'ISBN_10', 'identifier': '0786888156'}, {'type': 'ISBN_13', 'identifier': '9780786888153'}]","{'text': False, 'image': False}",288.0,BOOK,['Fiction'],NOT_MATURE,False,preview-1.0.0,"{'containsEpubBubbles': False, 'containsImageBubbles': False}","{'smallThumbnail': 'http://books.google.com/books/content?id=_rfrwAEACAAJ&printsec=frontcover&img=1&zoom=5&source=gbs_api', 'thumbnail': 'http://books.google.com/books/content?id=_rfrwAEACAAJ&printsec=frontcover&img=1&zoom=1&source=gbs_api'}",en,http://books.google.com/books?id=_rfrwAEACAAJ&dq=isbn:9780786888153&hl=&cd=1&source=gbs_api,http://books.google.com/books?id=_rfrwAEACAAJ&dq=isbn:9780786888153&hl=&source=gbs_api,https://books.google.com/books/about/Erasure.html?hl=&id=_rfrwAEACAAJ,,,,9780786888153,0786888156,,http://books.google.com/books/content?id=_rfrwAEACAAJ&printsec=frontcover&img=1&zoom=5&source=gbs_api,http://books.google.com/books/content?id=_rfrwAEACAAJ&printsec=frontcover&img=1&zoom=1&source=gbs_api
35,9780883490006,Enemy at the Gates: The Battle for Stalingrad,William Craig,2024-07-13,2024-11-03,2024,True,Enemy at the Gates,['William Craig'],Reader's Digest Association,1973,"An account of the stalingrad Epic-Here is the Drama, The Terror, The Horror and the Heroism of the Greatest Military encounter of our time.","[{'type': 'OTHER', 'identifier': 'UOM:39015005065308'}]","{'text': False, 'image': False}",520.0,BOOK,['History'],NOT_MATURE,False,2.5.1.0.preview.0,"{'containsEpubBubbles': False, 'containsImageBubbles': False}","{'smallThumbnail': 'http://books.google.com/books/content?id=XAVoAAAAMAAJ&printsec=frontcover&img=1&zoom=5&source=gbs_api', 'thumbnail': 'http://books.google.com/books/content?id=XAVoAAAAMAAJ&printsec=frontcover&img=1&zoom=1&source=gbs_api'}",en,http://books.google.com/books?id=XAVoAAAAMAAJ&dq=isbn:9780883490006&hl=&cd=1&source=gbs_api,http://books.google.com/books?id=XAVoAAAAMAAJ&dq=isbn:9780883490006&hl=&source=gbs_api,https://books.google.com/books/about/Enemy_at_the_Gates.html?hl=&id=XAVoAAAAMAAJ,The Battle for Stalingrad,,,,,UOM:39015005065308,http://books.google.com/books/content?id=XAVoAAAAMAAJ&printsec=frontcover&img=1&zoom=5&source=gbs_api,http://books.google.com/books/content?id=XAVoAAAAMAAJ&printsec=frontcover&img=1&zoom=1&source=gbs_api
42,9780316055444,The Goldfinch,Donna Tartt,2024-07-13,2024-07-27,2024,True,The Goldfinch,['Donna Tartt'],Back Bay Books,2015-04-07,"WINNER OF THE PULITZER PRIZE ""The Goldfinch is a rarity that comes along perhaps half a dozen times per decade, a smartly written literary novel that connects with the heart as well as the mind....Donna Tartt has delivered an extraordinary work of fiction.""--Stephen King, The New York Times Book Review Theo Decker, a 13-year-old New Yorker, miraculously survives an accident that kills his mother. Abandoned by his father, Theo is taken in by the family of a wealthy friend. Bewildered by his strange new home on Park Avenue, disturbed by schoolmates who don't know how to talk to him, and tormented above all by his longing for his mother, he clings to the one thing that reminds him of her: a small, mysteriously captivating painting that ultimately draws Theo into the underworld of art. As an adult, Theo moves silkily between the drawing rooms of the rich and the dusty labyrinth of an antiques store where he works. He is alienated and in love--and at the center of a narrowing, ever more dangerous circle. The Goldfinch is a mesmerizing, stay-up-all-night and tell-all-your-friends triumph, an old-fashioned story of loss and obsession, survival and self-invention, and the ruthless machinations of fate.","[{'type': 'ISBN_10', 'identifier': '0316055441'}, {'type': 'ISBN_13', 'identifier': '9780316055444'}]","{'text': False, 'image': False}",784.0,BOOK,['Fiction'],NOT_MATURE,False,preview-1.0.0,,"{'smallThumbnail': 'http://books.google.com/books/content?id=SkRrngEACAAJ&printsec=frontcover&img=1&zoom=5&source=gbs_api', 'thumbnail': 'http://books.google.com/books/content?id=SkRrngEACAAJ&printsec=frontcover&img=1&zoom=1&source=gbs_api'}",en,http://books.google.com/books?id=SkRrngEACAAJ&dq=isbn:9780316055444&hl=&cd=1&source=gbs_api,http://books.google.com/books?id=SkRrngEACAAJ&dq=isbn:9780316055444&hl=&source=gbs_api,https://books.google.com/books/about/The_Goldfinch.html?hl=&id=SkRrngEACAAJ,A Novel (Pulitzer Prize for Fiction),3.0,1.0,9780316055444,0316055441,,http://books.google.com/books/content?id=SkRrngEACAAJ&printsec=frontcover&img=1&zoom=5&source=gbs_api,http://books.google.com/books/content?id=SkRrngEACAAJ&printsec=frontcover&img=1&zoom=1&source=gbs_api
41,9780385548526,"Rogues: True Stories of Grifters, Killers, Rebels and Crooks",Patrick Radden Keefe,2024-08-17,2024-09-03,2024,True,Rogues,['Patrick Radden Keefe'],Anchor,2022-06-28,"NEW YORK TIMES BESTSELLER • From the award-winning author of Empire of Pain and Say Nothing—and one of the most decorated journalists of our time—twelve enthralling true stories of skulduggery and intrigue ""An excellent collection of Keefe's detective work, and a fine introduction to his illuminating writing."" —NPR “Fast-paced...Keefe is a virtuoso storyteller."" —The Washington Post Patrick Radden Keefe has garnered prizes ranging from the National Magazine Award to the Orwell Prize to the National Book Critics Circle Award for his meticulously-reported, hypnotically-engaging work on the many ways people behave badly. Rogues brings together a dozen of his most celebrated articles from The New Yorker. As Keefe says in his preface “They reflect on some of my abiding preoccupations: crime and corruption, secrets and lies, the permeable membrane separating licit and illicit worlds, the bonds of family, the power of denial.” Keefe brilliantly explores the intricacies of forging $150,000 vintage wines, examines whether a whistleblower who dared to expose money laundering at a Swiss bank is a hero or a fabulist, spends time in Vietnam with Anthony Bourdain, chronicles the quest to bring down a cheerful international black market arms merchant, and profiles a passionate death penalty attorney who represents the “worst of the worst,” among other bravura works of literary journalism. The appearance of his byline in The New Yorker is always an event, and collected here for the first time readers can see his work forms an always enthralling but deeply human portrait of criminals and rascals, as well as those who stand up against them.","[{'type': 'ISBN_13', 'identifier': '9780385548526'}, {'type': 'ISBN_10', 'identifier': '0385548524'}]","{'text': True, 'image': False}",386.0,BOOK,['True Crime'],NOT_MATURE,True,1.6.6.0.preview.2,"{'containsEpubBubbles': False, 'containsImageBubbles': False}","{'smallThumbnail': 'http://books.google.com/books/content?id=L11FEAAAQBAJ&printsec=frontcover&img=1&zoom=5&edge=curl&source=gbs_api', 'thumbnail': 'http://books.google.com/books/content?id=L11FEAAAQBAJ&printsec=frontcover&img=1&zoom=1&edge=curl&source=gbs_api'}",en,http://books.google.com/books?id=L11FEAAAQBAJ&printsec=frontcover&dq=isbn:9780385548526&hl=&cd=1&source=gbs_api,https://play.google.com/store/books/details?id=L11FEAAAQBAJ&source=gbs_api,https://play.google.com/store/books/details?id=L11FEAAAQBAJ,"True Stories of Grifters, Killers, Rebels and Crooks",,,9780385548526,0385548524,,http://books.google.com/books/content?id=L11FEAAAQBAJ&printsec=frontcover&img=1&zoom=5&edge=curl&source=gbs_api,http://books.google.com/books/content?id=L11FEAAAQBAJ&printsec=frontcover&img=1&zoom=1&edge=curl&source=gbs_api
39,9780385521307,The Snakehead: An Epic Tale of the Chinatown Underworld and the American Dream,Patrick Radden Keefe,2024-09-05,2024-09-16,2024,True,The Snakehead,['Patrick Radden Keefe'],Doubleday Books,2009,"Cheng Chui Ping slipped into the United States in the early 1980s, part of a huge wave of Chinese immigrants hoping to realize the American Dream. Her path to that dream began with an underground bank for illegal immigrants run out of a noodle shop in New York City's Chinatown. She became known as Sister Ping and built a global people-smuggling conglomerate that stretched from China’s Fujian province to Africa, Europe, and South America, relying on one of Chinatown’s most violent gangs to protect her power and profits. Sister Ping’s empire came to light in 1993, when a ship loaded with 300 near-starving immigrants ran aground off Queens. It took New York’s fabled “Jade Squad” and the FBI nearly ten years to untangle the criminal network and home in on its mastermind. Sister Ping—finally convicted in 2005—is currently in prison. Before her capture she amassed an estimated mind-boggling $40 million. THE SNAKEHEAD is a panoramic tale of international intrigue and an inside look at a remarkably successful illegal enterprise and the undocumented immigrants who both fear and depend on it. It is a story about the conflicted issue of immigration in the United States, and a moving exploration of what it means to be—and to become—American.","[{'type': 'ISBN_10', 'identifier': '0385521308'}, {'type': 'ISBN_13', 'identifier': '9780385521307'}]","{'text': False, 'image': False}",432.0,BOOK,['Human smuggling'],NOT_MATURE,False,preview-1.0.0,"{'containsEpubBubbles': False, 'containsImageBubbles': False}","{'smallThumbnail': 'http://books.google.com/books/content?id=UlHPwAEACAAJ&printsec=frontcover&img=1&zoom=5&source=gbs_api', 'thumbnail': 'http://books.google.com/books/content?id=UlHPwAEACAAJ&printsec=frontcover&img=1&zoom=1&source=gbs_api'}",en,http://books.google.com/books?id=UlHPwAEACAAJ&dq=isbn:9780385521307&hl=&cd=1&source=gbs_api,http://books.google.com/books?id=UlHPwAEACAAJ&dq=isbn:9780385521307&hl=&source=gbs_api,https://books.google.com/books/about/The_Snakehead.html?hl=&id=UlHPwAEACAAJ,An Epic Tale of the Chinatown Underworld and the American Dream,,,9780385521307,0385521308,,http://books.google.com/books/content?id=UlHPwAEACAAJ&printsec=frontcover&img=1&zoom=5&source=gbs_api,http://books.google.com/books/content?id=UlHPwAEACAAJ&printsec=frontcover&img=1&zoom=1&source=gbs_api
38,9780307265432,The Road,Cormac McCarthy,2024-09-19,2024-09-25,2024,True,The Road,['Cormac McCarthy'],National Geographic Books,2006-09-26,"NATIONAL BESTSELLER • WINNER OF THE PULITZER PRIZE • A searing, post-apocalyptic novel about a father and son's fight to survive, this ""tale of survival and the miracle of goodness only adds to McCarthy's stature as a living master. It's gripping, frightening and, ultimately, beautiful"" (San Francisco Chronicle). A father and his son walk alone through burned America. Nothing moves in the ravaged landscape save the ash on the wind. It is cold enough to crack stones, and when the snow falls it is gray. The sky is dark. Their destination is the coast, although they don't know what, if anything, awaits them there. They have nothing; just a pistol to defend themselves against the lawless bands that stalk the road, the clothes they are wearing, a cart of scavenged food—and each other. The Road is the profoundly moving story of a journey. It boldly imagines a future in which no hope remains, but in which the father and his son, ""each the other's world entire,"" are sustained by love. Awesome in the totality of its vision, it is an unflinching meditation on the worst and the best that we are capable of: ultimate destructiveness, desperate tenacity, and the tenderness that keeps two people alive in the face of total devastation. Look for Cormac McCarthy's new novel, The Passenger, coming October '22.","[{'type': 'ISBN_13', 'identifier': '9780307265432'}, {'type': 'ISBN_10', 'identifier': '0307265439'}]","{'text': True, 'image': False}",241.0,BOOK,['Fiction'],NOT_MATURE,False,preview-1.0.0,"{'containsEpubBubbles': False, 'containsImageBubbles': False}","{'smallThumbnail': 'http://books.google.com/books/content?id=LueMEAAAQBAJ&printsec=frontcover&img=1&zoom=5&source=gbs_api', 'thumbnail': 'http://books.google.com/books/content?id=LueMEAAAQBAJ&printsec=frontcover&img=1&zoom=1&source=gbs_api'}",en,http://books.google.com/books?id=LueMEAAAQBAJ&dq=isbn:9780307265432&hl=&cd=1&source=gbs_api,http://books.google.com/books?id=LueMEAAAQBAJ&dq=isbn:9780307265432&hl=&source=gbs_api,https://books.google.com/books/about/The_Road.html?hl=&id=LueMEAAAQBAJ,,,,9780307265432,0307265439,,http://books.google.com/books/content?id=LueMEAAAQBAJ&printsec=frontcover&img=1&zoom=5&source=gbs_api,http://books.google.com/books/content?id=LueMEAAAQBAJ&printsec=frontcover&img=1&zoom=1&source=gbs_api
37,9780525655503,Bottoms Up and the Devil Laughs: A Journey Through the Deep State,Kerry Howley,2024-09-24,2024-09-28,2024,True,Bottoms Up and the Devil Laughs,['Kerry Howley'],Vintage,2023-03-21,"A NATIONAL BOOK CRITICS CIRCLE AWARD FINALIST • A NEW YORK TIMES TOP TEN BOOK OF THE YEAR • A VANITY FAIR BEST BOOK OF THE YEAR “Riveting and darkly funny and in all senses of the word, unclassifiable.” – The New York Times A wild, humane, and hilarious meditation on post-privacy America—from the acclaimed author of Thrown Who are you? You are data about data. You are a map of connections—a culmination of everything you have ever posted, searched, emailed, liked, and followed. In this groundbreaking work of narrative nonfiction, Kerry Howley investigates the curious implications of living in the age of the indelible. Bottoms Up and the Devil Laughs tells the true story of intelligence specialist Reality Winner, a lone young woman who stuffs a state secret under her skirt and trusts the wrong people to help. After printing five pages of dangerous information she was never supposed to see, Winner finds herself at the mercy of forces more invasive than she could have possibly imagined. Following Winner’s unlikely journey from rural Texas to a federal courtroom, Howley maps a hidden world, drawing in John Walker Lindh, Lady Gaga, Edward Snowden, a rescue dog named Outlaw Babyface Nelson, and a mother who will do whatever it takes to get her daughter out of jail. Howley’s subjects face a challenge new to history: they are imprisoned by their past selves, trapped for as long as the Internet endures. A soap opera set in the deep state, Bottoms Up and the Devil Laughs is a free fall into a world where everything is recorded and nothing is sacred, from a singular writer unafraid to ask essential questions about the strangeness of modern life.","[{'type': 'ISBN_13', 'identifier': '9780525655503'}, {'type': 'ISBN_10', 'identifier': '0525655506'}]","{'text': True, 'image': False}",257.0,BOOK,['Biography & Autobiography'],NOT_MATURE,True,2.7.4.0.preview.2,"{'containsEpubBubbles': False, 'containsImageBubbles': False}","{'smallThumbnail': 'http://books.google.com/books/content?id=AW12EAAAQBAJ&printsec=frontcover&img=1&zoom=5&edge=curl&source=gbs_api', 'thumbnail': 'http://books.google.com/books/content?id=AW12EAAAQBAJ&printsec=frontcover&img=1&zoom=1&edge=curl&source=gbs_api'}",en,http://books.google.com/books?id=AW12EAAAQBAJ&printsec=frontcover&dq=isbn:9780525655503&hl=&cd=1&source=gbs_api,https://play.google.com/store/books/details?id=AW12EAAAQBAJ&source=gbs_api,https://play.google.com/store/books/details?id=AW12EAAAQBAJ,A Journey Through the Deep State,,,9780525655503,0525655506,,http://books.google.com/books/content?id=AW12EAAAQBAJ&printsec=frontcover&img=1&zoom=5&edge=curl&source=gbs_api,http://books.google.com/books/content?id=AW12EAAAQBAJ&printsec=frontcover&img=1&zoom=1&edge=curl&source=gbs_api
3,9780374279295,King: A Life,Jonathan Eig,2024-09-26,2024-11-20,2024,True,King: A Life,['Jonathan Eig'],"Farrar, Straus & Giroux",2023-05-16,"""The first full biography in decades, ""King"" mixes revelatory and exhaustive new research with brisk and accessible storytelling to forge the definitive life for our times""--","[{'type': 'ISBN_13', 'identifier': '9780374279295'}, {'type': 'ISBN_10', 'identifier': '0374279292'}]","{'text': True, 'image': False}",669.0,BOOK,['Biography & Autobiography'],NOT_MATURE,False,preview-1.0.0,"{'containsEpubBubbles': False, 'containsImageBubbles': False}","{'smallThumbnail': 'http://books.google.com/books/content?id=vXSaEAAAQBAJ&printsec=frontcover&img=1&zoom=5&source=gbs_api', 'thumbnail': 'http://books.google.com/books/content?id=vXSaEAAAQBAJ&printsec=frontcover&img=1&zoom=1&source=gbs_api'}",en,http://books.google.com/books?id=vXSaEAAAQBAJ&dq=isbn:9780374279295&hl=&cd=1&source=gbs_api,http://books.google.com/books?id=vXSaEAAAQBAJ&dq=isbn:9780374279295&hl=&source=gbs_api,https://books.google.com/books/about/King_A_Life.html?hl=&id=vXSaEAAAQBAJ,,,,9780374279295,0374279292,,http://books.google.com/books/content?id=vXSaEAAAQBAJ&printsec=frontcover&img=1&zoom=5&source=gbs_api,http://books.google.com/books/content?id=vXSaEAAAQBAJ&printsec=frontcover&img=1&zoom=1&source=gbs_api
36,9780375708275,"Isaac's Storm: A Man, a Time, and the Deadliest Hurricane in History",Erik Larson,2024-10-05,2024-11-01,2024,True,Isaac's Storm,['Erik Larson'],Vintage,2000-07-11,"NEW YORK TIMES BESTSELLER • The riveting true story of the Galveston hurricane of 1900, still the deadliest natural disaster in American history—from the acclaimed author of The Devil in the White City “A gripping account ... fascinating to its core, and all the more compelling for being true.” —The New York Times Book Review September 8, 1900, began innocently in the seaside town of Galveston, Texas. Even Isaac Cline, resident meteorologist for the U.S. Weather Bureau failed to grasp the true meaning of the strange deep-sea swells and peculiar winds that greeted the city that morning. Mere hours later, Galveston found itself submerged in a monster hurricane that completely destroyed the town and killed over six thousand people—and Isaac Cline found himself the victim of a devastating personal tragedy. Using Cline's own telegrams, letters, and reports, the testimony of scores of survivors, and our latest understanding of the science of hurricanes, Erik Larson builds a chronicle of one man's heroic struggle and fatal miscalculation in the face of a storm of unimaginable magnitude.","[{'type': 'ISBN_13', 'identifier': '9780375708275'}, {'type': 'ISBN_10', 'identifier': '0375708278'}]","{'text': False, 'image': False}",338.0,BOOK,['History'],NOT_MATURE,False,0.6.3.0.preview.0,"{'containsEpubBubbles': False, 'containsImageBubbles': False}","{'smallThumbnail': 'http://books.google.com/books/content?id=8PZvUFtwKwgC&printsec=frontcover&img=1&zoom=5&edge=curl&source=gbs_api', 'thumbnail': 'http://books.google.com/books/content?id=8PZvUFtwKwgC&printsec=frontcover&img=1&zoom=1&edge=curl&source=gbs_api'}",en,http://books.google.com/books?id=8PZvUFtwKwgC&printsec=frontcover&dq=isbn:9780375708275&hl=&cd=1&source=gbs_api,http://books.google.com/books?id=8PZvUFtwKwgC&dq=isbn:9780375708275&hl=&source=gbs_api,https://books.google.com/books/about/Isaac_s_Storm.html?hl=&id=8PZvUFtwKwgC,"A Man, a Time, and the Deadliest Hurricane in History",3.5,4.0,9780375708275,0375708278,,http://books.google.com/books/content?id=8PZvUFtwKwgC&printsec=frontcover&img=1&zoom=5&edge=curl&source=gbs_api,http://books.google.com/books/content?id=8PZvUFtwKwgC&printsec=frontcover&img=1&zoom=1&edge=curl&source=gbs_api
34,9781324086031,Playground,Richard Powers,2024-10-19,2024-11-06,2024,True,Playground,['Richard Powers'],,2024-09-24,A magisterial new novel from the Pulitzer Prize-winning and New York Times best-selling author of The Overstory and Bewilderment.,"[{'type': 'ISBN_10', 'identifier': '1324086033'}, {'type': 'ISBN_13', 'identifier': '9781324086031'}]","{'text': False, 'image': False}",381.0,BOOK,['Fiction'],NOT_MATURE,False,preview-1.0.0,"{'containsEpubBubbles': False, 'containsImageBubbles': False}","{'smallThumbnail': 'http://books.google.com/books/content?id=bxlx0AEACAAJ&printsec=frontcover&img=1&zoom=5&source=gbs_api', 'thumbnail': 'http://books.google.com/books/content?id=bxlx0AEACAAJ&printsec=frontcover&img=1&zoom=1&source=gbs_api'}",en,http://books.google.com/books?id=bxlx0AEACAAJ&dq=isbn:9781324086031&hl=&cd=1&source=gbs_api,http://books.google.com/books?id=bxlx0AEACAAJ&dq=isbn:9781324086031&hl=&source=gbs_api,https://books.google.com/books/about/Playground.html?hl=&id=bxlx0AEACAAJ,,,,9781324086031,1324086033,,http://books.google.com/books/content?id=bxlx0AEACAAJ&printsec=frontcover&img=1&zoom=5&source=gbs_api,http://books.google.com/books/content?id=bxlx0AEACAAJ&printsec=frontcover&img=1&zoom=1&source=gbs_api
32,9781529903829,Chain-Gang All-Stars,Nana Kwame Adjei-Brenyah,2024-11-02,2024-11-24,2024,True,Chain-Gang All-Stars,['Nana Kwame Adjei-Brenyah'],Random House,2023-05-02,"FIGHT FOR FREEDOM. FIGHT FOR LOVE. WELCOME TO THE KILLING GROUND. Enter a world where, livestreamed to millions, prisoners fight like gladiators for the ultimate prize: their freedom. 'America's new Hunger Games' SUNDAY TIMES 'So good. This one is from the heart' STEPHEN KING **SHORTLISTED FOR THE ARTHUR C. CLARKE AWARD** **SHORTLISTED FOR THE TIKTOK BOOK AWARDS** Fan-favourite female stars Loretta Thurwar and Hamara ‘Hurricane Staxxx’ Stacker are teammates and lovers. Thurwar is nearing the end of her time on the circuit, free in just a few matches, a fact she carries as heavily as her lethal hammer. But as protestors clash with the baying crowds and the programme’s corporate owners stack the odds against her – will the price be simply too high? ‘Brutal, thrilling, devastating and beautiful’ THE TIMES ‘So compelling – right up to the final, fatal blow’ SUNDAY TELEGRAPH ‘Defiant, awe-inspiring’ JESSAMINE CHAN ‘Vividly imaginative and startling’ ELLE ‘The new maestro of dystopian lit’ WIRED ‘A pure fire page turner’ MAX PORTER Shortlisted for the TikTok Book Awards, International Book of the Year, 2024","[{'type': 'ISBN_13', 'identifier': '9781529903829'}, {'type': 'ISBN_10', 'identifier': '1529903823'}]","{'text': True, 'image': False}",376.0,BOOK,['Fiction'],MATURE,True,1.10.10.0.preview.2,"{'containsEpubBubbles': False, 'containsImageBubbles': False}","{'smallThumbnail': 'http://books.google.com/books/content?id=CBd8EAAAQBAJ&printsec=frontcover&img=1&zoom=5&source=gbs_api', 'thumbnail': 'http://books.google.com/books/content?id=CBd8EAAAQBAJ&printsec=frontcover&img=1&zoom=1&source=gbs_api'}",en,http://books.google.com/books?id=CBd8EAAAQBAJ&dq=isbn:9781529903829&hl=&cd=1&source=gbs_api,http://books.google.com/books?id=CBd8EAAAQBAJ&dq=isbn:9781529903829&hl=&source=gbs_api,https://books.google.com/books/about/Chain_Gang_All_Stars.html?hl=&id=CBd8EAAAQBAJ,"The dystopian novel of the year, shortlisted for the TikTok Book Awards",,,9781529903829,1529903823,,http://books.google.com/books/content?id=CBd8EAAAQBAJ&printsec=frontcover&img=1&zoom=5&source=gbs_api,http://books.google.com/books/content?id=CBd8EAAAQBAJ&printsec=frontcover&img=1&zoom=1&source=gbs_api
11,9781400031702,The Secret History,Donna Tartt,2024-11-04,2024-11-29,2024,True,The Secret History: A Read with Jenna Pick,['Donna Tartt'],Vintage,2004-04-13,"A READ WITH JENNA BOOK CLUB PICK • ONE OF TIME MAGAZINE'S 100 BEST MYSTERY AND THRILLER BOOKS OF ALL TIME • INTERNATIONAL BESTSELLER • A contemporary literary classic and ""an accomplished psychological thriller ... absolutely chilling"" (Village Voice), from the Pulitzer Prize–winning author of The Goldfinch. One of The Atlantic’s Great American Novels of the Past 100 Years Under the influence of a charismatic classics professor, a group of clever, eccentric misfits at a New England college discover a way of thought and life a world away from their banal contemporaries. But their search for the transcendent leads them down a dangerous path, beyond human constructs of morality. “A remarkably powerful novel [and] a ferociously well-paced entertainment . . . Forceful, cerebral, and impeccably controlled.” —The New York Times","[{'type': 'ISBN_13', 'identifier': '9781400031702'}, {'type': 'ISBN_10', 'identifier': '1400031702'}]","{'text': False, 'image': False}",578.0,BOOK,['Fiction'],NOT_MATURE,False,0.6.0.0.preview.0,"{'containsEpubBubbles': False, 'containsImageBubbles': False}","{'smallThumbnail': 'http://books.google.com/books/content?id=3w0YEAAAQBAJ&printsec=frontcover&img=1&zoom=5&edge=curl&source=gbs_api', 'thumbnail': 'http://books.google.com/books/content?id=3w0YEAAAQBAJ&printsec=frontcover&img=1&zoom=1&edge=curl&source=gbs_api'}",en,http://books.google.com/books?id=3w0YEAAAQBAJ&printsec=frontcover&dq=isbn:9781400031702&hl=&cd=1&source=gbs_api,http://books.google.com/books?id=3w0YEAAAQBAJ&dq=isbn:9781400031702&hl=&source=gbs_api,https://books.google.com/books/about/The_Secret_History_A_Read_with_Jenna_Pic.html?hl=&id=3w0YEAAAQBAJ,,,,9781400031702,1400031702,,http://books.google.com/books/content?id=3w0YEAAAQBAJ&printsec=frontcover&img=1&zoom=5&edge=curl&source=gbs_api,http://books.google.com/books/content?id=3w0YEAAAQBAJ&printsec=frontcover&img=1&zoom=1&edge=curl&source=gbs_api
33,9781668008836,Hum,Helen          Phillips,2024-11-08,2024-11-10,2024,True,Hum,['Helen Phillips'],Simon and Schuster,2024-08-06,"""After losing her job to artificial intelligence, May, in a city populated by intelligent robots called ""hums,"" takes her family on a three-night respite to the Botanical Garden, a rare green refuge, where her children come under threat and she is forced to trust a hum to save them""--","[{'type': 'ISBN_13', 'identifier': '9781668008836'}, {'type': 'ISBN_10', 'identifier': '1668008831'}]","{'text': False, 'image': False}",272.0,BOOK,['Fiction'],NOT_MATURE,False,0.5.2.0.preview.0,"{'containsEpubBubbles': False, 'containsImageBubbles': False}","{'smallThumbnail': 'http://books.google.com/books/content?id=gkQTEQAAQBAJ&printsec=frontcover&img=1&zoom=5&edge=curl&source=gbs_api', 'thumbnail': 'http://books.google.com/books/content?id=gkQTEQAAQBAJ&printsec=frontcover&img=1&zoom=1&edge=curl&source=gbs_api'}",en,http://books.google.com/books?id=gkQTEQAAQBAJ&printsec=frontcover&dq=isbn:9781668008836&hl=&cd=1&source=gbs_api,http://books.google.com/books?id=gkQTEQAAQBAJ&dq=isbn:9781668008836&hl=&source=gbs_api,https://books.google.com/books/about/Hum.html?hl=&id=gkQTEQAAQBAJ,A Novel,,,9781668008836,1668008831,,http://books.google.com/books/content?id=gkQTEQAAQBAJ&printsec=frontcover&img=1&zoom=5&edge=curl&source=gbs_api,http://books.google.com/books/content?id=gkQTEQAAQBAJ&printsec=frontcover&img=1&zoom=1&edge=curl&source=gbs_api
26,9780593537619,Martyr!,Kaveh Akbar,2024-11-22,2024-12-01,2024,True,Martyr!,['Kaveh Akbar'],Knopf,2024-01-23,"NEW YORK TIMES BESTSELLER • SHORTLISTED FOR THE NATIONAL BOOK AWARD • ONE OF THE NEW YORK TIMES BOOK REVIEW'S 10 BEST BOOKS OF THE YEAR • A TIME MUST-READ BOOK OF THE YEAR • A newly sober, orphaned son of Iranian immigrants, guided by the voices of artists, poets, and kings, embarks on a remarkable search for a family secret that leads him to a terminally ill painter living out her final days in the Brooklyn Museum. Electrifying, funny, and wholly original, Martyr! heralds the arrival of an essential new voice in contemporary fiction. “Kaveh Akbar is one of my favorite writers. Ever.” —Tommy Orange, Pulitzer Prize–nominated author of There There “The best novel you'll ever read about the joy of language, addiction, displacement, martyrdom, belonging, homesickness.” —Lauren Groff, best-selling author of Matrix and Fates and Furies Cyrus Shams is a young man grappling with an inheritance of violence and loss: his mother’s plane was shot down over the skies of the Persian Gulf in a senseless accident; and his father’s life in America was circumscribed by his work killing chickens at a factory farm in the Midwest. Cyrus is a drunk, an addict, and a poet, whose obsession with martyrs leads him to examine the mysteries of his past—toward an uncle who rode through Iranian battlefields dressed as the angel of death to inspire and comfort the dying, and toward his mother, through a painting discovered in a Brooklyn art gallery that suggests she may not have been who or what she seemed. Kaveh Akbar’s Martyr! is a paean to how we spend our lives seeking meaning—in faith, art, ourselves, others.","[{'type': 'ISBN_13', 'identifier': '9780593537619'}, {'type': 'ISBN_10', 'identifier': '0593537610'}]","{'text': False, 'image': False}",353.0,BOOK,['Fiction'],NOT_MATURE,False,1.14.4.0.preview.0,"{'containsEpubBubbles': False, 'containsImageBubbles': False}","{'smallThumbnail': 'http://books.google.com/books/content?id=VP66EAAAQBAJ&printsec=frontcover&img=1&zoom=5&edge=curl&source=gbs_api', 'thumbnail': 'http://books.google.com/books/content?id=VP66EAAAQBAJ&printsec=frontcover&img=1&zoom=1&edge=curl&source=gbs_api'}",en,http://books.google.com/books?id=VP66EAAAQBAJ&printsec=frontcover&dq=isbn:9780593537619&hl=&cd=1&source=gbs_api,http://books.google.com/books?id=VP66EAAAQBAJ&dq=isbn:9780593537619&hl=&source=gbs_api,https://books.google.com/books/about/Martyr.html?hl=&id=VP66EAAAQBAJ,A novel,,,9780593537619,0593537610,,http://books.google.com/books/content?id=VP66EAAAQBAJ&printsec=frontcover&img=1&zoom=5&edge=curl&source=gbs_api,http://books.google.com/books/content?id=VP66EAAAQBAJ&printsec=frontcover&img=1&zoom=1&edge=curl&source=gbs_api
29,9780316217446,"When Paris Went Dark: The City of Light Under German Occupation, 1940-1944",Ronald C. Rosbottom,2024-11-25,2024-12-28,2024,True,When Paris Went Dark,['Ronald C. Rosbottom'],"Little, Brown",2014-08-05,"The spellbinding and revealing chronicle of Nazi-occupied Paris On June 14, 1940, German tanks entered a silent and nearly deserted Paris. Eight days later, France accepted a humiliating defeat and foreign occupation. Subsequently, an eerie sense of normalcy settled over the City of Light. Many Parisians keenly adapted themselves to the situation-even allied themselves with their Nazi overlords. At the same time, amidst this darkening gloom of German ruthlessness, shortages, and curfews, a resistance arose. Parisians of all stripes-Jews, immigrants, adolescents, communists, rightists, cultural icons such as Colette, de Beauvoir, Camus and Sartre, as well as police officers, teachers, students, and store owners-rallied around a little known French military officer, Charles de Gaulle. WHEN PARIS WENT DARK evokes with stunning precision the detail of daily life in a city under occupation, and the brave people who fought against the darkness. Relying on a range of resources---memoirs, diaries, letters, archives, interviews, personal histories, flyers and posters, fiction, photographs, film and historical studies---Rosbottom has forged a groundbreaking book that will forever influence how we understand those dark years in the City of Light.","[{'type': 'ISBN_10', 'identifier': '0316217441'}, {'type': 'ISBN_13', 'identifier': '9780316217446'}]","{'text': False, 'image': False}",447.0,BOOK,['History'],NOT_MATURE,False,preview-1.0.0,"{'containsEpubBubbles': False, 'containsImageBubbles': False}","{'smallThumbnail': 'http://books.google.com/books/content?id=IShSnwEACAAJ&printsec=frontcover&img=1&zoom=5&source=gbs_api', 'thumbnail': 'http://books.google.com/books/content?id=IShSnwEACAAJ&printsec=frontcover&img=1&zoom=1&source=gbs_api'}",en,http://books.google.com/books?id=IShSnwEACAAJ&dq=isbn:9780316217446&hl=&cd=1&source=gbs_api,http://books.google.com/books?id=IShSnwEACAAJ&dq=isbn:9780316217446&hl=&source=gbs_api,https://books.google.com/books/about/When_Paris_Went_Dark.html?hl=&id=IShSnwEACAAJ,"The City of Light Under German Occupation, 1940-1944",,,9780316217446,0316217441,,http://books.google.com/books/content?id=IShSnwEACAAJ&printsec=frontcover&img=1&zoom=5&source=gbs_api,http://books.google.com/books/content?id=IShSnwEACAAJ&printsec=frontcover&img=1&zoom=1&source=gbs_api
10,9781982123093,The Deluge,Stephen Markley,2024-12-01,2024-12-26,2024,True,The Deluge,['Stephen Markley'],Simon and Schuster,2023-01-10,"""A cli-fi dystopic novel set in the near- distant future following several Americans in various social, political, and class strata as they bravely face a major impending climate disaster""--","[{'type': 'ISBN_13', 'identifier': '9781982123093'}, {'type': 'ISBN_10', 'identifier': '1982123095'}]","{'text': False, 'image': False}",896.0,BOOK,['Fiction'],NOT_MATURE,False,0.6.3.0.preview.0,"{'containsEpubBubbles': False, 'containsImageBubbles': False}","{'smallThumbnail': 'http://books.google.com/books/content?id=aJKhEAAAQBAJ&printsec=frontcover&img=1&zoom=5&edge=curl&source=gbs_api', 'thumbnail': 'http://books.google.com/books/content?id=aJKhEAAAQBAJ&printsec=frontcover&img=1&zoom=1&edge=curl&source=gbs_api'}",en,http://books.google.com/books?id=aJKhEAAAQBAJ&printsec=frontcover&dq=isbn:9781982123093&hl=&cd=1&source=gbs_api,http://books.google.com/books?id=aJKhEAAAQBAJ&dq=isbn:9781982123093&hl=&source=gbs_api,https://books.google.com/books/about/The_Deluge.html?hl=&id=aJKhEAAAQBAJ,,,,9781982123093,1982123095,,http://books.google.com/books/content?id=aJKhEAAAQBAJ&printsec=frontcover&img=1&zoom=5&edge=curl&source=gbs_api,http://books.google.com/books/content?id=aJKhEAAAQBAJ&printsec=frontcover&img=1&zoom=1&edge=curl&source=gbs_api
30,9780593318256,Wandering Stars,Tommy Orange,2024-12-02,2024-12-15,2024,True,Wandering Stars,['Tommy Orange'],Knopf,2024-02-27,"NEW YORK TIMES BESTSELLER • LONGLISTED FOR THE BOOKER PRIZE • A NEW YORK TIMES NOTABLE BOOK • A TIME MUST-READ BOOK OF THE YEAR • The Pulitzer Prize-finalist and author of the breakout bestseller There There (""Pure soaring beauty.""The New York Times Book Review) delivers a masterful follow-up to his already classic first novel. Extending his constellation of narratives into the past and future, Tommy Orange traces the legacies of the Sand Creek Massacre of 1864 and the Carlisle Indian Industrial School through three generations of a family in a story that is by turns shattering and wondrous. ""For the sake of knowing, of understanding, Wandering Stars blew my heart into a thousand pieces and put it all back together again. This is a masterwork that will not be forgotten, a masterwork that will forever be part of you.” —Morgan Talty, bestselling author of Night of the Living Rez Colorado, 1864. Star, a young survivor of the Sand Creek Massacre, is brought to the Fort Marion prison castle, where he is forced to learn English and practice Christianity by Richard Henry Pratt, an evangelical prison guard who will go on to found the Carlisle Indian Industrial School, an institution dedicated to the eradication of Native history, culture, and identity. A generation later, Star’s son, Charles, is sent to the school, where he is brutalized by the man who was once his father’s jailer. Under Pratt’s harsh treatment, Charles clings to moments he shares with a young fellow student, Opal Viola, as the two envision a future away from the institutional violence that follows their bloodlines. In a novel that is by turns shattering and wondrous, Tommy Orange has conjured the ancestors of the family readers first fell in love with in There There—warriors, drunks, outlaws, addicts—asking what it means to be the children and grandchildren of massacre. Wandering Stars is a novel about epigenetic and generational trauma that has the force and vision of a modern epic, an exceptionally powerful new book from one of the most exciting writers at work today and soaring confirmation of Tommy Orange’s monumental gifts.","[{'type': 'ISBN_13', 'identifier': '9780593318256'}, {'type': 'ISBN_10', 'identifier': '0593318250'}]","{'text': False, 'image': False}",337.0,BOOK,['Fiction'],NOT_MATURE,False,1.2.1.0.preview.0,"{'containsEpubBubbles': False, 'containsImageBubbles': False}","{'smallThumbnail': 'http://books.google.com/books/content?id=R1_DEAAAQBAJ&printsec=frontcover&img=1&zoom=5&edge=curl&source=gbs_api', 'thumbnail': 'http://books.google.com/books/content?id=R1_DEAAAQBAJ&printsec=frontcover&img=1&zoom=1&edge=curl&source=gbs_api'}",en,http://books.google.com/books?id=R1_DEAAAQBAJ&printsec=frontcover&dq=isbn:9780593318256&hl=&cd=1&source=gbs_api,http://books.google.com/books?id=R1_DEAAAQBAJ&dq=isbn:9780593318256&hl=&source=gbs_api,https://books.google.com/books/about/Wandering_Stars.html?hl=&id=R1_DEAAAQBAJ,A novel,,,9780593318256,0593318250,,http://books.google.com/books/content?id=R1_DEAAAQBAJ&printsec=frontcover&img=1&zoom=5&edge=curl&source=gbs_api,http://books.google.com/books/content?id=R1_DEAAAQBAJ&printsec=frontcover&img=1&zoom=1&edge=curl&source=gbs_api
31,9780375705106,The Way of Zen,Alan W. Watts,2024-12-02,2024-12-05,2024,True,The Way of Zen,['Alan Watts'],Vintage,1999-01-26,"In his definitive introduction to Zen Buddhism, Alan Watts (""the perfect guide for a course correction in life"" —Deepak Chopra), explains the principles and practices of this ancient religion. With a rare combination of freshness and lucidity, he delves into the origins and history of Zen to explain what it means for the world today with incredible clarity. Watts saw Zen as “one of the most precious gifts of Asia to the world,” and in The Way of Zen he gives this gift to readers everywhere. “Perhaps the foremost interpreter of Eastern disciplines for the contemporary West, Watts had the rare gift of ‘writing beautifully the unwritable.’” —Los Angeles Times","[{'type': 'ISBN_13', 'identifier': '9780375705106'}, {'type': 'ISBN_10', 'identifier': '0375705104'}]","{'text': False, 'image': False}",257.0,BOOK,['Philosophy'],NOT_MATURE,False,0.5.0.0.preview.0,"{'containsEpubBubbles': False, 'containsImageBubbles': False}","{'smallThumbnail': 'http://books.google.com/books/content?id=w8pvDwAAQBAJ&printsec=frontcover&img=1&zoom=5&edge=curl&source=gbs_api', 'thumbnail': 'http://books.google.com/books/content?id=w8pvDwAAQBAJ&printsec=frontcover&img=1&zoom=1&edge=curl&source=gbs_api'}",en,http://books.google.com/books?id=w8pvDwAAQBAJ&printsec=frontcover&dq=isbn:9780375705106&hl=&cd=1&source=gbs_api,http://books.google.com/books?id=w8pvDwAAQBAJ&dq=isbn:9780375705106&hl=&source=gbs_api,https://books.google.com/books/about/The_Way_of_Zen.html?hl=&id=w8pvDwAAQBAJ,,,,9780375705106,0375705104,,http://books.google.com/books/content?id=w8pvDwAAQBAJ&printsec=frontcover&img=1&zoom=5&edge=curl&source=gbs_api,http://books.google.com/books/content?id=w8pvDwAAQBAJ&printsec=frontcover&img=1&zoom=1&edge=curl&source=gbs_api
28,9780060839789,"The Professor and the Madman: A Tale of Murder, Insanity and the Making of the Oxford English Dictionary",Simon Winchester,2024-12-26,2024-12-30,2024,True,The Professor and the Madman,['Simon Winchester'],Harper Perennial,2005-07-05,"The Professor and the Madman, masterfully researched and eloquently written, is an extraordinary tale of madness, genius, and the incredible obsessions of two remarkable men that led to the making of the Oxford English Dictionary -- and literary history. The compilation of the OED began in 1857, it was one of the most ambitious projects ever undertaken. As definitions were collected, the overseeing committee, led by Professor James Murray, discovered that one man, Dr. W. C. Minor, had submitted more than ten thousand. When the committee insisted on honoring him, a shocking truth came to light: Dr. Minor, an American Civil War veteran, was also an inmate at an asylum for the criminally insane. This P.S. edition features an extra 16 pages of insights into the book, including author interviews, recommended reading, and more.","[{'type': 'ISBN_10', 'identifier': '0060839783'}, {'type': 'ISBN_13', 'identifier': '9780060839789'}]","{'text': False, 'image': False}",288.0,BOOK,['Biography & Autobiography'],NOT_MATURE,False,preview-1.0.0,,"{'smallThumbnail': 'http://books.google.com/books/content?id=D4KblwEACAAJ&printsec=frontcover&img=1&zoom=5&source=gbs_api', 'thumbnail': 'http://books.google.com/books/content?id=D4KblwEACAAJ&printsec=frontcover&img=1&zoom=1&source=gbs_api'}",en,http://books.google.com/books?id=D4KblwEACAAJ&dq=isbn:9780060839789&hl=&cd=1&source=gbs_api,http://books.google.com/books?id=D4KblwEACAAJ&dq=isbn:9780060839789&hl=&source=gbs_api,https://books.google.com/books/about/The_Professor_and_the_Madman.html?hl=&id=D4KblwEACAAJ,"A Tale of Murder, Insanity, and the Making of the Oxford English Dictionary",,,9780060839789,0060839783,,http://books.google.com/books/content?id=D4KblwEACAAJ&printsec=frontcover&img=1&zoom=5&source=gbs_api,http://books.google.com/books/content?id=D4KblwEACAAJ&printsec=frontcover&img=1&zoom=1&source=gbs_api
265,9781631498282,Eight Days in May: The Final Collapse of the Third Reich,Volker Ullrich,2024-12-29,2025-01-26,2025,True,Eight Days in May,['Volker Ullrich'],Liveright Publishing,2021-09-21,"""[G]ripping, immaculately researched . . . In Mr. Ullrich’s account, the murderous behavior of the Reich’s last-ditch loyalists was not a reaction born of rage or of stubbornness in the face of defeat—common enough in war—but of something that had long ago tipped over into the pathological."" —Andrew Stuttaford, Wall Street Journal The best-selling author of Hitler: Ascent and Hitler: Downfall reconstructs the chaotic, otherworldly last days of Nazi Germany. In a bunker deep below Berlin’s Old Reich Chancellery, Adolf Hitler and his new bride, Eva Braun, took their own lives just after 3:00 p.m. on April 30, 1945—Hitler by gunshot to the temple, Braun by ingesting cyanide. But the Führer’s suicide did not instantly end either Nazism or the Second World War in Europe. Far from it: the eight days that followed were among the most traumatic in modern history, witnessing not only the final paroxysms of bloodshed and the frantic surrender of the Wehrmacht, but the total disintegration of the once-mighty Third Reich. In Eight Days in May, the award-winning historian and Hitler biographer Volker Ullrich draws on an astonishing variety of sources, including diaries and letters of ordinary Germans, to narrate a society’s descent into Hobbesian chaos. In the town of Demmin in the north, residents succumbed to madness and committed mass suicide. In Berlin, Soviet soldiers raped German civilians on a near-unprecedented scale. In Nazi-occupied Prague, Czech insurgents led an uprising in the hope that General George S. Patton would come to their aid but were brutally put down by German units in the city. Throughout the remains of Third Reich, huge numbers of people were on the move, creating a surrealistic tableau: death marches of concentration-camp inmates crossed paths with retreating Wehrmacht soldiers and groups of refugees; columns of POWs encountered those of liberated slave laborers and bombed-out people returning home. A taut, propulsive narrative, Eight Days in May takes us inside the phantomlike regime of Hitler’s chosen successor, Admiral Karl Dönitz, revealing how the desperate attempt to impose order utterly failed, as frontline soldiers deserted and Nazi Party fanatics called on German civilians to martyr themselves in a last stand against encroaching Allied forces. In truth, however, the post-Hitler government represented continuity more than change: its leaders categorically refused to take responsibility for their crimes against humanity, an attitude typical not just of the Nazi elite but also of large segments of the German populace. The consequences would be severe. Eight Days in May is not only an indispensable account of the Nazi endgame, but a historic work that brilliantly examines the costs of mass delusion.","[{'type': 'ISBN_13', 'identifier': '9781631498282'}, {'type': 'ISBN_10', 'identifier': '1631498282'}]","{'text': True, 'image': True}",374.0,BOOK,['History'],NOT_MATURE,True,1.3.3.0.preview.3,"{'containsEpubBubbles': False, 'containsImageBubbles': False}","{'smallThumbnail': 'http://books.google.com/books/content?id=LkYfEAAAQBAJ&printsec=frontcover&img=1&zoom=5&edge=curl&source=gbs_api', 'thumbnail': 'http://books.google.com/books/content?id=LkYfEAAAQBAJ&printsec=frontcover&img=1&zoom=1&edge=curl&source=gbs_api'}",en,http://books.google.com/books?id=LkYfEAAAQBAJ&printsec=frontcover&dq=isbn:9781631498282&hl=&cd=1&source=gbs_api,https://play.google.com/store/books/details?id=LkYfEAAAQBAJ&source=gbs_api,https://play.google.com/store/books/details?id=LkYfEAAAQBAJ,The Final Collapse of the Third Reich,,,9781631498282,1631498282,,http://books.google.com/books/content?id=LkYfEAAAQBAJ&printsec=frontcover&img=1&zoom=5&edge=curl&source=gbs_api,http://books.google.com/books/content?id=LkYfEAAAQBAJ&printsec=frontcover&img=1&zoom=1&edge=curl&source=gbs_api
268,9780142437179,The Adventures of Huckleberry Finn,Mark Twain,2025-01-01,2025-01-07,2025,True,The Adventures of Huckleberry Finn,['Mark Twain'],Penguin Classics,2002-12-31,"A feisty young boy fakes his own death to escape his abusive father and heads off down the Mississippi River with his newfound friend Jim, a runaway slave.","[{'type': 'ISBN_10', 'identifier': '0142437174'}, {'type': 'ISBN_13', 'identifier': '9780142437179'}]","{'text': False, 'image': False}",327.0,BOOK,['Fiction'],NOT_MATURE,False,preview-1.0.0,"{'containsEpubBubbles': False, 'containsImageBubbles': False}","{'smallThumbnail': 'http://books.google.com/books/content?id=Gw2tzwEACAAJ&printsec=frontcover&img=1&zoom=5&source=gbs_api', 'thumbnail': 'http://books.google.com/books/content?id=Gw2tzwEACAAJ&printsec=frontcover&img=1&zoom=1&source=gbs_api'}",en,http://books.google.com/books?id=Gw2tzwEACAAJ&dq=isbn:9780142437179&hl=&cd=1&source=gbs_api,http://books.google.com/books?id=Gw2tzwEACAAJ&dq=isbn:9780142437179&hl=&source=gbs_api,https://books.google.com/books/about/The_Adventures_of_Huckleberry_Finn.html?hl=&id=Gw2tzwEACAAJ,,,,9780142437179,0142437174,,http://books.google.com/books/content?id=Gw2tzwEACAAJ&printsec=frontcover&img=1&zoom=5&source=gbs_api,http://books.google.com/books/content?id=Gw2tzwEACAAJ&printsec=frontcover&img=1&zoom=1&source=gbs_api
269,9780593653227,We Solve Murders,Richard Osman,2025-01-05,2025-01-07,2025,True,We Solve Murders,['Richard Osman'],Penguin,2024-09-17,"INSTANT NEW YORK TIMES BESTSELLER! “Madcap fun, with an entertaining new cast of characters and Osman’s trademark wit. Delightful!” —Shari Lapena From the #1 bestselling author of The Thursday Murder Club Series A brand new mystery. An iconic new detective duo. And a thrilling new murder to solve . . . Steve Wheeler is enjoying retired life. He still does the odd bit of investigation work, but he prefers his familiar routines: the pub quiz, his favorite bench, his cat waiting for him at home. His days of adventure are over. Adrenaline is daughter-in-law Amy’s job now. Amy Wheeler thinks adrenaline is good for the soul. Working in private security, every day is dangerous. She’s currently on a remote island protecting mega-bestselling author Rosie D’Antonio, until a dead body and a bag of money mean trouble in paradise. So she sends an SOS to the only person she trusts . . . As a thrilling race around the world begins, can Amy and Steve outrun and outsmart a killer? Solving murders. It’s a family business.","[{'type': 'ISBN_13', 'identifier': '9780593653227'}, {'type': 'ISBN_10', 'identifier': '059365322X'}]","{'text': False, 'image': False}",401.0,BOOK,['Fiction'],NOT_MATURE,False,1.1.1.0.preview.0,"{'containsEpubBubbles': False, 'containsImageBubbles': False}","{'smallThumbnail': 'http://books.google.com/books/content?id=w6jpEAAAQBAJ&printsec=frontcover&img=1&zoom=5&edge=curl&source=gbs_api', 'thumbnail': 'http://books.google.com/books/content?id=w6jpEAAAQBAJ&printsec=frontcover&img=1&zoom=1&edge=curl&source=gbs_api'}",en,http://books.google.com/books?id=w6jpEAAAQBAJ&printsec=frontcover&dq=isbn:9780593653227&hl=&cd=1&source=gbs_api,http://books.google.com/books?id=w6jpEAAAQBAJ&dq=isbn:9780593653227&hl=&source=gbs_api,https://books.google.com/books/about/We_Solve_Murders.html?hl=&id=w6jpEAAAQBAJ,A Novel,,,9780593653227,059365322X,,http://books.google.com/books/content?id=w6jpEAAAQBAJ&printsec=frontcover&img=1&zoom=5&edge=curl&source=gbs_api,http://books.google.com/books/content?id=w6jpEAAAQBAJ&printsec=frontcover&img=1&zoom=1&edge=curl&source=gbs_api
301,9780385550369,James,Percival Everett,2025-01-07,2025-01-22,2025,True,James,['Percival Everett'],Doubleday Books,2024,"#1 NEW YORK TIMES BESTSELLER - NATIONAL BOOK AWARD WINNER - ONE OF THE NEW YORK TIMES BOOK REVIEW'S 10 BEST BOOKS OF THE YEAR - SHORTLISTED FOR THE BOOKER PRIZE - KIRKUS PRIZE WINNER - A brilliant, action-packed reimagining of Adventures of Huckleberry Finn, both harrowing and darkly humorous, told from the enslaved Jim's point of view In development as a feature film to be produced by Steven Spielberg - A Best Book of the Year: The New York Times Book Review, LA Times, The New Yorker, The Atlantic, The Economist, TIME, and more. ""Genius""--The Atlantic - ""A masterpiece that will help redefine one of the classics of American literature, while also being a major achievement on its own.""--Chicago Tribune - ""A provocative, enlightening literary work of art.""--The Boston Globe - ""Everett's most thrilling novel, but also his most soulful.""--The New York Times When the enslaved Jim overhears that he is about to be sold to a man in New Orleans, separated from his wife and daughter forever, he decides to hide on nearby Jackson Island until he can formulate a plan. Meanwhile, Huck Finn has faked his own death to escape his violent father, recently returned to town. As all readers of American literature know, thus begins the dangerous and transcendent journey by raft down the Mississippi River toward the elusive and too-often-unreliable promise of the Free States and beyond. While many narrative set pieces of Adventures of Huckleberry Finn remain in place (floods and storms, stumbling across both unexpected death and unexpected treasure in the myriad stopping points along the river's banks, encountering the scam artists posing as the Duke and Dauphin...), Jim's agency, intelligence and compassion are shown in a radically new light. Brimming with the electrifying humor and lacerating observations that have made Everett a ""literary icon"" (Oprah Daily), and one of the most decorated writers of our lifetime, James is destined to be a cornerstone of twenty-first century American literature.","[{'type': 'ISBN_10', 'identifier': '0385550367'}, {'type': 'ISBN_13', 'identifier': '9780385550369'}]","{'text': False, 'image': False}",318.0,BOOK,['Fiction'],NOT_MATURE,False,preview-1.0.0,"{'containsEpubBubbles': False, 'containsImageBubbles': False}","{'smallThumbnail': 'http://books.google.com/books/content?id=PeQE0AEACAAJ&printsec=frontcover&img=1&zoom=5&source=gbs_api', 'thumbnail': 'http://books.google.com/books/content?id=PeQE0AEACAAJ&printsec=frontcover&img=1&zoom=1&source=gbs_api'}",en,http://books.google.com/books?id=PeQE0AEACAAJ&dq=isbn:9780385550369&hl=&cd=1&source=gbs_api,http://books.google.com/books?id=PeQE0AEACAAJ&dq=isbn:9780385550369&hl=&source=gbs_api,https://books.google.com/books/about/James.html?hl=&id=PeQE0AEACAAJ,A Novel,,,9780385550369,0385550367,,http://books.google.com/books/content?id=PeQE0AEACAAJ&printsec=frontcover&img=1&zoom=5&source=gbs_api,http://books.google.com/books/content?id=PeQE0AEACAAJ&printsec=frontcover&img=1&zoom=1&source=gbs_api
276,9780593133491,Long Island Compromise,Taffy Brodesser-Akner,2025-01-22,2025-01-29,2025,True,Long Island Compromise,['Taffy Brodesser-Akner'],Random House,2024-07-09,"NATIONAL BESTSELLER • An exhilarating novel about one American family and the dark moment that shatters their suburban paradise, from the New York Times bestselling author of Fleishman Is in Trouble New York Times Book Review Editors’ Choice • New York Magazine’s Beach Read Book Club Pick • Belletrist Book Club Pick A BEST BOOK OF THE YEAR: The New York Times Book Review, Oprah Daily, The New Yorker, Time, The Washington Post, NPR, Vogue, Town & Country, New York Post, Harper’s Bazaar, Elle, Parade, Kirkus Reviews “Joins the pantheon of great American novels.”—Los Angeles Times “Exuberant and absorbing . . . a big old-fashioned social novel.”—The Atlantic “Were we gangsters? No. But did we know how to start a fire?” In 1980, a wealthy businessman named Carl Fletcher is kidnapped from his driveway, brutalized, and held for ransom. He is returned to his wife and kids less than a week later, only slightly the worse, and the family moves on with their lives, resuming their prized places in the saga of the American dream, comforted in the realization that though their money may have been what endangered them, it is also what assured them their safety. But now, nearly forty years later, it’s clear that perhaps nobody ever got over anything, after all. Carl has spent the ensuing years secretly seeking closure to the matter of his kidnapping, while his wife, Ruth, has spent her potential protecting her husband’s emotional health. Their three grown children aren’t doing much better: Nathan’s chronic fear won’t allow him to advance at his law firm; Beamer, a Hollywood screenwriter, will consume anything—substance, foodstuff, women—in order to numb his own perpetual terror; and Jenny has spent her life so bent on proving that she’s not a product of her family’s pathology that she has come to define it. As they hover at the delicate precipice of a different kind of survival, they learn that the family fortune has dwindled to just about nothing, and they must face desperate questions about how much their wealth has played a part in both their lives’ successes and failures. Long Island Compromise spans the entirety of one family’s history, winding through decades and generations, all the way to the outrageous present, and confronting the mainstays of American Jewish life: tradition, the pursuit of success, the terror of history, fear of the future, old wives’ tales, evil eyes, ambition, achievement, boredom, dybbuks, inheritance, pyramid schemes, right-wing capitalists, beta-blockers, psychics, and the mostly unspoken love and shared experience that unite a family forever.","[{'type': 'ISBN_13', 'identifier': '9780593133491'}, {'type': 'ISBN_10', 'identifier': '0593133498'}]","{'text': False, 'image': False}",465.0,BOOK,['Fiction'],MATURE,False,1.3.2.0.preview.0,"{'containsEpubBubbles': False, 'containsImageBubbles': False}","{'smallThumbnail': 'http://books.google.com/books/content?id=nqftEAAAQBAJ&printsec=frontcover&img=1&zoom=5&edge=curl&source=gbs_api', 'thumbnail': 'http://books.google.com/books/content?id=nqftEAAAQBAJ&printsec=frontcover&img=1&zoom=1&edge=curl&source=gbs_api'}",en,http://books.google.com/books?id=nqftEAAAQBAJ&printsec=frontcover&dq=isbn:9780593133491&hl=&cd=1&source=gbs_api,http://books.google.com/books?id=nqftEAAAQBAJ&dq=isbn:9780593133491&hl=&source=gbs_api,https://books.google.com/books/about/Long_Island_Compromise.html?hl=&id=nqftEAAAQBAJ,A Novel,,,9780593133491,0593133498,,http://books.google.com/books/content?id=nqftEAAAQBAJ&printsec=frontcover&img=1&zoom=5&edge=curl&source=gbs_api,http://books.google.com/books/content?id=nqftEAAAQBAJ&printsec=frontcover&img=1&zoom=1&edge=curl&source=gbs_api
290,9781639366835,"A Devil Went Down to Georgia: Race, Power, Privilege, and the Murder of Lita McClinton",Deb Miller Landau,2025-01-26,2025-01-29,2025,True,A Devil Went Down to Georgia,['Deb Miller Landau'],Pegasus Crime,2024-08-06,"A riveting narrative that pieces together the life and murder of Black socialite Lita McClinton Sullivan—and the journey to bring her true killer to justice. The murder of Lita McClinton Sullivan sent shockwaves through the affluent suburb of Buckhead, Georgia like few other crimes before it. The neighborhood, with its picturesque homes and top-tier schools, was simply not the kind of place where women were gunned down in cold blood and on their own doorstep. How many socialites had enemies so dangerous they would be murdered by a hitman pretending to deliver roses at 8:15 in the morning? Lita was an intelligent, accomplished, and stunning Black woman from a respected Atlanta family, but her interracial marriage to soon-to-be-millionaire Jim Sullivan was still a newsworthy occurrence at the time in Macon, Georgia. There was trouble from the start. Jim’s charm couldn't smooth over the blatant racism Lita experienced in Macon, and Jim’s behavior quickly became bizarre and controlling. At first, Jim just seemed oddly frugal, wearing his dead grandfather's underwear and squireling away condiment packages. Then he isolated Lita from her friends and family, monitored every aspect of her life, and berated her for spending any money. He then sold his company for millions and bought a mansion in Palm Springs, Florida—without telling his wife. It was the final straw for Lita. She filed for divorce, loaded up her belongings in a U-Haul, and did not look back. But as the legal battle over the divorce and their prenuptial agreement dragged on, the now reclusive millionaire had a chance encounter with Tony Harwood, an itinerant truck driver. As the two commiserated, Jim let slip his divorce woes. Harwood would later claim his response that he could ""take care of Jim's wife problem"" for $25,000 was a joke. That was until a certified check for a $12,500 down payment appeared in his mailbox. In A Devil Went Down to Georgia, Deb Miller Landau details the shocking events that followed; the shoddy police work the McClinton family logically still blames on racial bias; the manhunt for Jim spanning almost two decades and three countries after the DA allowed him to run; and Jim's long-overdue conviction. The twists and turns of this trial seem never-ending, but Landau's rigorous investigation is the first complete account of this tragic American crime and brings long-overdue recognition to Lita and her family's fight for justice.","[{'type': 'ISBN_10', 'identifier': '1639366830'}, {'type': 'ISBN_13', 'identifier': '9781639366835'}]","{'text': False, 'image': False}",400.0,BOOK,['True Crime'],NOT_MATURE,False,preview-1.0.0,"{'containsEpubBubbles': False, 'containsImageBubbles': False}","{'smallThumbnail': 'http://books.google.com/books/content?id=oeE60AEACAAJ&printsec=frontcover&img=1&zoom=5&source=gbs_api', 'thumbnail': 'http://books.google.com/books/content?id=oeE60AEACAAJ&printsec=frontcover&img=1&zoom=1&source=gbs_api'}",en,http://books.google.com/books?id=oeE60AEACAAJ&dq=isbn:9781639366835&hl=&cd=1&source=gbs_api,http://books.google.com/books?id=oeE60AEACAAJ&dq=isbn:9781639366835&hl=&source=gbs_api,https://books.google.com/books/about/A_Devil_Went_Down_to_Georgia.html?hl=&id=oeE60AEACAAJ,"Race, Power, Privilege, and the Notorious Murder of Lita McClinton",,,9781639366835,1639366830,,http://books.google.com/books/content?id=oeE60AEACAAJ&printsec=frontcover&img=1&zoom=5&source=gbs_api,http://books.google.com/books/content?id=oeE60AEACAAJ&printsec=frontcover&img=1&zoom=1&source=gbs_api
289,9781324021469,Dinosaurs,Lydia Millet,2025-01-29,2025-02-02,2025,True,Dinosaurs,['Lydia Millet'],National Geographic Books,2022-10-11,"Named one of the Most Anticipated Books of 2022 by Boston Globe, Literary Hub and The Millions A stunning new novel from the author of A Children’s Bible, a National Book Award finalist and one of the New York Times' 10 Best Books of 2020. Over twelve novels and two collections Lydia Millet has emerged as a major American novelist. Hailed as ""a writer without limits"" (Karen Russell) and ""a stone-cold genius"" (Jenny Offill), Millet makes fiction that vividly evokes the ties between people and other animals and the crisis of extinction. Her exquisite new novel is the story of a man named Gil who walks from New York to Arizona to recover from a failed love. After he arrives, new neighbors move into the glass-walled house next door and his life begins to mesh with theirs. In this warmly textured, drily funny, and philosophical account of Gil’s unexpected devotion to the family, Millet explores the uncanny territory where the self ends and community begins—what one person can do in a world beset by emergencies. Dinosaurs is both sharp-edged and tender, an emotionally moving, intellectually resonant novel that asks: In the shadow of existential threat, where does hope live?","[{'type': 'ISBN_13', 'identifier': '9781324021469'}, {'type': 'ISBN_10', 'identifier': '1324021462'}]","{'text': True, 'image': False}",240.0,BOOK,['Fiction'],NOT_MATURE,False,preview-1.0.0,"{'containsEpubBubbles': False, 'containsImageBubbles': False}","{'smallThumbnail': 'http://books.google.com/books/content?id=ZWuPEAAAQBAJ&printsec=frontcover&img=1&zoom=5&source=gbs_api', 'thumbnail': 'http://books.google.com/books/content?id=ZWuPEAAAQBAJ&printsec=frontcover&img=1&zoom=1&source=gbs_api'}",en,http://books.google.com/books?id=ZWuPEAAAQBAJ&dq=isbn:9781324021469&hl=&cd=1&source=gbs_api,http://books.google.com/books?id=ZWuPEAAAQBAJ&dq=isbn:9781324021469&hl=&source=gbs_api,https://books.google.com/books/about/Dinosaurs.html?hl=&id=ZWuPEAAAQBAJ,A Novel,,,9781324021469,1324021462,,http://books.google.com/books/content?id=ZWuPEAAAQBAJ&printsec=frontcover&img=1&zoom=5&source=gbs_api,http://books.google.com/books/content?id=ZWuPEAAAQBAJ&printsec=frontcover&img=1&zoom=1&source=gbs_api
299,9781982116521,Creation Lake,Rachel Kushner,2025-01-30,2025-02-09,2025,True,Creation Lake,['Rachel Kushner'],Simon and Schuster,2024-09-03,An American infiltrates a French anarchist group and develops a bond with its enigmatic leader.,"[{'type': 'ISBN_13', 'identifier': '9781982116521'}, {'type': 'ISBN_10', 'identifier': '1982116528'}]","{'text': False, 'image': False}",416.0,BOOK,['Fiction'],NOT_MATURE,False,1.6.1.0.preview.0,"{'containsEpubBubbles': False, 'containsImageBubbles': False}","{'smallThumbnail': 'http://books.google.com/books/content?id=wHnzEAAAQBAJ&printsec=frontcover&img=1&zoom=5&edge=curl&source=gbs_api', 'thumbnail': 'http://books.google.com/books/content?id=wHnzEAAAQBAJ&printsec=frontcover&img=1&zoom=1&edge=curl&source=gbs_api'}",en,http://books.google.com/books?id=wHnzEAAAQBAJ&printsec=frontcover&dq=isbn:9781982116521&hl=&cd=1&source=gbs_api,http://books.google.com/books?id=wHnzEAAAQBAJ&dq=isbn:9781982116521&hl=&source=gbs_api,https://books.google.com/books/about/Creation_Lake.html?hl=&id=wHnzEAAAQBAJ,A Novel,,,9781982116521,1982116528,,http://books.google.com/books/content?id=wHnzEAAAQBAJ&printsec=frontcover&img=1&zoom=5&edge=curl&source=gbs_api,http://books.google.com/books/content?id=wHnzEAAAQBAJ&printsec=frontcover&img=1&zoom=1&edge=curl&source=gbs_api
292,9781644450222,Telephone,Percival Everett,2025-02-02,2025-02-10,2025,True,Telephone,['Percival Everett'],Graywolf Press,2020-05-05,"An astonishing new novel of loss and grief from “one of our culture’s preeminent novelists” (Los Angeles Times) Zach Wells is a perpetually dissatisfied geologist-slash-paleobiologist. Expert in a very narrow area—the geological history of a cave forty-four meters above the Colorado River in the Grand Canyon—he is a laconic man who plays chess with his daughter, trades puns with his wife while she does yoga, and dodges committee work at the college where he teaches. After a field trip to the desert yields nothing more than a colleague with a tenure problem and a student with an unwelcome crush on him, Wells returns home to find his world crumbling. His daughter has lost her edge at chess, she has developed mysterious eye problems, and her memory has lost its grasp. Powerless in the face of his daughter’s slow deterioration, he finds a mysterious note asking for help tucked into the pocket of a jacket he’s ordered off eBay. Desperate for someone to save, he sets off to New Mexico in secret on a quixotic rescue mission. A deeply affecting story about the lengths to which loss and grief will drive us, Telephone is a Percival Everett novel we should have seen coming all along, one that will shake you to the core as it asks questions about the power of narrative to save.","[{'type': 'ISBN_10', 'identifier': '1644450224'}, {'type': 'ISBN_13', 'identifier': '9781644450222'}]","{'text': False, 'image': False}",224.0,BOOK,['Fiction'],NOT_MATURE,False,preview-1.0.0,"{'containsEpubBubbles': False, 'containsImageBubbles': False}","{'smallThumbnail': 'http://books.google.com/books/content?id=Pmi9yQEACAAJ&printsec=frontcover&img=1&zoom=5&source=gbs_api', 'thumbnail': 'http://books.google.com/books/content?id=Pmi9yQEACAAJ&printsec=frontcover&img=1&zoom=1&source=gbs_api'}",en,http://books.google.com/books?id=Pmi9yQEACAAJ&dq=isbn:9781644450222&hl=&cd=1&source=gbs_api,http://books.google.com/books?id=Pmi9yQEACAAJ&dq=isbn:9781644450222&hl=&source=gbs_api,https://books.google.com/books/about/Telephone.html?hl=&id=Pmi9yQEACAAJ,A Novel,,,9781644450222,1644450224,,http://books.google.com/books/content?id=Pmi9yQEACAAJ&printsec=frontcover&img=1&zoom=5&source=gbs_api,http://books.google.com/books/content?id=Pmi9yQEACAAJ&printsec=frontcover&img=1&zoom=1&source=gbs_api
288,9780393867381,A Children's Bible,Lydia Millet,2025-02-03,2025-02-05,2025,True,A Children's Bible,['Lydia Millet'],National Geographic Books,2021-03-09,"A Children’s Bible follows a group of twelve eerily mature children on a forced vacation with their families at a sprawling lakeside mansion. Contemptuous of their parents, the children decide to run away when a destructive storm descends on the summer estate, embarking on a dangerous foray into the apocalyptic chaos outside. Lydia Millet’s prophetic and heartbreaking story of generational divide offers a haunting vision of what awaits us on the far side of Revelation.","[{'type': 'ISBN_13', 'identifier': '9780393867381'}, {'type': 'ISBN_10', 'identifier': '0393867382'}]","{'text': True, 'image': False}",240.0,BOOK,['Fiction'],NOT_MATURE,False,preview-1.0.0,"{'containsEpubBubbles': False, 'containsImageBubbles': False}","{'smallThumbnail': 'http://books.google.com/books/content?id=mmSNEAAAQBAJ&printsec=frontcover&img=1&zoom=5&source=gbs_api', 'thumbnail': 'http://books.google.com/books/content?id=mmSNEAAAQBAJ&printsec=frontcover&img=1&zoom=1&source=gbs_api'}",en,http://books.google.com/books?id=mmSNEAAAQBAJ&dq=isbn:9780393867381&hl=&cd=1&source=gbs_api,http://books.google.com/books?id=mmSNEAAAQBAJ&dq=isbn:9780393867381&hl=&source=gbs_api,https://books.google.com/books/about/A_Children_s_Bible.html?hl=&id=mmSNEAAAQBAJ,A Novel,,,9780393867381,0393867382,,http://books.google.com/books/content?id=mmSNEAAAQBAJ&printsec=frontcover&img=1&zoom=5&source=gbs_api,http://books.google.com/books/content?id=mmSNEAAAQBAJ&printsec=frontcover&img=1&zoom=1&source=gbs_api
283,9780525510871,Fleishman Is in Trouble,Taffy Brodesser-Akner,2025-02-11,2025-02-21,2025,True,Fleishman Is in Trouble,['Taffy Brodesser-Akner'],Random House,2019-06-18,"NEW YORK TIMES BESTSELLER • NATIONAL BOOK AWARD LONGLIST • “A masterpiece” (NPR) about marriage, divorce, and the bewildering dynamics of ambition Now an Emmy Award–nominated FX limited series on Hulu, starring Claire Danes, Jesse Eisenberg, Lizzy Caplan, and Adam Brody ONE OF THE TEN BEST BOOKS OF THE YEAR: Entertainment Weekly, The New York Public Library ONE OF THE BEST BOOKS OF THE YEAR: The New York Times Book Review, Time, The Washington Post, USA Today Vanity Fair, Vogue, NPR, Chicago Tribune, GQ, Vox, Refinery29, Elle, The Guardian, Real Simple, Financial Times, Parade, Good Housekeeping, New Statesman, Marie Claire, Town & Country, Evening Standard, Thrillist, Booklist, Kirkus Reviews, BookPage, BookRiot, Shelf Awareness Toby Fleishman thought he knew what to expect when he and his wife of almost fifteen years separated: weekends and every other holiday with the kids, some residual bitterness, the occasional moment of tension in their co-parenting negotiations. He could not have predicted that one day, in the middle of his summer of sexual emancipation, Rachel would just drop their two children off at his place and simply not return. He had been working so hard to find equilibrium in his single life. The winds of his optimism, long dormant, had finally begun to pick up. Now this. As Toby tries to figure out where Rachel went, all while juggling his patients at the hospital, his never-ending parental duties, and his new app-assisted sexual popularity, his tidy narrative of the spurned husband with the too-ambitious wife is his sole consolation. But if Toby ever wants to truly understand what happened to Rachel and what happened to his marriage, he is going to have to consider that he might not have seen things all that clearly in the first place. A searing, utterly unvarnished debut, Fleishman Is in Trouble is an insightful, unsettling, often hilarious exploration of a culture trying to navigate the fault lines of an institution that has proven to be worthy of our great wariness and our great hope. Alma’s Best Jewish Novel of the Year • Finalist for the National Book Critics Circle’s John Leonard Prize for Best First Book","[{'type': 'ISBN_13', 'identifier': '9780525510871'}, {'type': 'ISBN_10', 'identifier': '0525510877'}]","{'text': False, 'image': False}",386.0,BOOK,['Fiction'],MATURE,False,0.5.0.0.preview.0,"{'containsEpubBubbles': False, 'containsImageBubbles': False}","{'smallThumbnail': 'http://books.google.com/books/content?id=rq6ZDwAAQBAJ&printsec=frontcover&img=1&zoom=5&edge=curl&source=gbs_api', 'thumbnail': 'http://books.google.com/books/content?id=rq6ZDwAAQBAJ&printsec=frontcover&img=1&zoom=1&edge=curl&source=gbs_api'}",en,http://books.google.com/books?id=rq6ZDwAAQBAJ&printsec=frontcover&dq=isbn:9780525510871&hl=&cd=1&source=gbs_api,http://books.google.com/books?id=rq6ZDwAAQBAJ&dq=isbn:9780525510871&hl=&source=gbs_api,https://books.google.com/books/about/Fleishman_Is_in_Trouble.html?hl=&id=rq6ZDwAAQBAJ,A Novel,,,9780525510871,0525510877,,http://books.google.com/books/content?id=rq6ZDwAAQBAJ&printsec=frontcover&img=1&zoom=5&edge=curl&source=gbs_api,http://books.google.com/books/content?id=rq6ZDwAAQBAJ&printsec=frontcover&img=1&zoom=1&edge=curl&source=gbs_api
306,9781982122126,Animal,Lisa Taddeo,2025-02-11,2025-02-20,2025,True,Animal,['Lisa Taddeo'],Simon and Schuster,2021-06-08,"""Joan has spent a lifetime enduring the cruelties of men. But when one of them commits a shocking act of violence in front of her, she flees New York City in search of Alice, the only person alive who can help her make sense of her past. In the sweltering hills above Los Angeles, Joan unravels the horrific event she witnessed as a child--that has haunted her every waking moment--while forging the power to finally strike back.""--","[{'type': 'ISBN_13', 'identifier': '9781982122126'}, {'type': 'ISBN_10', 'identifier': '1982122129'}]","{'text': False, 'image': False}",336.0,BOOK,['Fiction'],MATURE,False,0.3.2.0.preview.0,"{'containsEpubBubbles': False, 'containsImageBubbles': False}","{'smallThumbnail': 'http://books.google.com/books/content?id=jJ0tEAAAQBAJ&printsec=frontcover&img=1&zoom=5&edge=curl&source=gbs_api', 'thumbnail': 'http://books.google.com/books/content?id=jJ0tEAAAQBAJ&printsec=frontcover&img=1&zoom=1&edge=curl&source=gbs_api'}",en,http://books.google.com/books?id=jJ0tEAAAQBAJ&printsec=frontcover&dq=isbn:9781982122126&hl=&cd=1&source=gbs_api,http://books.google.com/books?id=jJ0tEAAAQBAJ&dq=isbn:9781982122126&hl=&source=gbs_api,https://books.google.com/books/about/Animal.html?hl=&id=jJ0tEAAAQBAJ,A Novel,,,9781982122126,1982122129,,http://books.google.com/books/content?id=jJ0tEAAAQBAJ&printsec=frontcover&img=1&zoom=5&edge=curl&source=gbs_api,http://books.google.com/books/content?id=jJ0tEAAAQBAJ&printsec=frontcover&img=1&zoom=1&edge=curl&source=gbs_api
279,9780062357250,Native Son,Richard Wright,2025-02-25,2025-03-16,2025,True,Native Son,['Richard Wright'],Harper Perennial,2014-09-16,"Right from the start, Bigger Thomas had been headed for jail. It could have been for assault or petty larceny; by chance, it was for murder and rape. Native Son tells the story of this young black man caught in a downward spiral after he kills a young white woman in a brief moment of panic. Set in Chicago in the 1930s, Richard Wright’s powerful novel is an unsparing reflection on the poverty and feelings of hopelessness experienced by people in inner cities across the country and of what it means to be black in America.","[{'type': 'ISBN_10', 'identifier': '0062357255'}, {'type': 'ISBN_13', 'identifier': '9780062357250'}]","{'text': False, 'image': False}",560.0,BOOK,['Fiction'],NOT_MATURE,False,preview-1.0.0,"{'containsEpubBubbles': False, 'containsImageBubbles': False}","{'smallThumbnail': 'http://books.google.com/books/content?id=Y7qpzwEACAAJ&printsec=frontcover&img=1&zoom=5&source=gbs_api', 'thumbnail': 'http://books.google.com/books/content?id=Y7qpzwEACAAJ&printsec=frontcover&img=1&zoom=1&source=gbs_api'}",en,http://books.google.com/books?id=Y7qpzwEACAAJ&dq=isbn:9780062357250&hl=&cd=1&source=gbs_api,http://books.google.com/books?id=Y7qpzwEACAAJ&dq=isbn:9780062357250&hl=&source=gbs_api,https://books.google.com/books/about/Native_Son.html?hl=&id=Y7qpzwEACAAJ,,,,9780062357250,0062357255,,http://books.google.com/books/content?id=Y7qpzwEACAAJ&printsec=frontcover&img=1&zoom=5&source=gbs_api,http://books.google.com/books/content?id=Y7qpzwEACAAJ&printsec=frontcover&img=1&zoom=1&source=gbs_api
308,9780525541943,Fair Play: A Game-Changing Solution for When You Have Too Much to Do,Eve Rodsky,2025-03-14,2025-05-01,2025,True,Fair Play: Reese's Book Club,['Eve Rodsky'],Penguin,2021-01-05,"AN INSTANT NEW YORK TIMES BESTSELLER • A REESE'S BOOK CLUB PICK Tired, stressed, and in need of more help from your partner? Imagine running your household (and life!) in a new way... It started with the Sh*t I Do List. Tired of being the “shefault” parent responsible for all aspects of her busy household, Eve Rodsky counted up all the unpaid, invisible work she was doing for her family—and then sent that list to her husband, asking for things to change. His response was...underwhelming. Rodsky realized that simply identifying the issue of unequal labor on the home front wasn't enough: She needed a solution to this universal problem. Her sanity, identity, career, and marriage depended on it. The result is Fair Play: a time- and anxiety-saving system that offers couples a completely new way to divvy up domestic responsibilities. Rodsky interviewed more than five hundred men and women from all walks of life to figure out what the invisible work in a family actually entails and how to get it all done efficiently. With 4 easy-to-follow rules, 100 household tasks, and a series of conversation starters for you and your partner, Fair Play helps you prioritize what's important to your family and who should take the lead on every chore, from laundry to homework to dinner. “Winning” this game means rebalancing your home life, reigniting your relationship with your significant other, and reclaiming your Unicorn Space—the time to develop the skills and passions that keep you interested and interesting. Stop drowning in to-dos and lose some of that invisible workload that's pulling you down. Are you ready to try Fair Play? Let's deal you in.","[{'type': 'ISBN_13', 'identifier': '9780525541943'}, {'type': 'ISBN_10', 'identifier': '0525541942'}]","{'text': False, 'image': False}",385.0,BOOK,['Social Science'],NOT_MATURE,False,0.7.4.0.preview.0,"{'containsEpubBubbles': False, 'containsImageBubbles': False}","{'smallThumbnail': 'http://books.google.com/books/content?id=MF4NEAAAQBAJ&printsec=frontcover&img=1&zoom=5&edge=curl&source=gbs_api', 'thumbnail': 'http://books.google.com/books/content?id=MF4NEAAAQBAJ&printsec=frontcover&img=1&zoom=1&edge=curl&source=gbs_api'}",en,http://books.google.com/books?id=MF4NEAAAQBAJ&printsec=frontcover&dq=isbn:9780525541943&hl=&cd=1&source=gbs_api,http://books.google.com/books?id=MF4NEAAAQBAJ&dq=isbn:9780525541943&hl=&source=gbs_api,https://books.google.com/books/about/Fair_Play_Reese_s_Book_Club.html?hl=&id=MF4NEAAAQBAJ,A Game-Changing Solution for When You Have Too Much to Do (and More Life to Live),,,9780525541943,0525541942,,http://books.google.com/books/content?id=MF4NEAAAQBAJ&printsec=frontcover&img=1&zoom=5&edge=curl&source=gbs_api,http://books.google.com/books/content?id=MF4NEAAAQBAJ&printsec=frontcover&img=1&zoom=1&edge=curl&source=gbs_api
307,9781984880963,The Thursday Murder Club,Richard Osman,2025-03-22,2025-04-07,2025,True,The Thursday Murder Club,['Richard Osman'],Pamela Dorman Books,2020,"""First published in hardcover in Great Britain by Viking, an imprint of Penguin Books, a division of Penguin Random House Ltd., London""--Copyright page.","[{'type': 'ISBN_13', 'identifier': '9781984880963'}, {'type': 'ISBN_10', 'identifier': '1984880969'}]","{'text': False, 'image': False}",370.0,BOOK,['Fiction'],NOT_MATURE,False,0.2.1.0.preview.0,"{'containsEpubBubbles': False, 'containsImageBubbles': False}","{'smallThumbnail': 'http://books.google.com/books/content?id=hFT5DwAAQBAJ&printsec=frontcover&img=1&zoom=5&edge=curl&source=gbs_api', 'thumbnail': 'http://books.google.com/books/content?id=hFT5DwAAQBAJ&printsec=frontcover&img=1&zoom=1&edge=curl&source=gbs_api'}",en,http://books.google.com/books?id=hFT5DwAAQBAJ&printsec=frontcover&dq=isbn:9781984880963&hl=&cd=1&source=gbs_api,http://books.google.com/books?id=hFT5DwAAQBAJ&dq=isbn:9781984880963&hl=&source=gbs_api,https://books.google.com/books/about/The_Thursday_Murder_Club.html?hl=&id=hFT5DwAAQBAJ,,3.5,2.0,9781984880963,1984880969,,http://books.google.com/books/content?id=hFT5DwAAQBAJ&printsec=frontcover&img=1&zoom=5&edge=curl&source=gbs_api,http://books.google.com/books/content?id=hFT5DwAAQBAJ&printsec=frontcover&img=1&zoom=1&edge=curl&source=gbs_api
294,9780593299821,The Barn: The Secret History of a Murder in Mississippi,Wright Thompson,2025-03-23,2025-04-09,2025,True,The Barn,['Wright Thompson'],Penguin,2024-09-24,"The instant New York Times bestseller • Named a Best Book of the Year by The Washington Post, Slate, Vanity Fair, TIME, Buzzfeed, Smithsonian, BookPage, KCUR, Kirkus, and Boston Globe • Nominated for a PEN America Literary Award “It literally changed my outlook on the world…incredible.” —Shonda Rhimes ""The Barn is serious history and skillful journalism, but with the nuance and wallop of a finely wrought novel… The Barn describes not just the poison of silence and lies, but also the dignity of courage and truth.” — The Washington Post “The most brutal, layered, and absolutely beautiful book about Mississippi, and really how the world conspired with the best and worst parts of Mississippi, I will ever read…Reporting and reckoning can get no better, or more important, than this.” —Kiese Laymon “An incredible history of a crime that changed America.” —John Grisham ""With integrity, and soul, Thompson unearths the terrible how and why, carrying us back and forth through time, deep in Mississippi—baring sweat, soil, and heart all the way through.” —Imani Perry A shocking and revelatory account of the murder of Emmett Till that lays bare the long lead-up to the crime and how the truth was hidden for so long In summer 1955, two men, Roy Bryant and J. W. Milam, were charged with the torture and murder of the fourteen-year-old Emmett Till in Money, Mississippi, and acquitted in a mockery of justice, leaving behind an ink cloud of a false confession. In The Barn, Wright Thompson reveals the true nature and location of the long night of hell that August: inside the barn of one of the killers, within the six-square-mile grid whose official name is Township 22 North, Range 4 West, Section 2, West Half, fabled in the Delta of myth as the birthplace of the blues, and twenty-three miles from Thompson’s own family farm. Wright Thompson has a deep, local understanding of this story—the world of the families of both Emmett Till and his killers, the historical forces that brought them together in the same place, and how the crime came to loom so large. Putting the killing floor of the barn on the map of West Half, and the Delta, and America, is a way onto the road this country must travel if we are to heal our oldest, deepest wound.","[{'type': 'ISBN_13', 'identifier': '9780593299821'}, {'type': 'ISBN_10', 'identifier': '0593299825'}]","{'text': False, 'image': False}",449.0,BOOK,['History'],NOT_MATURE,False,1.4.3.0.preview.0,"{'containsEpubBubbles': False, 'containsImageBubbles': False}","{'smallThumbnail': 'http://books.google.com/books/content?id=Uv3vEAAAQBAJ&printsec=frontcover&img=1&zoom=5&edge=curl&source=gbs_api', 'thumbnail': 'http://books.google.com/books/content?id=Uv3vEAAAQBAJ&printsec=frontcover&img=1&zoom=1&edge=curl&source=gbs_api'}",en,http://books.google.com/books?id=Uv3vEAAAQBAJ&printsec=frontcover&dq=isbn:9780593299821&hl=&cd=1&source=gbs_api,http://books.google.com/books?id=Uv3vEAAAQBAJ&dq=isbn:9780593299821&hl=&source=gbs_api,https://books.google.com/books/about/The_Barn.html?hl=&id=Uv3vEAAAQBAJ,The Secret History of a Murder in Mississippi,,,9780593299821,0593299825,,http://books.google.com/books/content?id=Uv3vEAAAQBAJ&printsec=frontcover&img=1&zoom=5&edge=curl&source=gbs_api,http://books.google.com/books/content?id=Uv3vEAAAQBAJ&printsec=frontcover&img=1&zoom=1&edge=curl&source=gbs_api
284,9780375703867,White Teeth,Zadie Smith,2025-04-20,2025-09-29,2025,True,White Teeth,['Zadie Smith'],Vintage,2000,"NATIONAL BESTSELLER • Updated for the 25th Anniversary with a new introduction by the author • The blockbuster debut novel from “a preternaturally gifted” writer (The New York Times) and author of On Beauty and Swing Time—set against London's racial and cultural tapestry, reveling in the ecstatic hodgepodge of modern life, flirting with disaster, and embracing the comedy of daily existence. One of the New York Times’s 100 Best Books of the 21st Century Zadie Smith’s dazzling debut caught critics grasping for comparisons and deciding on everyone from Charles Dickens to Salman Rushdie to John Irving and Martin Amis. But the truth is that Zadie Smith’s voice is remarkably, fluently, and altogether wonderfully her own. At the center of this invigorating novel are two unlikely friends, Archie Jones and Samad Iqbal. Hapless veterans of World War II, Archie and Samad and their families become agents of England’s irrevocable transformation. A second marriage to Clara Bowden, a beautiful, albeit tooth-challenged, Jamaican half his age, quite literally gives Archie a second lease on life, and produces Irie, a knowing child whose personality doesn’t quite match her name (Jamaican for “no problem”). Samad’s late-in-life arranged marriage (he had to wait for his bride to be born), produces twin sons whose separate paths confound Iqbal’s every effort to direct them, and a renewed, if selective, submission to his Islamic faith. “[White Teeth] is, like the London it portrays, a restless hybrid of voices, tones, and textures…with a raucous energy and confidence.” —The New York Times Book Review","[{'type': 'ISBN_10', 'identifier': '0375703861'}, {'type': 'ISBN_13', 'identifier': '9780375703867'}]","{'text': False, 'image': False}",468.0,BOOK,['Fiction'],NOT_MATURE,False,1.4.2.0.preview.0,"{'containsEpubBubbles': False, 'containsImageBubbles': False}","{'smallThumbnail': 'http://books.google.com/books/content?id=BJtud-Wbt9YC&printsec=frontcover&img=1&zoom=5&source=gbs_api', 'thumbnail': 'http://books.google.com/books/content?id=BJtud-Wbt9YC&printsec=frontcover&img=1&zoom=1&source=gbs_api'}",en,http://books.google.com/books?id=BJtud-Wbt9YC&dq=isbn:9780375703867&hl=&cd=1&source=gbs_api,http://books.google.com/books?id=BJtud-Wbt9YC&dq=isbn:9780375703867&hl=&source=gbs_api,https://books.google.com/books/about/White_Teeth.html?hl=&id=BJtud-Wbt9YC,A Novel,3.5,18.0,9780375703867,0375703861,,http://books.google.com/books/content?id=BJtud-Wbt9YC&printsec=frontcover&img=1&zoom=5&source=gbs_api,http://books.google.com/books/content?id=BJtud-Wbt9YC&printsec=frontcover&img=1&zoom=1&source=gbs_api
271,9780593731680,Mỹ Documents,Kevin Nguyen,2025-06-06,2025-06-14,2025,True,My Documents,['Kevin Nguyen'],Random House,2025-04-08,"The paths of four family members diverge drastically when the U.S. government begins detaining Vietnamese Americans, in this “rich, gripping novel that lands squarely as a mirror of our contemporary moral squalor” (Los Angeles Times). “Comically macabre . . . Nguyen [is] a stellar satirist who takes bold imaginative risks.”—The New York Times (Editors’ Choice) A BEST BOOK OF THE YEAR: TIME, THE NEW YORKER, ESQUIRE Ursula, Alvin, Jen, and Duncan grew up as cousins in the sprawling Nguyen family. As young adults, they’re on the precipice of new ventures: Ursula as a budding journalist in Manhattan, Alvin as an engineering intern for Google, Jen as a naïve freshman at NYU, and Duncan as a promising newcomer on his high school football team. Their lives are upended when a series of violent, senseless attacks across America creates a national panic, prompting a government policy that pushes Vietnamese Americans into internment camps. Jen and Duncan are sent with their mother to Camp Tacoma while Ursula and Alvin receive exemptions. Cut off entirely from the outside world, forced to work jobs they hate, Jen and Duncan try to withstand long, dusty days in camp and acclimate to life without the internet. That is, until Jen discovers a way to get messages to the outside. Her first instinct is to reach out to Ursula, who sees this connection as a chance to tell the world about the horrors of camp—and as an opportunity to bolster her own reporting career in the process. Informed by real-life events, from Japanese incarceration to the Vietnam War and modern-day immigrant detention, Kevin Nguyen’s novel gives us a version of reality only a few degrees away from our own. Moving and finely attuned to both the brutalities and mundanities of racism, Mỹ Documents is a strangely funny and touching portrait of American ambition, fear, and family. The story of the Nguyens is one of resilience and how we return to one another, and to ourselves, after tragedy.","[{'type': 'ISBN_13', 'identifier': '9780593731680'}, {'type': 'ISBN_10', 'identifier': '0593731689'}]","{'text': False, 'image': True}",353.0,BOOK,['Fiction'],NOT_MATURE,False,1.1.1.0.preview.1,"{'containsEpubBubbles': False, 'containsImageBubbles': False}","{'smallThumbnail': 'http://books.google.com/books/content?id=Ww4cEQAAQBAJ&printsec=frontcover&img=1&zoom=5&edge=curl&source=gbs_api', 'thumbnail': 'http://books.google.com/books/content?id=Ww4cEQAAQBAJ&printsec=frontcover&img=1&zoom=1&edge=curl&source=gbs_api'}",en,http://books.google.com/books?id=Ww4cEQAAQBAJ&printsec=frontcover&dq=isbn:9780593731680&hl=&cd=1&source=gbs_api,http://books.google.com/books?id=Ww4cEQAAQBAJ&dq=isbn:9780593731680&hl=&source=gbs_api,https://books.google.com/books/about/My_Documents.html?hl=&id=Ww4cEQAAQBAJ,A Novel,,,9780593731680,0593731689,,http://books.google.com/books/content?id=Ww4cEQAAQBAJ&printsec=frontcover&img=1&zoom=5&edge=curl&source=gbs_api,http://books.google.com/books/content?id=Ww4cEQAAQBAJ&printsec=frontcover&img=1&zoom=1&edge=curl&source=gbs_api
305,9781476756554,The Mars Room,Rachel Kushner,2025-06-13,2025-06-19,2025,True,The Mars Room,['Rachel Kushner'],Scribner,2018-05-01,"TIME’S #1 FICTION TITLE OF THE YEAR • NEW YORK TIMES NOTABLE BOOK OF 2018 FINALIST for the MAN BOOKER PRIZE and the NATIONAL BOOK CRITICS CIRCLE AWARD LONGLISTED for the ANDREW CARNEGIE MEDAL An instant New York Times bestseller from two-time National Book Award finalist Rachel Kushner, The Mars Room earned tweets from Margaret Atwood—“gritty, empathic, finely rendered, no sugar toppings, and a lot of punches, none of them pulled”—and from Stephen King—“The Mars Room is the real deal, jarring, horrible, compassionate, funny.” It’s 2003 and Romy Hall is at the start of two consecutive life sentences at Stanville Women’s Correctional Facility, deep in California’s Central Valley. Outside is the world from which she has been severed: the San Francisco of her youth and her young son, Jackson. Inside is a new reality: thousands of women hustling for the bare essentials needed to survive; the bluffing and pageantry and casual acts of violence by guards and prisoners alike; and the deadpan absurdities of institutional living, which Kushner evokes with great humor and precision. Stunning and unsentimental, The Mars Room demonstrates new levels of mastery and depth in Kushner’s work. It is audacious and tragic, propulsive and yet beautifully refined. As James Wood said in The New Yorker, her fiction “succeeds because it is so full of vibrantly different stories and histories, all of them particular, all of them brilliantly alive.”","[{'type': 'ISBN_10', 'identifier': '1476756554'}, {'type': 'ISBN_13', 'identifier': '9781476756554'}]","{'text': False, 'image': False}",338.0,BOOK,['Fiction'],NOT_MATURE,False,preview-1.0.0,"{'containsEpubBubbles': False, 'containsImageBubbles': False}","{'smallThumbnail': 'http://books.google.com/books/content?id=TzIGygEACAAJ&printsec=frontcover&img=1&zoom=5&source=gbs_api', 'thumbnail': 'http://books.google.com/books/content?id=TzIGygEACAAJ&printsec=frontcover&img=1&zoom=1&source=gbs_api'}",en,http://books.google.com/books?id=TzIGygEACAAJ&dq=isbn:9781476756554&hl=&cd=1&source=gbs_api,http://books.google.com/books?id=TzIGygEACAAJ&dq=isbn:9781476756554&hl=&source=gbs_api,https://books.google.com/books/about/The_Mars_Room.html?hl=&id=TzIGygEACAAJ,A Novel,,,9781476756554,1476756554,,http://books.google.com/books/content?id=TzIGygEACAAJ&printsec=frontcover&img=1&zoom=5&source=gbs_api,http://books.google.com/books/content?id=TzIGygEACAAJ&printsec=frontcover&img=1&zoom=1&source=gbs_api
264,9780099518785,Revolutionary Road,Richard Yates,2025-06-15,2025-06-24,2025,True,Revolutionary Road,['Richard Yates'],Random House,2009,"Hailed as a masterpiece from the moment of its first publication, Revolutionary Road is the story of Frank and April Wheeler, a bright, beautiful, and talented couple whose empty suburban life is held together by the dream that greatness is only just round the corner. With heartbreaking compassion and clarity, Richard Yates shows how Frank and April mortgage their hopes and ideals, betraying in the end not only each other, but their own best selves.","[{'type': 'ISBN_13', 'identifier': '9780099518785'}, {'type': 'ISBN_10', 'identifier': '0099518783'}]","{'text': False, 'image': False}",354.0,BOOK,['Fiction'],NOT_MATURE,False,0.20.8.0.preview.0,"{'containsEpubBubbles': False, 'containsImageBubbles': False}","{'smallThumbnail': 'http://books.google.com/books/content?id=iGDXVZiYmscC&printsec=frontcover&img=1&zoom=5&source=gbs_api', 'thumbnail': 'http://books.google.com/books/content?id=iGDXVZiYmscC&printsec=frontcover&img=1&zoom=1&source=gbs_api'}",en,http://books.google.com/books?id=iGDXVZiYmscC&dq=isbn:9780099518785&hl=&cd=1&source=gbs_api,http://books.google.com/books?id=iGDXVZiYmscC&dq=isbn:9780099518785&hl=&source=gbs_api,https://books.google.com/books/about/Revolutionary_Road.html?hl=&id=iGDXVZiYmscC,,,,9780099518785,0099518783,,http://books.google.com/books/content?id=iGDXVZiYmscC&printsec=frontcover&img=1&zoom=5&source=gbs_api,http://books.google.com/books/content?id=iGDXVZiYmscC&printsec=frontcover&img=1&zoom=1&source=gbs_api
298,9780062868145,So Far Gone,Jess Walter,2025-06-20,2025-06-26,2025,True,So Far Gone,['Jess Walter'],Harper,2025,"""From the #1 New York Times bestselling author of Beautiful Ruins comes a lively, smart, and deliciously funny new novel in the vein of True Grit, about a reclusive journalist who is suddenly thrown into a wild, suspenseful journey to rescue his kidnapped grandchildren""--","[{'type': 'ISBN_10', 'identifier': '0062868144'}, {'type': 'ISBN_13', 'identifier': '9780062868145'}]","{'text': False, 'image': False}",260.0,BOOK,['Fiction'],NOT_MATURE,False,preview-1.0.0,"{'containsEpubBubbles': False, 'containsImageBubbles': False}","{'smallThumbnail': 'http://books.google.com/books/content?id=hTjl0AEACAAJ&printsec=frontcover&img=1&zoom=5&source=gbs_api', 'thumbnail': 'http://books.google.com/books/content?id=hTjl0AEACAAJ&printsec=frontcover&img=1&zoom=1&source=gbs_api'}",en,http://books.google.com/books?id=hTjl0AEACAAJ&dq=isbn:9780062868145&hl=&cd=1&source=gbs_api,http://books.google.com/books?id=hTjl0AEACAAJ&dq=isbn:9780062868145&hl=&source=gbs_api,https://books.google.com/books/about/So_Far_Gone.html?hl=&id=hTjl0AEACAAJ,A Novel,,,9780062868145,0062868144,,http://books.google.com/books/content?id=hTjl0AEACAAJ&printsec=frontcover&img=1&zoom=5&source=gbs_api,http://books.google.com/books/content?id=hTjl0AEACAAJ&printsec=frontcover&img=1&zoom=1&source=gbs_api
272,9781681376073,The Netanyahus: An Account of a Minor and Ultimately Even Negligible Episode in the History of a Very Famous Family,Joshua Cohen,2025-06-26,2025-07-27,2025,True,The Netanyahus,['Joshua Cohen'],New York Review of Books,2021-06-22,"WINNER OF THE 2022 PULITZER PRIZE FOR FICTION 2021 NATIONAL JEWISH BOOK AWARD WINNER A NEW YORK TIMES NOTABLE BOOK OF 2021 A WALL STREET JOURNAL BEST BOOK OF 2021 A KIRKUS BEST FICTION BOOK OF 2021 ""Absorbing, delightful, hilarious, breathtaking and the best and most relevant novel I’ve read in what feels like forever."" —Taffy Brodesser-Akner, The New York Times Book Review Corbin College, not quite upstate New York, winter 1959–1960: Ruben Blum, a Jewish historian—but not an historian of the Jews—is co-opted onto a hiring committee to review the application of an exiled Israeli scholar specializing in the Spanish Inquisition. When Benzion Netanyahu shows up for an interview, family unexpectedly in tow, Blum plays the reluctant host to guests who proceed to lay waste to his American complacencies. Mixing fiction with nonfiction, the campus novel with the lecture, The Netanyahus is a wildly inventive, genre-bending comedy of blending, identity, and politics that finds Joshua Cohen at the height of his powers.","[{'type': 'ISBN_13', 'identifier': '9781681376073'}, {'type': 'ISBN_10', 'identifier': '1681376075'}]","{'text': False, 'image': True}",249.0,BOOK,['Fiction'],NOT_MATURE,False,0.8.0.0.preview.1,"{'containsEpubBubbles': False, 'containsImageBubbles': False}","{'smallThumbnail': 'http://books.google.com/books/content?id=MtkvEAAAQBAJ&printsec=frontcover&img=1&zoom=5&edge=curl&source=gbs_api', 'thumbnail': 'http://books.google.com/books/content?id=MtkvEAAAQBAJ&printsec=frontcover&img=1&zoom=1&edge=curl&source=gbs_api'}",en,http://books.google.com/books?id=MtkvEAAAQBAJ&printsec=frontcover&dq=isbn:9781681376073&hl=&cd=1&source=gbs_api,http://books.google.com/books?id=MtkvEAAAQBAJ&dq=isbn:9781681376073&hl=&source=gbs_api,https://books.google.com/books/about/The_Netanyahus.html?hl=&id=MtkvEAAAQBAJ,An Account of a Minor and Ultimately Even Negligible Episode in the History of a Very Famous Family,,,9781681376073,1681376075,,http://books.google.com/books/content?id=MtkvEAAAQBAJ&printsec=frontcover&img=1&zoom=5&edge=curl&source=gbs_api,http://books.google.com/books/content?id=MtkvEAAAQBAJ&printsec=frontcover&img=1&zoom=1&edge=curl&source=gbs_api
285,9781501174476,Ohio,Stephen Markley,2025-06-27,2025-07-07,2025,True,Ohio,['Stephen Markley'],Simon & Schuster,2018-08-21,"“Extraordinary...beautifully precise...[an] earnestly ambitious debut.” —The New York Times Book Review “A wild, angry, and devastating masterpiece of a book.” —NPR “[A] descendent of the Dickensian ‘social novel’ by way of Jonathan Franzen: epic fiction that lays bare contemporary culture clashes, showing us who we are and how we got here.” —O, The Oprah Magazine “A book that has stayed with me ever since I put it down.” —Seth Meyers, host of Late Night with Seth Meyers One sweltering night in 2013, four former high school classmates converge on their hometown in northeastern Ohio. There’s Bill Ashcraft, a passionate, drug-abusing young activist whose flailing ambitions have taken him from Cambodia to Zuccotti Park to post-BP New Orleans, and now back home with a mysterious package strapped to the undercarriage of his truck; Stacey Moore, a doctoral candidate reluctantly confronting her family and the mother of her best friend and first love, whose disappearance spurs the mystery at the heart of the novel; Dan Eaton, a shy veteran of three tours in Iraq, home for a dinner date with the high school sweetheart he’s tried desperately to forget; and the beautiful, fragile Tina Ross, whose rendezvous with the washed-up captain of the football team triggers the novel’s shocking climax. Set over the course of a single evening, Ohio toggles between the perspectives of these unforgettable characters as they unearth dark secrets, revisit old regrets and uncover—and compound—bitter betrayals. Before the evening is through, these narratives converge masterfully to reveal a mystery so dark and shocking it will take your breath away.","[{'type': 'ISBN_10', 'identifier': '1501174479'}, {'type': 'ISBN_13', 'identifier': '9781501174476'}]","{'text': False, 'image': False}",484.0,BOOK,['Fiction'],NOT_MATURE,False,preview-1.0.0,"{'containsEpubBubbles': False, 'containsImageBubbles': False}","{'smallThumbnail': 'http://books.google.com/books/content?id=tiv-yQEACAAJ&printsec=frontcover&img=1&zoom=5&source=gbs_api', 'thumbnail': 'http://books.google.com/books/content?id=tiv-yQEACAAJ&printsec=frontcover&img=1&zoom=1&source=gbs_api'}",en,http://books.google.com/books?id=tiv-yQEACAAJ&dq=isbn:9781501174476&hl=&cd=1&source=gbs_api,http://books.google.com/books?id=tiv-yQEACAAJ&dq=isbn:9781501174476&hl=&source=gbs_api,https://books.google.com/books/about/Ohio.html?hl=&id=tiv-yQEACAAJ,,,,9781501174476,1501174479,,http://books.google.com/books/content?id=tiv-yQEACAAJ&printsec=frontcover&img=1&zoom=5&source=gbs_api,http://books.google.com/books/content?id=tiv-yQEACAAJ&printsec=frontcover&img=1&zoom=1&source=gbs_api
295,9781616203214,The Storied Life of A.J. Fikry,Gabrielle Zevin,2025-07-09,2025-07-14,2025,True,The Storied Life of A. J. Fikry,['Gabrielle Zevin'],Algonquin Books,2014-04-01,"Don't miss Gabrielle Zevin's new novel, Young Jane Young, coming in August 2017. A New York Times Bestseller, a #1 Indie Next Pick, and a #1 LibraryReads Selection “This novel has humor, romance, a touch of suspense, but most of all love--love of books and bookish people and, really, all of humanity in its imperfect glory.” —Eowyn Ivey, author of The Snow Child A. J. Fikry, the irascible owner of Island Books, has recently endured some tough years: his wife has died, his bookstore is experiencing the worst sales in its history, and his prized possession--a rare edition of Poe poems--has been stolen. Over time, he has given up on people, and even the books in his store, instead of offering solace, are yet another reminder of a world that is changing too rapidly. Until a most unexpected occurrence gives him the chance to make his life over and see things anew. Gabrielle Zevin’s enchanting novel is a love letter to the world of books--an irresistible affirmation of why we read, and why we love. “Readers who delighted in Mary Ann Shaffer and Annie Barrows’s The Guernsey Literary and Potato Peel Pie Society, Rachel Joyce’s The Unlikely Pilgrimage of Harold Fry, and Jessica Brockmole’s Letters from Skye will be equally captivated by this adult novel by a popular YA author about a life of books, redemption, and second chances. Funny, tender, and moving.” —Library Journal, starred review “Wade into summer reading with this sweet yet soulful tale of love, loss, the power of friendship--and books. Like sunshine on a breezy spring day, you won’t want it to end.” —Family Circle “Zevin perfectly captures the joy of connecting people and books . . . Filled with interesting characters, a deep knowledge of bookselling, wonderful critiques of classic titles, and very funny depictions of book clubs and author events, this will prove irresistible to book lovers everywhere.” —Booklist “Zevin is a deft writer, clever and witty.” —Publishers Weekly “A wonderful, moving, endearing story of redemption and transformation that will sing in your heart for a very, very long time.” —Garth Stein, author of The Art of Racing in the Rain","[{'type': 'ISBN_13', 'identifier': '9781616203214'}, {'type': 'ISBN_10', 'identifier': '1616203218'}]","{'text': False, 'image': True}",273.0,BOOK,['Fiction'],NOT_MATURE,False,0.4.2.0.preview.1,"{'containsEpubBubbles': False, 'containsImageBubbles': False}","{'smallThumbnail': 'http://books.google.com/books/content?id=9mbOAgAAQBAJ&printsec=frontcover&img=1&zoom=5&edge=curl&source=gbs_api', 'thumbnail': 'http://books.google.com/books/content?id=9mbOAgAAQBAJ&printsec=frontcover&img=1&zoom=1&edge=curl&source=gbs_api'}",en,http://books.google.com/books?id=9mbOAgAAQBAJ&printsec=frontcover&dq=isbn:9781616203214&hl=&cd=1&source=gbs_api,http://books.google.com/books?id=9mbOAgAAQBAJ&dq=isbn:9781616203214&hl=&source=gbs_api,https://books.google.com/books/about/The_Storied_Life_of_A_J_Fikry.html?hl=&id=9mbOAgAAQBAJ,A Novel,4.5,2.0,9781616203214,1616203218,,http://books.google.com/books/content?id=9mbOAgAAQBAJ&printsec=frontcover&img=1&zoom=5&edge=curl&source=gbs_api,http://books.google.com/books/content?id=9mbOAgAAQBAJ&printsec=frontcover&img=1&zoom=1&edge=curl&source=gbs_api
278,9781644450642,The Trees,Percival Everett,2025-07-15,2025-07-21,2025,True,The Trees,['Percival Everett'],Graywolf Press,2021-09-21,"An uncanny literary thriller addressing the painful legacy of lynching in the US, by the author of Telephone Percival Everett’s The Trees is a page-turner that opens with a series of brutal murders in the rural town of Money, Mississippi. When a pair of detectives from the Mississippi Bureau of Investigation arrive, they meet expected resistance from the local sheriff, his deputy, the coroner, and a string of racist White townsfolk. The murders present a puzzle, for at each crime scene there is a second dead body: that of a man who resembles Emmett Till. The detectives suspect that these are killings of retribution, but soon discover that eerily similar murders are taking place all over the country. Something truly strange is afoot. As the bodies pile up, the MBI detectives seek answers from a local root doctor who has been documenting every lynching in the country for years, uncovering a history that refuses to be buried. In this bold, provocative book, Everett takes direct aim at racism and police violence, and does so in a fast-paced style that ensures the reader can’t look away. The Trees is an enormously powerful novel of lasting importance from an author with his finger on America’s pulse.","[{'type': 'ISBN_10', 'identifier': '164445064X'}, {'type': 'ISBN_13', 'identifier': '9781644450642'}]","{'text': False, 'image': False}",288.0,BOOK,['Fiction'],NOT_MATURE,False,preview-1.0.0,"{'containsEpubBubbles': False, 'containsImageBubbles': False}","{'smallThumbnail': 'http://books.google.com/books/content?id=V5MczgEACAAJ&printsec=frontcover&img=1&zoom=5&source=gbs_api', 'thumbnail': 'http://books.google.com/books/content?id=V5MczgEACAAJ&printsec=frontcover&img=1&zoom=1&source=gbs_api'}",en,http://books.google.com/books?id=V5MczgEACAAJ&dq=isbn:9781644450642&hl=&cd=1&source=gbs_api,http://books.google.com/books?id=V5MczgEACAAJ&dq=isbn:9781644450642&hl=&source=gbs_api,https://books.google.com/books/about/The_Trees.html?hl=&id=V5MczgEACAAJ,A Novel,,,9781644450642,164445064X,,http://books.google.com/books/content?id=V5MczgEACAAJ&printsec=frontcover&img=1&zoom=5&source=gbs_api,http://books.google.com/books/content?id=V5MczgEACAAJ&printsec=frontcover&img=1&zoom=1&source=gbs_api
286,9781400069606,Apeirogon,Colum McCann,2025-07-21,2025-09-08,2025,True,Apeirogon: A Novel,['Colum McCann'],National Geographic Books,2020-02-25,"NEW YORK TIMES BESTSELLER • “A quite extraordinary novel. Colum McCann has found the form and voice to tell the most complex of stories, with an unexpected friendship between two men at its powerfully beating heart.”—Kamila Shamsie, author of Home Fire FINALIST FOR THE DUBLIN LITERARY AWARD • LONGLISTED FOR THE BOOKER PRIZE • WINNER OF THE NATIONAL JEWISH BOOK AWARD • NAMED ONE OF THE BEST BOOKS OF THE YEAR BY The Independent • The New York Public Library • Library Journal From the National Book Award–winning and bestselling author of Let the Great World Spin comes an epic novel rooted in the unlikely real-life friendship between two fathers. Bassam Aramin is Palestinian. Rami Elhanan is Israeli. They inhabit a world of conflict that colors every aspect of their lives, from the roads they are allowed to drive on to the schools their children attend to the checkpoints, both physical and emotional, they must negotiate. But their lives, however circumscribed, are upended one after the other: first, Rami’s thirteen-year-old daughter, Smadar, becomes the victim of suicide bombers; a decade later, Bassam’s ten-year-old daughter, Abir, is killed by a rubber bullet. Rami and Bassam had been raised to hate one another. And yet, when they learn of each other’s stories, they recognize the loss that connects them. Together they attempt to use their grief as a weapon for peace—and with their one small act, start to permeate what has for generations seemed an impermeable conflict. This extraordinary novel is the fruit of a seed planted when the novelist Colum McCann met the real Bassam and Rami on a trip with the non-profit organization Narrative 4. McCann was moved by their willingness to share their stories with the world, by their hope that if they could see themselves in one another, perhaps others could too. With their blessing, and unprecedented access to their families, lives, and personal recollections, McCann began to craft Apeirogon, which uses their real-life stories to begin another—one that crosses centuries and continents, stitching together time, art, history, nature, and politics in a tale both heartbreaking and hopeful. The result is an ambitious novel, crafted out of a universe of fictional and nonfictional material, with these fathers’ moving story at its heart.","[{'type': 'ISBN_13', 'identifier': '9781400069606'}, {'type': 'ISBN_10', 'identifier': '1400069602'}]","{'text': True, 'image': False}",463.0,BOOK,['Fiction'],NOT_MATURE,False,preview-1.0.0,"{'containsEpubBubbles': False, 'containsImageBubbles': False}","{'smallThumbnail': 'http://books.google.com/books/content?id=RXKPEAAAQBAJ&printsec=frontcover&img=1&zoom=5&source=gbs_api', 'thumbnail': 'http://books.google.com/books/content?id=RXKPEAAAQBAJ&printsec=frontcover&img=1&zoom=1&source=gbs_api'}",en,http://books.google.com/books?id=RXKPEAAAQBAJ&dq=isbn:9781400069606&hl=&cd=1&source=gbs_api,http://books.google.com/books?id=RXKPEAAAQBAJ&dq=isbn:9781400069606&hl=&source=gbs_api,https://books.google.com/books/about/Apeirogon_A_Novel.html?hl=&id=RXKPEAAAQBAJ,,,,9781400069606,1400069602,,http://books.google.com/books/content?id=RXKPEAAAQBAJ&printsec=frontcover&img=1&zoom=5&source=gbs_api,http://books.google.com/books/content?id=RXKPEAAAQBAJ&printsec=frontcover&img=1&zoom=1&source=gbs_api
303,9780802128447,The Case of the Vanishing Blonde: And Other True Crime Stories,Mark Bowden,2025-07-27,2025-07-28,2025,True,The Case of the Vanishing Blonde,['Mark Bowden'],Atlantic Monthly Press,2020,"Six captivating true-crime stories, spanning Mark Bowdens long and illustrious career, cover a variety of crimes complicated by extraordinary circumstances. Bowden revisits in 'The Case of the Vanishing Blonde' some of his most riveting stories and examines the effects of modern technology on the journalistic process.","[{'type': 'ISBN_10', 'identifier': '0802128440'}, {'type': 'ISBN_13', 'identifier': '9780802128447'}]","{'text': False, 'image': False}",400.0,BOOK,['Social Science'],NOT_MATURE,False,preview-1.0.0,"{'containsEpubBubbles': False, 'containsImageBubbles': False}","{'smallThumbnail': 'http://books.google.com/books/content?id=pEZLygEACAAJ&printsec=frontcover&img=1&zoom=5&source=gbs_api', 'thumbnail': 'http://books.google.com/books/content?id=pEZLygEACAAJ&printsec=frontcover&img=1&zoom=1&source=gbs_api'}",en,http://books.google.com/books?id=pEZLygEACAAJ&dq=isbn:9780802128447&hl=&cd=1&source=gbs_api,http://books.google.com/books?id=pEZLygEACAAJ&dq=isbn:9780802128447&hl=&source=gbs_api,https://books.google.com/books/about/The_Case_of_the_Vanishing_Blonde.html?hl=&id=pEZLygEACAAJ,And Other True Crime Stories,,,9780802128447,0802128440,,http://books.google.com/books/content?id=pEZLygEACAAJ&printsec=frontcover&img=1&zoom=5&source=gbs_api,http://books.google.com/books/content?id=pEZLygEACAAJ&printsec=frontcover&img=1&zoom=1&source=gbs_api
280,9780307718969,Five Days at Memorial: Life and Death in a Storm-Ravaged Hospital,Sheri Fink,2025-07-28,2025-08-12,2025,True,Five Days at Memorial,['Sheri Fink'],Crown,2013,Reconstructs five days at Memorial Medical Center after Hurricane Katrina destroyed its generators to reveal how caregivers were forced to make life-and-death decisions without essential resources.,"[{'type': 'ISBN_13', 'identifier': '9780307718969'}, {'type': 'ISBN_10', 'identifier': '0307718964'}]","{'text': False, 'image': False}",578.0,BOOK,['History'],NOT_MATURE,False,0.2.2.0.preview.0,"{'containsEpubBubbles': False, 'containsImageBubbles': False}","{'smallThumbnail': 'http://books.google.com/books/content?id=1yOODQAAQBAJ&printsec=frontcover&img=1&zoom=5&edge=curl&source=gbs_api', 'thumbnail': 'http://books.google.com/books/content?id=1yOODQAAQBAJ&printsec=frontcover&img=1&zoom=1&edge=curl&source=gbs_api'}",en,http://books.google.com/books?id=1yOODQAAQBAJ&printsec=frontcover&dq=isbn:9780307718969&hl=&cd=1&source=gbs_api,http://books.google.com/books?id=1yOODQAAQBAJ&dq=isbn:9780307718969&hl=&source=gbs_api,https://books.google.com/books/about/Five_Days_at_Memorial.html?hl=&id=1yOODQAAQBAJ,Life and Death in a Storm-ravaged Hospital,,,9780307718969,0307718964,,http://books.google.com/books/content?id=1yOODQAAQBAJ&printsec=frontcover&img=1&zoom=5&edge=curl&source=gbs_api,http://books.google.com/books/content?id=1yOODQAAQBAJ&printsec=frontcover&img=1&zoom=1&edge=curl&source=gbs_api
287,9781982112820,My Friends,Fredrik Backman,2025-08-08,2025-09-25,2025,True,My Friends,['Fredrik Backman'],Simon and Schuster,2025-05-06,"Four teenagers form a deep friendship that offers them refuge from troubled home lives and inspires the creation of a mysterious painting. Twenty-five years later, Louisa, a young artist, inherits the artwork and sets out on a journey to uncover its origin. As she pieces together the story behind the painting and its creators--Joar, Ted, Ali, and the reclusive artist--Louisa discovers not only their lasting impact on one another but also how art and connection can change lives. Blending humor and emotional depth, Backman explores themes of friendship, healing, and self-discovery.","[{'type': 'ISBN_13', 'identifier': '9781982112820'}, {'type': 'ISBN_10', 'identifier': '1982112824'}]","{'text': False, 'image': False}",448.0,BOOK,['Fiction'],NOT_MATURE,False,1.2.1.0.preview.0,"{'containsEpubBubbles': False, 'containsImageBubbles': False}","{'smallThumbnail': 'http://books.google.com/books/content?id=SkM5EQAAQBAJ&printsec=frontcover&img=1&zoom=5&edge=curl&source=gbs_api', 'thumbnail': 'http://books.google.com/books/content?id=SkM5EQAAQBAJ&printsec=frontcover&img=1&zoom=1&edge=curl&source=gbs_api'}",en,http://books.google.com/books?id=SkM5EQAAQBAJ&printsec=frontcover&dq=isbn:9781982112820&hl=&cd=1&source=gbs_api,http://books.google.com/books?id=SkM5EQAAQBAJ&dq=isbn:9781982112820&hl=&source=gbs_api,https://books.google.com/books/about/My_Friends.html?hl=&id=SkM5EQAAQBAJ,A Novel,,,9781982112820,1982112824,,http://books.google.com/books/content?id=SkM5EQAAQBAJ&printsec=frontcover&img=1&zoom=5&edge=curl&source=gbs_api,http://books.google.com/books/content?id=SkM5EQAAQBAJ&printsec=frontcover&img=1&zoom=1&edge=curl&source=gbs_api
266,9780358139560,A Good Man Is Hard to Find and Other Stories,Flannery O'Connor,2025-08-13,2025-09-05,2025,True,A Good Man Is Hard to Find and Other Stories,"[""Flannery O'Connor""]",Mariner Books,2019-12-10,"With a new introduction from New York Times bestselling author Groff, these classic stories established O'Connor's reputation as one of the American masters of the short story.","[{'type': 'ISBN_10', 'identifier': '0358139562'}, {'type': 'ISBN_13', 'identifier': '9780358139560'}]","{'text': False, 'image': False}",288.0,BOOK,['Language Arts & Disciplines'],NOT_MATURE,False,preview-1.0.0,"{'containsEpubBubbles': False, 'containsImageBubbles': False}","{'smallThumbnail': 'http://books.google.com/books/content?id=lfiavwEACAAJ&printsec=frontcover&img=1&zoom=5&source=gbs_api', 'thumbnail': 'http://books.google.com/books/content?id=lfiavwEACAAJ&printsec=frontcover&img=1&zoom=1&source=gbs_api'}",en,http://books.google.com/books?id=lfiavwEACAAJ&dq=isbn:9780358139560&hl=&cd=1&source=gbs_api,http://books.google.com/books?id=lfiavwEACAAJ&dq=isbn:9780358139560&hl=&source=gbs_api,https://books.google.com/books/about/A_Good_Man_Is_Hard_to_Find_and_Other_Sto.html?hl=&id=lfiavwEACAAJ,,,,9780358139560,0358139562,,http://books.google.com/books/content?id=lfiavwEACAAJ&printsec=frontcover&img=1&zoom=5&source=gbs_api,http://books.google.com/books/content?id=lfiavwEACAAJ&printsec=frontcover&img=1&zoom=1&source=gbs_api
296,9780593804070, Algospeak: How Social Media Is Transforming the Future of Language,Adam Aleksic,2025-08-20,2025-08-31,2025,True,Algospeak,['Adam Aleksic'],Random House,2025-07-15,"From linguist Adam Aleksic, known as @etymologynerd on social media, comes a captivating exploration of how internet algorithms are transforming language and communication in unprecedented ways. “Packed with fascinating facts, of-the-moment observations, and a sparkling voice, Algospeak is a gift to any word nerd. Deftly covering everything from emoji etymologies and trendbait to Taylor Swift fanilects... Adam Aleksic is the wise, yet accessible internet linguistics oracle we need.”—Amanda Montell, author of The Age of Magical Overthinking and Cultish From “brainrot” memes and incel slang to the trend of adding “-core” to different influencer aesthetics, the internet has ushered in an unprecedented linguistic upheaval. We’re entering an entirely new era of etymology, heralded by the invisible forces driving social media algorithms. Thankfully, Algospeak is here to explain. As a professional linguist, Adam Aleksic understands the gravity of language and the way we use it: he knows the ways it has morphed and changed, how it reflects society, and how, in its everyday usage, we carry centuries of human history on our tongues. As a social media influencer, Aleksic is also intimately familiar with the internet’s reach and how social media impacts the way we engage with one another. New slang emerges and goes viral overnight. Accents are shaped or erased on YouTube. Grammatical rules, loopholes, and patterns surface and transform language as we know it. Our interactions, social norms, and habits—both online and in person—shift into something completely different. As Aleksic uses original surveys, data, and internet archival research to usher us through this new linguistic landscape, he also illuminates how communication is changing in both familiar and unexpected ways. From our use of emojis to sentence structure to the ways younger generations talk about sex and death (see unalive in English and desvivirse in Spanish), we are in a brand-new world, one shaped by algorithms and technology. Algospeak is an energetic, astonishing journey into language, the internet, and what this intersection means for all of us.","[{'type': 'ISBN_13', 'identifier': '9780593804070'}, {'type': 'ISBN_10', 'identifier': '0593804074'}]","{'text': False, 'image': True}",257.0,BOOK,['Language Arts & Disciplines'],NOT_MATURE,False,1.2.2.0.preview.1,"{'containsEpubBubbles': False, 'containsImageBubbles': False}","{'smallThumbnail': 'http://books.google.com/books/content?id=xMkpEQAAQBAJ&printsec=frontcover&img=1&zoom=5&edge=curl&source=gbs_api', 'thumbnail': 'http://books.google.com/books/content?id=xMkpEQAAQBAJ&printsec=frontcover&img=1&zoom=1&edge=curl&source=gbs_api'}",en,http://books.google.com/books?id=xMkpEQAAQBAJ&printsec=frontcover&dq=isbn:9780593804070&hl=&cd=1&source=gbs_api,http://books.google.com/books?id=xMkpEQAAQBAJ&dq=isbn:9780593804070&hl=&source=gbs_api,https://books.google.com/books/about/Algospeak.html?hl=&id=xMkpEQAAQBAJ,How Social Media Is Transforming the Future of Language,,,9780593804070,0593804074,,http://books.google.com/books/content?id=xMkpEQAAQBAJ&printsec=frontcover&img=1&zoom=5&edge=curl&source=gbs_api,http://books.google.com/books/content?id=xMkpEQAAQBAJ&printsec=frontcover&img=1&zoom=1&edge=curl&source=gbs_api
309,9780812971835,Olive Kitteridge,Elizabeth Strout,2025-09-05,2025-09-25,2025,True,Olive Kitteridge,['Elizabeth Strout'],Random House Trade Paperbacks,2008-09-30,"WINNER OF THE PULITZER PRIZE • The beloved first novel featuring Olive Kitteridge, from the #1 New York Times bestselling author of My Name is Lucy Barton and the Oprah’s Book Club pick Olive, Again “Fiction lovers, remember this name: Olive Kitteridge. . . . You’ll never forget her.”—USA Today “Strout animates the ordinary with astonishing force.”—The New Yorker One of the New York Times’s 100 Best Books of the 21st Century A BEST BOOK OF THE YEAR: The Washington Post Book World, USA Today, San Francisco Chronicle, Chicago Tribune, Seattle Post-Intelligencer, People, Entertainment Weekly, The Christian Science Monitor, The Plain Dealer, The Atlantic, Rocky Mountain News, Library Journal At times stern, at other times patient, at times perceptive, at other times in sad denial, Olive Kitteridge, a retired schoolteacher, deplores the changes in her little town of Crosby, Maine, and in the world at large, but she doesn’t always recognize the changes in those around her: a lounge musician haunted by a past romance; a former student who has lost the will to live; Olive’s own adult child, who feels tyrannized by her irrational sensitivities; and her husband, Henry, who finds his loyalty to his marriage both a blessing and a curse. As the townspeople grapple with their problems, mild and dire, Olive is brought to a deeper understanding of herself and her life—sometimes painfully, but always with ruthless honesty. Olive Kitteridge offers profound insights into the human condition—its conflicts, its tragedies and joys, and the endurance it requires. The inspiration for the Emmy Award–winning HBO miniseries starring Frances McDormand, Richard Jenkins, and Bill Murray","[{'type': 'ISBN_13', 'identifier': '9780812971835'}, {'type': 'ISBN_10', 'identifier': '0812971833'}]","{'text': False, 'image': False}",337.0,BOOK,['Fiction'],NOT_MATURE,False,1.12.4.0.preview.0,"{'containsEpubBubbles': False, 'containsImageBubbles': False}","{'smallThumbnail': 'http://books.google.com/books/content?id=ZV9hUfQ_ssUC&printsec=frontcover&img=1&zoom=5&edge=curl&source=gbs_api', 'thumbnail': 'http://books.google.com/books/content?id=ZV9hUfQ_ssUC&printsec=frontcover&img=1&zoom=1&edge=curl&source=gbs_api'}",en,http://books.google.com/books?id=ZV9hUfQ_ssUC&printsec=frontcover&dq=isbn:9780812971835&hl=&cd=1&source=gbs_api,http://books.google.com/books?id=ZV9hUfQ_ssUC&dq=isbn:9780812971835&hl=&source=gbs_api,https://books.google.com/books/about/Olive_Kitteridge.html?hl=&id=ZV9hUfQ_ssUC,Fiction,4.0,9.0,9780812971835,0812971833,,http://books.google.com/books/content?id=ZV9hUfQ_ssUC&printsec=frontcover&img=1&zoom=5&edge=curl&source=gbs_api,http://books.google.com/books/content?id=ZV9hUfQ_ssUC&printsec=frontcover&img=1&zoom=1&edge=curl&source=gbs_api
275,9780374602635,Intermezzo,Sally Rooney,2025-09-28,2025-10-24,2025,True,Intermezzo,['Sally Rooney'],,2024-09-24,"An exquisitely moving story about grief, love, and family—but especially love—from the global phenomenon Sally Rooney. Aside from the fact that they are brothers, Peter and Ivan Koubek seem to have little in common. Peter is a Dublin lawyer in his thirties—successful, competent, and apparently unassailable. But in the wake of their father’s death, he’s medicating himself to sleep and struggling to manage his relationships with two very different women—his enduring first love, Sylvia, and Naomi, a college student for whom life is one long joke. Ivan is a twenty-two-year-old competitive chess player. He has always seen himself as socially awkward, a loner, the antithesis of his glib elder brother. Now, in the early weeks of his bereavement, Ivan meets Margaret, an older woman emerging from her own turbulent past, and their lives become rapidly and intensely intertwined. For two grieving brothers and the people they love, this is a new interlude—a period of desire, despair, and possibility; a chance to find out how much one life might hold inside itself without breaking.","[{'type': 'ISBN_13', 'identifier': '9780374602635'}, {'type': 'ISBN_10', 'identifier': '0374602638'}]","{'text': True, 'image': False}",454.0,BOOK,['Fiction'],NOT_MATURE,False,preview-1.0.0,"{'containsEpubBubbles': False, 'containsImageBubbles': False}","{'smallThumbnail': 'http://books.google.com/books/content?id=l_b3EAAAQBAJ&printsec=frontcover&img=1&zoom=5&source=gbs_api', 'thumbnail': 'http://books.google.com/books/content?id=l_b3EAAAQBAJ&printsec=frontcover&img=1&zoom=1&source=gbs_api'}",en,http://books.google.com/books?id=l_b3EAAAQBAJ&dq=isbn:9780374602635&hl=&cd=1&source=gbs_api,http://books.google.com/books?id=l_b3EAAAQBAJ&dq=isbn:9780374602635&hl=&source=gbs_api,https://books.google.com/books/about/Intermezzo.html?hl=&id=l_b3EAAAQBAJ,A Novel,,,9780374602635,0374602638,,http://books.google.com/books/content?id=l_b3EAAAQBAJ&printsec=frontcover&img=1&zoom=5&source=gbs_api,http://books.google.com/books/content?id=l_b3EAAAQBAJ&printsec=frontcover&img=1&zoom=1&source=gbs_api
267,9780735216105,The Order of Time,Carlo Rovelli,2025-09-29,2025-10-31,2025,True,The Order of Time,['Carlo Rovelli'],Penguin,2018-05-08,"One of TIME’s Ten Best Nonfiction Books of the Decade ""Meet the new Stephen Hawking . . . The Order of Time is a dazzling book."" --The Sunday Times From the bestselling author of Seven Brief Lessons on Physics, Reality Is Not What It Seems, Helgoland, and Anaximander comes a concise, elegant exploration of time. Why do we remember the past and not the future? What does it mean for time to ""flow""? Do we exist in time or does time exist in us? In lyric, accessible prose, Carlo Rovelli invites us to consider questions about the nature of time that continue to puzzle physicists and philosophers alike. For most readers this is unfamiliar terrain. We all experience time, but the more scientists learn about it, the more mysterious it remains. We think of it as uniform and universal, moving steadily from past to future, measured by clocks. Rovelli tears down these assumptions one by one, revealing a strange universe where at the most fundamental level time disappears. He explains how the theory of quantum gravity attempts to understand and give meaning to the resulting extreme landscape of this timeless world. Weaving together ideas from philosophy, science and literature, he suggests that our perception of the flow of time depends on our perspective, better understood starting from the structure of our brain and emotions than from the physical universe. Already a bestseller in Italy, and written with the poetic vitality that made Seven Brief Lessons on Physics so appealing, The Order of Time offers a profoundly intelligent, culturally rich, novel appreciation of the mysteries of time.","[{'type': 'ISBN_13', 'identifier': '9780735216105'}, {'type': 'ISBN_10', 'identifier': '073521610X'}]","{'text': False, 'image': False}",258.0,BOOK,['Science'],NOT_MATURE,False,0.3.2.0.preview.0,"{'containsEpubBubbles': False, 'containsImageBubbles': False}","{'smallThumbnail': 'http://books.google.com/books/content?id=p7RaDwAAQBAJ&printsec=frontcover&img=1&zoom=5&edge=curl&source=gbs_api', 'thumbnail': 'http://books.google.com/books/content?id=p7RaDwAAQBAJ&printsec=frontcover&img=1&zoom=1&edge=curl&source=gbs_api'}",en,http://books.google.com/books?id=p7RaDwAAQBAJ&printsec=frontcover&dq=isbn:9780735216105&hl=&cd=1&source=gbs_api,http://books.google.com/books?id=p7RaDwAAQBAJ&dq=isbn:9780735216105&hl=&source=gbs_api,https://books.google.com/books/about/The_Order_of_Time.html?hl=&id=p7RaDwAAQBAJ,,,,9780735216105,073521610X,,http://books.google.com/books/content?id=p7RaDwAAQBAJ&printsec=frontcover&img=1&zoom=5&edge=curl&source=gbs_api,http://books.google.com/books/content?id=p7RaDwAAQBAJ&printsec=frontcover&img=1&zoom=1&edge=curl&source=gbs_api
297,9780802161307,The Hole We're In,Gabrielle Zevin,2025-10-03,2025-10-23,2025,True,The Hole We're in,['Gabrielle Zevin'],Black Cat,2023-06-13,"With The Hole We're In--a bold, timeless, yet all too timely novel about a troubled American family navigating an even more troubled America--award-winning author and screenwriter, Gabrielle Zevin, delivers a work that places her in the ranks of our shrewdest social observers and top literary talents. Meet the Pomeroys: a church-going family living in a too-red house in a Texas college town. Roger, the patriarch, has impulsively gone back to school, only to find his future ambitions at odds with the temptations of the present. His wife, Georgia, tries to keep things afloat at home, but she's been feeding the bill drawer with unopened envelopes for months and never manages to confront its swelling contents. In an attempt to climb out of the holes they've dug, Roger and Georgia make a series of choices that have catastrophic consequences for their three children--especially for Patsy, the youngest, who will spend most of her life fighting to overcome them. The Hole We're In shines a spotlight on some of the most relevant issues of today: over-reliance on credit, gender and class politics, and the war in Iraq. But it is Zevin's deft exploration of the fragile economy of family life that makes this a book for the ages.","[{'type': 'ISBN_10', 'identifier': '0802161308'}, {'type': 'ISBN_13', 'identifier': '9780802161307'}]","{'text': False, 'image': False}",304.0,BOOK,['Fiction'],NOT_MATURE,False,preview-1.0.0,"{'containsEpubBubbles': False, 'containsImageBubbles': False}","{'smallThumbnail': 'http://books.google.com/books/content?id=CCSrzwEACAAJ&printsec=frontcover&img=1&zoom=5&source=gbs_api', 'thumbnail': 'http://books.google.com/books/content?id=CCSrzwEACAAJ&printsec=frontcover&img=1&zoom=1&source=gbs_api'}",en,http://books.google.com/books?id=CCSrzwEACAAJ&dq=isbn:9780802161307&hl=&cd=1&source=gbs_api,http://books.google.com/books?id=CCSrzwEACAAJ&dq=isbn:9780802161307&hl=&source=gbs_api,https://books.google.com/books/about/The_Hole_We_re_in.html?hl=&id=CCSrzwEACAAJ,,,,9780802161307,0802161308,,http://books.google.com/books/content?id=CCSrzwEACAAJ&printsec=frontcover&img=1&zoom=5&source=gbs_api,http://books.google.com/books/content?id=CCSrzwEACAAJ&printsec=frontcover&img=1&zoom=1&source=gbs_api
304,9780525556572,Everything is Tuberculosis,John Green,2025-10-25,2025-10-29,2025,True,Everything Is Tuberculosis,['John Green'],Penguin Group,2025-03-18,"Instant #1 New York Times bestseller! • #1 Washington Post bestseller! • #1 Indie Bestseller! • USA Today Bestseller! John Green, acclaimed author and passionate advocate for global healthcare reform, tells a deeply human story illuminating the fight against the world’s deadliest infectious disease. “The real magic of Green’s writing is the deeply considerate, human touch that goes into every word.” –The Associated Press ″Told with the intelligence, wit, and tragedy that have become hallmarks of the author’s work.... This is the story of us.” –Slate “Earnest and empathetic.” –The New York Times Tuberculosis has been entwined with hu­manity for millennia. Once romanticized as a malady of poets, today tuberculosis is seen as a disease of poverty that walks the trails of injustice and inequity we blazed for it. In 2019, author John Green met Henry Reider, a young tuberculosis patient at Lakka Government Hospital in Sierra Leone. John be­came fast friends with Henry, a boy with spindly legs and a big, goofy smile. In the years since that first visit to Lakka, Green has become a vocal advocate for increased access to treatment and wider awareness of the healthcare inequi­ties that allow this curable, preventable infec­tious disease to also be the deadliest, killing over a million people every year. In Everything Is Tuberculosis, John tells Henry’s story, woven through with the scientific and social histories of how tuberculosis has shaped our world—and how our choices will shape the future of tuberculosis.","[{'type': 'ISBN_13', 'identifier': '9780525556572'}, {'type': 'ISBN_10', 'identifier': '0525556575'}]","{'text': False, 'image': True}",209.0,BOOK,['Social Science'],NOT_MATURE,False,1.2.1.0.preview.1,"{'containsEpubBubbles': False, 'containsImageBubbles': False}","{'smallThumbnail': 'http://books.google.com/books/content?id=SpIrEQAAQBAJ&printsec=frontcover&img=1&zoom=5&edge=curl&source=gbs_api', 'thumbnail': 'http://books.google.com/books/content?id=SpIrEQAAQBAJ&printsec=frontcover&img=1&zoom=1&edge=curl&source=gbs_api'}",en,http://books.google.com/books?id=SpIrEQAAQBAJ&printsec=frontcover&dq=isbn:9780525556572&hl=&cd=1&source=gbs_api,http://books.google.com/books?id=SpIrEQAAQBAJ&dq=isbn:9780525556572&hl=&source=gbs_api,https://books.google.com/books/about/Everything_Is_Tuberculosis.html?hl=&id=SpIrEQAAQBAJ,The History and Persistence of Our Deadliest Infection,,,9780525556572,0525556575,,http://books.google.com/books/content?id=SpIrEQAAQBAJ&printsec=frontcover&img=1&zoom=5&edge=curl&source=gbs_api,http://books.google.com/books/content?id=SpIrEQAAQBAJ&printsec=frontcover&img=1&zoom=1&edge=curl&source=gbs_api
274,9780451493330,Night Watch,Jayne Anne Phillips,2025-11-04,2025-11-29,2025,True,Night Watch (Pulitzer Prize Winner),['Jayne Anne Phillips'],Knopf,2023-09-19,"PULITZER PRIZE WINNER • LONGLISTED FOR THE NATIONAL BOOK AWARD IN FICTION • A NEW YORKER BEST BOOK OF THE YEAR • From one of our most accomplished novelists, a mesmerizing story about a mother and daughter seeking refuge in the chaotic aftermath of the Civil War—and a brilliant portrait of family endurance against all odds ""A tour de force."" —Tayari Jones, author of An American Marriage In 1874, in the wake of the War, erasure, trauma, and namelessness haunt civilians and veterans, renegades and wanderers, freedmen and runaways. Twelve-year-old ConaLee, the adult in her family for as long as she can remember, finds herself on a buckboard journey with her mother, Eliza, who hasn’t spoken in more than a year. They arrive at the Trans-Allegheny Lunatic Asylum in West Virginia, delivered to the hospital’s entrance by a war veteran who has forced himself into their world. There, far from family, a beloved neighbor, and the mountain home they knew, they try to reclaim their lives. The omnipresent vagaries of war and race rise to the surface as we learn their story: their flight to the highest mountain ridges of western Virginia; the disappearance of ConaLee’s father, who left for the War and never returned. Meanwhile, in the asylum, they begin to find a new path. ConaLee pretends to be her mother’s maid; Eliza responds slowly to treatment. They get swept up in the life of the facility—the mysterious man they call the Night Watch; the orphan child called Weed; the fearsome woman who runs the kitchen; the remarkable doctor at the head of the institution. Epic, enthralling, and meticulously crafted, Night Watch is a stunning chronicle of surviving war and its aftermath.","[{'type': 'ISBN_13', 'identifier': '9780451493330'}, {'type': 'ISBN_10', 'identifier': '0451493338'}]","{'text': False, 'image': False}",305.0,BOOK,['Fiction'],NOT_MATURE,False,1.5.3.0.preview.0,"{'containsEpubBubbles': False, 'containsImageBubbles': False}","{'smallThumbnail': 'http://books.google.com/books/content?id=tviiEAAAQBAJ&printsec=frontcover&img=1&zoom=5&edge=curl&source=gbs_api', 'thumbnail': 'http://books.google.com/books/content?id=tviiEAAAQBAJ&printsec=frontcover&img=1&zoom=1&edge=curl&source=gbs_api'}",en,http://books.google.com/books?id=tviiEAAAQBAJ&printsec=frontcover&dq=isbn:9780451493330&hl=&cd=1&source=gbs_api,http://books.google.com/books?id=tviiEAAAQBAJ&dq=isbn:9780451493330&hl=&source=gbs_api,https://books.google.com/books/about/Night_Watch_Pulitzer_Prize_Winner.html?hl=&id=tviiEAAAQBAJ,A novel,,,9780451493330,0451493338,,http://books.google.com/books/content?id=tviiEAAAQBAJ&printsec=frontcover&img=1&zoom=5&edge=curl&source=gbs_api,http://books.google.com/books/content?id=tviiEAAAQBAJ&printsec=frontcover&img=1&zoom=1&edge=curl&source=gbs_api
281,9781934781630,Zeitoun,Dave Eggers,2025-11-15,2025-11-24,2025,True,Zeitoun,['Dave Eggers'],McSweeney's,2009,"""This is a work of nonfiction, based primarily on the accounts of Abdulrahman and Kathy Zeitoun""--Note about the book.","[{'type': 'OTHER', 'identifier': 'STANFORD:36105124151858'}]","{'text': False, 'image': False}",360.0,BOOK,['Biography & Autobiography'],NOT_MATURE,False,2.5.3.0.preview.0,"{'containsEpubBubbles': False, 'containsImageBubbles': False}","{'smallThumbnail': 'http://books.google.com/books/content?id=yPsqAQAAIAAJ&printsec=frontcover&img=1&zoom=5&source=gbs_api', 'thumbnail': 'http://books.google.com/books/content?id=yPsqAQAAIAAJ&printsec=frontcover&img=1&zoom=1&source=gbs_api'}",en,http://books.google.com/books?id=yPsqAQAAIAAJ&dq=isbn:9781934781630&hl=&cd=1&source=gbs_api,http://books.google.com/books?id=yPsqAQAAIAAJ&dq=isbn:9781934781630&hl=&source=gbs_api,https://books.google.com/books/about/Zeitoun.html?hl=&id=yPsqAQAAIAAJ,,3.0,2.0,,,STANFORD:36105124151858,http://books.google.com/books/content?id=yPsqAQAAIAAJ&printsec=frontcover&img=1&zoom=5&source=gbs_api,http://books.google.com/books/content?id=yPsqAQAAIAAJ&printsec=frontcover&img=1&zoom=1&source=gbs_api
293,9780812968255,Meditations,Marcus Aurelius,2025-11-17,2025-12-31,2025,True,Meditations,['Marcus Aurelius'],Modern Library,2003-05-06,"NATIONAL BESTSELLER • “Meditations offers a glimpse into [Marcus Aurelius’s] mind, his habits, and his approach to life. . . . I think any reader would find something useful to take away from it.”—James Clear, #1 New York Times bestselling author of Atomic Habits “To me, this is the greatest book ever written. . . . It is the definitive text on self-discipline, personal ethics, humility, self-actualization, and strength. . . . If you’re going to read it, you absolutely have to go with the Gregory Hays translation.”—Ryan Holiday, #1 New York Times bestselling author of The Obstacle Is the Way “It is unbelievable to see how the emperor’s words have stood the test of time. . . . Read a page or two anytime you feel like the world is too much.”—Arnold Schwarzenegger, The Wall Street Journal Nearly two thousand years after it was written, Meditations remains profoundly relevant for anyone seeking to lead a meaningful life. Your ability to control your thoughts—treat it with respect. It’s all that protects your mind from false perceptions—false to your nature, and that of all rational beings. A series of spiritual exercises filled with wisdom, practical guidance, and profound understanding of human behavior, Marcus Aurelius’s Meditations remains one of the greatest works of spiritual and ethical reflection ever written. With bite-size insights and advice on everything from living in the world to coping with adversity and interacting with others, Meditations has become required reading not only for statesmen and philosophers alike, but also for generations of readers who responded to the straightforward intimacy of his style. In Gregory Hays’s translation—the first in nearly four decades—Marcus’s thoughts speak with a new immediacy. In fresh and unencumbered English, Hays vividly conveys the spareness and compression of the original Greek text. Never before have Marcus’s insights been so directly and powerfully presented. With an Introduction that outlines Marcus’s life and career, the essentials of Stoic doctrine, the style and construction of the Meditations, and the work’s ongoing influence, this edition makes it possible to fully rediscover the thoughts of one of the most enlightened and intelligent leaders of any era.","[{'type': 'ISBN_13', 'identifier': '9780812968255'}, {'type': 'ISBN_10', 'identifier': '0812968255'}]","{'text': False, 'image': False}",273.0,BOOK,['Philosophy'],NOT_MATURE,False,2.8.4.0.preview.0,"{'containsEpubBubbles': False, 'containsImageBubbles': False}","{'smallThumbnail': 'http://books.google.com/books/content?id=brSidvTKfcQC&printsec=frontcover&img=1&zoom=5&edge=curl&source=gbs_api', 'thumbnail': 'http://books.google.com/books/content?id=brSidvTKfcQC&printsec=frontcover&img=1&zoom=1&edge=curl&source=gbs_api'}",en,http://books.google.com/books?id=brSidvTKfcQC&printsec=frontcover&dq=isbn:9780812968255&hl=&cd=1&source=gbs_api,http://books.google.com/books?id=brSidvTKfcQC&dq=isbn:9780812968255&hl=&source=gbs_api,https://books.google.com/books/about/Meditations.html?hl=&id=brSidvTKfcQC,,5.0,1.0,9780812968255,0812968255,,http://books.google.com/books/content?id=brSidvTKfcQC&printsec=frontcover&img=1&zoom=5&edge=curl&source=gbs_api,http://books.google.com/books/content?id=brSidvTKfcQC&printsec=frontcover&img=1&zoom=1&edge=curl&source=gbs_api
300,9781476716763,The Candy House,Jennifer Egan,2025-11-26,2025-12-13,2025,True,The Candy House,['Jennifer Egan'],Simon and Schuster,2022-04-05,"It's 2010. Staggeringly successful and brilliant tech entrepreneur Bix Bouton is desperate for a new idea. He's forty, with four kids, and restless when he stumbles into a conversation with mostly Columbia professors, one of whom is experimenting with downloading or ""externalizing"" memory. Within a decade, Bix's new technology, Own Your Unconscious - that allows you access to every memory you've ever had, and to share every memory in exchange for access to the memories of others - has seduced multitudes. But not everyone","[{'type': 'ISBN_13', 'identifier': '9781476716763'}, {'type': 'ISBN_10', 'identifier': '1476716765'}]","{'text': False, 'image': False}",352.0,BOOK,['Fiction'],NOT_MATURE,False,0.2.2.0.preview.0,"{'containsEpubBubbles': False, 'containsImageBubbles': False}","{'smallThumbnail': 'http://books.google.com/books/content?id=WB9oEAAAQBAJ&printsec=frontcover&img=1&zoom=5&edge=curl&source=gbs_api', 'thumbnail': 'http://books.google.com/books/content?id=WB9oEAAAQBAJ&printsec=frontcover&img=1&zoom=1&edge=curl&source=gbs_api'}",en,http://books.google.com/books?id=WB9oEAAAQBAJ&printsec=frontcover&dq=isbn:9781476716763&hl=&cd=1&source=gbs_api,http://books.google.com/books?id=WB9oEAAAQBAJ&dq=isbn:9781476716763&hl=&source=gbs_api,https://books.google.com/books/about/The_Candy_House.html?hl=&id=WB9oEAAAQBAJ,A Novel,,,9781476716763,1476716765,,http://books.google.com/books/content?id=WB9oEAAAQBAJ&printsec=frontcover&img=1&zoom=5&edge=curl&source=gbs_api,http://books.google.com/books/content?id=WB9oEAAAQBAJ&printsec=frontcover&img=1&zoom=1&edge=curl&source=gbs_api
273,9781250827951,Wild Dark Shore,Charlotte McConaghy,2025-12-01,2025-12-05,2025,True,Wild Dark Shore,['Charlotte McConaghy'],,2025-03-04,"""A novel about a family living alone on a remote island, when a mysterious woman washes up on shore""--","[{'type': 'ISBN_13', 'identifier': '9781250827951'}, {'type': 'ISBN_10', 'identifier': '1250827957'}]","{'text': True, 'image': False}",310.0,BOOK,['Fiction'],NOT_MATURE,False,preview-1.0.0,"{'containsEpubBubbles': False, 'containsImageBubbles': False}","{'smallThumbnail': 'http://books.google.com/books/content?id=Cvz_EAAAQBAJ&printsec=frontcover&img=1&zoom=5&source=gbs_api', 'thumbnail': 'http://books.google.com/books/content?id=Cvz_EAAAQBAJ&printsec=frontcover&img=1&zoom=1&source=gbs_api'}",en,http://books.google.com/books?id=Cvz_EAAAQBAJ&dq=isbn:9781250827951&hl=&cd=1&source=gbs_api,http://books.google.com/books?id=Cvz_EAAAQBAJ&dq=isbn:9781250827951&hl=&source=gbs_api,https://books.google.com/books/about/Wild_Dark_Shore.html?hl=&id=Cvz_EAAAQBAJ,A Novel,,,9781250827951,1250827957,,http://books.google.com/books/content?id=Cvz_EAAAQBAJ&printsec=frontcover&img=1&zoom=5&source=gbs_api,http://books.google.com/books/content?id=Cvz_EAAAQBAJ&printsec=frontcover&img=1&zoom=1&source=gbs_api
302,9780063337879,Rejection,Tony Tulathimutte,2025-12-06,2025-12-12,2025,True,Rejection,['Tony Tulathimutte'],William Morrow,2024-09-17,"From the Whiting and O. Henry-winning author of Private Citizens (""the first great millennial novel,"" New York Magazine), an electrifying novel-in-stories that follows a cast of intricately linked characters as rejection throws their lives and relationships into chaos. Sharply observant and outrageously funny, Rejection is a provocative plunge into the touchiest problems of modern life. The seven connected stories seamlessly transition between the personal crises of a complex ensemble and the comic tragedies of sex, relationships, identity, and the internet. In ""The Feminist,"" a young man's passionate allyship turns to furious nihilism as he realizes, over thirty lonely years, that it isn't getting him laid. A young woman's unrequited crush in ""Pics"" spirals into borderline obsession and the systematic destruction of her sense of self. And in ""Ahegao; or, The Ballad of Sexual Repression,"" a shy late bloomer's flailing efforts at a first relationship leads to a life-upending mistake. As the characters pop up in each other's dating apps and social media feeds, or meet in dimly lit bars and bedrooms, they reveal the ways our delusions can warp our desire for connection. These brilliant satires explore the underrated sorrows of rejection with the authority of a modern classic and the manic intensity of a manifesto. Audacious and unforgettable, Rejection is a stunning mosaic that redefines what it means to be rejected by lovers, friends, society, and oneself.","[{'type': 'ISBN_10', 'identifier': '0063337878'}, {'type': 'ISBN_13', 'identifier': '9780063337879'}]","{'text': False, 'image': False}",258.0,BOOK,['Fiction'],NOT_MATURE,False,preview-1.0.0,"{'containsEpubBubbles': False, 'containsImageBubbles': False}","{'smallThumbnail': 'http://books.google.com/books/content?id=XRM70AEACAAJ&printsec=frontcover&img=1&zoom=5&source=gbs_api', 'thumbnail': 'http://books.google.com/books/content?id=XRM70AEACAAJ&printsec=frontcover&img=1&zoom=1&source=gbs_api'}",en,http://books.google.com/books?id=XRM70AEACAAJ&dq=isbn:9780063337879&hl=&cd=1&source=gbs_api,http://books.google.com/books?id=XRM70AEACAAJ&dq=isbn:9780063337879&hl=&source=gbs_api,https://books.google.com/books/about/Rejection.html?hl=&id=XRM70AEACAAJ,Fiction,,,9780063337879,0063337878,,http://books.google.com/books/content?id=XRM70AEACAAJ&printsec=frontcover&img=1&zoom=5&source=gbs_api,http://books.google.com/books/content?id=XRM70AEACAAJ&printsec=frontcover&img=1&zoom=1&source=gbs_api
277,9780374619329,Enshittification: Why Everything Suddenly Got Worse and What to Do About It,Cory Doctorow,2025-12-13,2025-12-24,2025,True,Enshittification,['Cory Doctorow'],MCD,2025-10-07,"Explaining the process of the “enshittification” of digital platforms over time and what to do about it. Cory Doctorow's Enshittification takes a witty yet incisive look at the tech landscape, where platforms like TikTok, Facebook, and Google start off great—before they inevitably turn terrible. In this contemporary moment of digital decline, Doctorow explores how tech giants lure users in with convenience and then degrade their services over time, squeezing profit at the cost of user experience. With a mix of sharp humor and deep insight, he unveils the slow creep of ""enshittification,"" turning the online world into a worse place, one algorithm at a time.","[{'type': 'ISBN_13', 'identifier': '9780374619329'}, {'type': 'ISBN_10', 'identifier': '0374619328'}]","{'text': True, 'image': False}",352.0,BOOK,['Social Science'],NOT_MATURE,False,preview-1.0.0,"{'containsEpubBubbles': False, 'containsImageBubbles': False}","{'smallThumbnail': 'http://books.google.com/books/content?id=caxQEQAAQBAJ&printsec=frontcover&img=1&zoom=5&source=gbs_api', 'thumbnail': 'http://books.google.com/books/content?id=caxQEQAAQBAJ&printsec=frontcover&img=1&zoom=1&source=gbs_api'}",en,http://books.google.com/books?id=caxQEQAAQBAJ&dq=isbn:9780374619329&hl=&cd=1&source=gbs_api,http://books.google.com/books?id=caxQEQAAQBAJ&dq=isbn:9780374619329&hl=&source=gbs_api,https://books.google.com/books/about/Enshittification.html?hl=&id=caxQEQAAQBAJ,Why Everything Suddenly Got Worse and What to Do About It,,,9780374619329,0374619328,,http://books.google.com/books/content?id=caxQEQAAQBAJ&printsec=frontcover&img=1&zoom=5&source=gbs_api,http://books.google.com/books/content?id=caxQEQAAQBAJ&printsec=frontcover&img=1&zoom=1&source=gbs_api
291,9780062963673,The Dutch House,Ann Patchett,2025-12-18,2025-12-23,2025,True,The Dutch House,['Ann Patchett'],Harper,2019-09-24,"Ann Patchett, the New York Times bestselling author of Commonwealth and State of Wonder, returns with her most powerful novel to date: a richly moving story that explores the indelible bond between two siblings, the house of their childhood, and a past that will not let them go. ""'Do you think it's possible to ever see the past as it actually was?' I asked my sister. We were sitting in her car, parked in front of the Dutch House in the broad daylight of early summer."" At the end of the Second World War, Cyril Conroy combines luck and a single canny investment to begin an enormous real estate empire, propelling his family from poverty to enormous wealth. His first order of business is to buy the Dutch House, a lavish estate in the suburbs outside of Philadelphia. Meant as a surprise for his wife, the house sets in motion the undoing of everyone he loves. The story is told by Cyril's son Danny, as he and his older sister, the brilliantly acerbic and self-assured Maeve, are exiled from the house where they grew up by their stepmother. The two wealthy siblings are thrown back into the poverty their parents had escaped from and find that all they have to count on is one another. It is this unshakeable bond between them that both saves their lives and thwarts their futures. Set over the course of five decades, The Dutch House is a dark fairy tale about two smart people who cannot overcome their past. Despite every outward sign of success, Danny and Maeve are only truly comfortable when they're together. Throughout their lives they return to the well-worn story of what they've lost with humor and rage. But when at last they're forced to confront the people who left them behind, the relationship between an indulged brother and his ever-protective sister is finally tested. The Dutch House is the story of a paradise lost, a tour de force that digs deeply into questions of inheritance, love and forgiveness, of how we want to see ourselves and of who we really are. Filled with suspense, you may read it quickly to find out what happens, but what happens to Danny and Maeve will stay with you for a very long time.","[{'type': 'ISBN_10', 'identifier': '0062963678'}, {'type': 'ISBN_13', 'identifier': '9780062963673'}]","{'text': False, 'image': False}",352.0,BOOK,['Fiction'],NOT_MATURE,False,preview-1.0.0,"{'containsEpubBubbles': False, 'containsImageBubbles': False}","{'smallThumbnail': 'http://books.google.com/books/content?id=45B7wwEACAAJ&printsec=frontcover&img=1&zoom=5&source=gbs_api', 'thumbnail': 'http://books.google.com/books/content?id=45B7wwEACAAJ&printsec=frontcover&img=1&zoom=1&source=gbs_api'}",en,http://books.google.com/books?id=45B7wwEACAAJ&dq=isbn:9780062963673&hl=&cd=1&source=gbs_api,http://books.google.com/books?id=45B7wwEACAAJ&dq=isbn:9780062963673&hl=&source=gbs_api,https://books.google.com/books/about/The_Dutch_House.html?hl=&id=45B7wwEACAAJ,,,,9780062963673,0062963678,,http://books.google.com/books/content?id=45B7wwEACAAJ&printsec=frontcover&img=1&zoom=5&source=gbs_api,http://books.google.com/books/content?id=45B7wwEACAAJ&printsec=frontcover&img=1&zoom=1&source=gbs_api
270,9780802158741,Small Things Like These,Claire Keegan,2025-12-22,2025-12-29,2025,True,Small Things Like These,['Claire Keegan'],Grove Press,2021,"**OPRAH'S BOOK CLUB PICK, DECEMBER 2024** **NEW YORK TIMES BOOK CLUB PICK, DECEMBER 2024** NOW A MAJOR MOTION PICTURE STARRING CILLIAN MURPHY A New York Times Bestseller - Shortlisted for the 2022 Booker Prize - Winner of the Orwell Prize for Political Fiction One of the New York Times's 100 Best Books of the 21st Century ""A hypnotic and electrifying Irish tale that transcends country, transcends time."" --Lily King, New York Times bestselling author of Writers & Lovers Small Things Like These is award-winning author Claire Keegan's landmark new novel, a tale of one man's courage and a remarkable portrait of love and family It is 1985 in a small Irish town. During the weeks leading up to Christmas, Bill Furlong, a coal merchant and family man faces into his busiest season. Early one morning, while delivering an order to the local convent, Bill makes a discovery which forces him to confront both his past and the complicit silences of a town controlled by the church. An international bestseller, Small Things Like These is a deeply affecting story of hope, quiet heroism, and empathy from one of our most critically lauded and iconic writers.","[{'type': 'ISBN_10', 'identifier': '0802158749'}, {'type': 'ISBN_13', 'identifier': '9780802158741'}]","{'text': False, 'image': False}",118.0,BOOK,['Fiction'],NOT_MATURE,False,preview-1.0.0,"{'containsEpubBubbles': False, 'containsImageBubbles': False}","{'smallThumbnail': 'http://books.google.com/books/content?id=kzMjzgEACAAJ&printsec=frontcover&img=1&zoom=5&source=gbs_api', 'thumbnail': 'http://books.google.com/books/content?id=kzMjzgEACAAJ&printsec=frontcover&img=1&zoom=1&source=gbs_api'}",en,http://books.google.com/books?id=kzMjzgEACAAJ&dq=isbn:9780802158741&hl=&cd=1&source=gbs_api,http://books.google.com/books?id=kzMjzgEACAAJ&dq=isbn:9780802158741&hl=&source=gbs_api,https://books.google.com/books/about/Small_Things_Like_These.html?hl=&id=kzMjzgEACAAJ,,,,9780802158741,0802158749,,http://books.google.com/books/content?id=kzMjzgEACAAJ&printsec=frontcover&img=1&zoom=5&source=gbs_api,http://books.google.com/books/content?id=kzMjzgEACAAJ&printsec=frontcover&img=1&zoom=1&source=gbs_api
282,9781591846352,The Obstacle Is the Way: The Timeless Art of Turning Trials Into Triumph,Ryan Holiday,2025-12-23,2025-12-26,2025,True,The Obstacle Is the Way,['Ryan Holiday'],Penguin,2014-05-01,"#1 Wall Street Journal Bestseller The Obstacle is the Way has become a cult classic, beloved by men and women around the world who apply its wisdom to become more successful at whatever they do. Its many fans include a former governor and movie star (Arnold Schwarzenegger), a hip hop icon (LL Cool J), an Irish tennis pro (James McGee), an NBC sportscaster (Michele Tafoya), and the coaches and players of winning teams like the New England Patriots, Seattle Seahawks, Chicago Cubs, and University of Texas men’s basketball team. The book draws its inspiration from stoicism, the ancient Greek philosophy of enduring pain or adversity with perseverance and resilience. Stoics focus on the things they can control, let go of everything else, and turn every new obstacle into an opportunity to get better, stronger, tougher. As Marcus Aurelius put it nearly 2000 years ago: “The impediment to action advances action. What stands in the way becomes the way.” Ryan Holiday shows us how some of the most successful people in history—from John D. Rockefeller to Amelia Earhart to Ulysses S. Grant to Steve Jobs—have applied stoicism to overcome difficult or even impossible situations. Their embrace of these principles ultimately mattered more than their natural intelligence, talents, or luck. If you’re feeling frustrated, demoralized, or stuck in a rut, this book can help you turn your problems into your biggest advantages. And along the way it will inspire you with dozens of true stories of the greats from every age and era.","[{'type': 'ISBN_13', 'identifier': '9781591846352'}, {'type': 'ISBN_10', 'identifier': '1591846358'}]","{'text': False, 'image': False}",226.0,BOOK,['Business & Economics'],NOT_MATURE,False,0.8.0.0.preview.0,"{'containsEpubBubbles': False, 'containsImageBubbles': False}","{'smallThumbnail': 'http://books.google.com/books/content?id=jWqJDQAAQBAJ&printsec=frontcover&img=1&zoom=5&edge=curl&source=gbs_api', 'thumbnail': 'http://books.google.com/books/content?id=jWqJDQAAQBAJ&printsec=frontcover&img=1&zoom=1&edge=curl&source=gbs_api'}",en,http://books.google.com/books?id=jWqJDQAAQBAJ&printsec=frontcover&dq=isbn:9781591846352&hl=&cd=1&source=gbs_api,http://books.google.com/books?id=jWqJDQAAQBAJ&dq=isbn:9781591846352&hl=&source=gbs_api,https://books.google.com/books/about/The_Obstacle_Is_the_Way.html?hl=&id=jWqJDQAAQBAJ,The Timeless Art of Turning Trials into Triumph,,,9781591846352,1591846358,,http://books.google.com/books/content?id=jWqJDQAAQBAJ&printsec=frontcover&img=1&zoom=5&edge=curl&source=gbs_api,http://books.google.com/books/content?id=jWqJDQAAQBAJ&printsec=frontcover&img=1&zoom=1&edge=curl&source=gbs_api
