Book Id,Title,Author,Author l-f,Additional Authors,ISBN,ISBN13,My Rating,Average Rating,Publisher,Binding,Number of Pages,Year Published,Original Publication Year,Date Read,Date Added,Bookshelves,Bookshelves with positions,Exclusive Shelf,My Review,Spoiler,Private Notes,Read Count,Owned Copies
15681,Albert Camus: A Life,Olivier Todd,"Todd, Olivier",,0786707399,9780786707393,0,4.02,Da Capo,Paperback,448,2000,1996,,1/16/25,to-read,to-read (#754),to-read,,,,0,0
203955668,"We Solve Murders (We Solve Murders, #1)",Richard Osman,"Osman, Richard",,0593653238,9780593653234,0,4.15,Pamela Dorman Books,Kindle Edition,400,2024,2024,1/7/25,1/5/25,,,read,,,,1,0
12287209,"Wool (Wool, #1)",Hugh Howey,"Howey, Hugh",,,,3,4.2,Broad Reach,Kindle Edition,56,2011,2012,10/19/23,10/7/23,,,read,,,,1,0
29044,The Secret History,Donna Tartt,"Tartt, Donna",,1400031702,9781400031702,4,4.17,Vintage,Paperback,559,1992,1992,11/29/24,7/27/24,2024-bookshelf,2024-bookshelf (#149),read,,,,1,0
41733839,The Great Gatsby,F. Scott Fitzgerald,"Fitzgerald, F. Scott",Jesmyn Ward,,,0,3.93,Scribner,Paperback,180,2018,1925,,1/7/25,to-read,to-read (#753),to-read,,,,0,0
173754979,James,Percival Everett,"Everett, Percival",,,,0,4.53,Knopf Doubleday,Hardcover,303,2024,2024,,1/3/25,currently-reading,currently-reading (#6),currently-reading,,,,1,0
52562628,Adventures of Huckleberry Finn,Mark Twain,"Twain, Mark",,,,0,3.83,Grapevine,Kindle Edition,292,2019,1884,1/7/25,12/31/24,,,read,,,,1,0
1142938,Not All of Us Are Saints: A Doctor's Journey with the Poor,David Hilfiker,"Hilfiker, David",,034545975X,9780345459756,0,4.24,Random House Publishing Group,Paperback,272,1996,1994,,1/2/25,"just-shelve, 2024-bookshelf","just-shelve (#8), 2024-bookshelf (#259)",just-shelve,,,,0,0
18774981,Waking Up: A Guide to Spirituality Without Religion,Sam Harris,"Harris, Sam",,1451636016,9781451636017,4,3.91,Simon & Schuster,Hardcover,256,2014,2014,3/27/15,12/3/14,"books-to-buy-hardcopy, 2024-bookshelf","books-to-buy-hardcopy (#9), 2024-bookshelf (#258)",read,,,,1,0
754738,"Gay Marriage: Why It Is Good for Gays, Good for Straights, and Good for America",Jonathan Rauch,"Rauch, Jonathan",,0805078150,9780805078152,0,4.02,Holt Paperbacks,Paperback,224,2005,2004,,1/2/25,"just-shelve, 2024-bookshelf","just-shelve (#5), 2024-bookshelf (#257)",just-shelve,,,,0,0
10225382,Advantage: How American Innovation Can Overcome the Asian Challenge,Adam Segal,"Segal, Adam",,0393080374,9780393080377,0,3.77,W. W. Norton Company,Kindle Edition,294,2011,2011,,1/6/25,"2024-bookshelf, just-shelve","2024-bookshelf (#256), just-shelve (#34)",just-shelve,,,,0,0
767854,From Max Weber: Essays in Sociology,Max Weber,"Weber, Max","C. Wright Mills, Hans H. Gerth",0195004620,9780195004625,0,4.03,Oxford University Press (Galaxy imprint),Hardcover,504,1948,1946,,1/6/25,"2024-bookshelf, just-shelve","2024-bookshelf (#255), just-shelve (#33)",just-shelve,,,,0,0
30636,Miracles,C.S. Lewis,"Lewis, C.S.",,0006280943,9780006280941,0,4.05,,Paperback,294,2002,1947,,1/2/25,"just-shelve, 2024-bookshelf","just-shelve (#13), 2024-bookshelf (#254)",just-shelve,,,,0,0
6277770,The Poisonwood Bible,Barbara Kingsolver,"Kingsolver, Barbara",,,,4,4.1,HarperCollins e-books,Kindle Edition,570,2009,1998,7/20/23,7/2/22,2024-bookshelf,2024-bookshelf (#253),read,,,,1,0
4657,The Water-Method Man (Ballantine Reader's Circle),John Irving,"Irving, John",,034541800X,9780345418005,0,3.38,Random House Publishing Group,Paperback,272,1997,1972,,8/28/18,2024-bookshelf,2024-bookshelf (#252),read,,,,1,0
11768,The Hotel New Hampshire,John Irving,"Irving, John",,0552992097,9780552992091,0,3.93,BLACK SWAN,Paperback,520,1999,1981,,1/4/25,to-read,to-read (#752),to-read,,,,0,0
17333,A Year with C.S. Lewis: Daily Readings from His Classic Works,C.S. Lewis,"Lewis, C.S.",Patricia S. Klein,0060566167,9780060566166,0,4.39,HarperOne,Hardcover,416,2003,2003,,1/2/25,"just-shelve, 2024-bookshelf","just-shelve (#15), 2024-bookshelf (#251)",just-shelve,,,,0,0
1384,The Odyssey,Homer,"Homer, Homer","E.V. Rieu, D.C.H. Rieu, Peter V. Jones",0140449116,9780140449112,0,3.82,Penguin Classics,Paperback,348,2003,-700,,1/2/25,"just-shelve, 2024-bookshelf","just-shelve (#18), 2024-bookshelf (#250)",just-shelve,,,,0,0
544046,Home Land,Sam Lipsyte,"Lipsyte, Sam",,0312424183,9780312424183,0,3.62,Picador,Paperback,229,2005,2004,,1/4/25,"to-read, 2024-bookshelf","to-read (#751), 2024-bookshelf (#249)",to-read,,,,0,0
104734,The Vagina Monologues,V (formerly Eve Ensler),"Ensler), V (formerly Eve",Gloria Steinem,1860499260,9781860499265,0,3.87,Virago Press Ltd.,Paperback,185,2001,1996,,1/4/25,"2024-bookshelf, just-shelve","2024-bookshelf (#248), just-shelve (#32)",just-shelve,,,,0,0
4981,Slaughterhouse-Five,Kurt Vonnegut Jr.,"Jr., Kurt Vonnegut",,0385333846,9780385333849,0,4.1,Dial Press,Paperback,275,1999,1969,,1/4/25,2024-bookshelf,2024-bookshelf (#247),read,,,,1,0
49552,The Stranger,Albert Camus,"Camus, Albert",Matthew  Ward,,,0,4.03,Vintage International,Paperback,123,1989,1942,9/6/21,8/24/21,2024-bookshelf,2024-bookshelf (#246),read,,,,1,0
695945,Jaws of Steel,Thomas Eveland,"Eveland, Thomas",,0963076604,9780963076601,0,4.6,Fund for Animals,Paperback,128,1991,1991,,1/2/25,"2024-bookshelf, just-shelve","2024-bookshelf (#130), just-shelve (#31)",just-shelve,,,,0,0
14891886,Alan Turing: The Enigma,Andrew Hodges,"Hodges, Andrew",Douglas R. Hofstadter,069115564X,9780691155647,0,3.75,Princeton University Press,Paperback,616,2012,1983,,1/3/25,"to-read, 2024-bookshelf","to-read (#750), 2024-bookshelf (#245)",to-read,,,,0,0
629,"Zen and the Art of Motorcycle Maintenance: An Inquiry Into Values (Phaedrus, #1)",Robert M. Pirsig,"Pirsig, Robert M.",,0060589469,9780060589462,4,3.78,HarperTorch,Mass Market Paperback,540,2006,1974,,2/21/14,2024-bookshelf,2024-bookshelf (#244),read,,,,1,0
5107,The Catcher in the Rye,J.D. Salinger,"Salinger, J.D.",,0316769177,9780316769174,0,3.8,Back Bay Books,Paperback,277,2001,1951,,5/29/14,2024-bookshelf,2024-bookshelf (#243),read,,,,1,0
10176,Dress Your Family in Corduroy and Denim,David Sedaris,"Sedaris, David",,0965904830,9780965904834,0,4.11,"Little, Brown & Co.",Paperback,257,2004,2004,,1/3/25,"2024-bookshelf, just-shelve","2024-bookshelf (#242), just-shelve (#30)",just-shelve,,,,0,0
11168,Day,Elie Wiesel,"Wiesel, Elie",Anne Borchardt,0809023091,9780809023097,0,3.79,Hill and Wang,Paperback,109,2006,1961,,1/3/25,to-read,to-read (#749),to-read,,,,0,0
11166,Dawn,Elie Wiesel,"Wiesel, Elie",Frances Frenaye,0809037726,9780809037728,0,3.83,Hill and Wang,Paperback,81,2006,1960,,1/3/25,to-read,to-read (#748),to-read,,,,0,0
1617,"Night  (The Night Trilogy, #1)",Elie Wiesel,"Wiesel, Elie","Marion Wiesel, François Mauriac",0374500010,9780374500016,5,4.38,Hill & Wang,Paperback,120,2006,1956,,1/26/14,2024-bookshelf,2024-bookshelf (#241),read,,,,1,0
503150,Letters to a Young Contrarian,Christopher Hitchens,"Hitchens, Christopher",,0465030335,9780465030330,0,4.13,Basic Books,Paperback,141,2005,2001,,10/4/13,"to-read, 2024-bookshelf","to-read (#23), 2024-bookshelf (#240)",to-read,,,,0,0
310612,A Confederacy of Dunces,John Kennedy Toole,"Toole, John Kennedy",Walker Percy,0802130208,9780802130204,4,3.89,Grove Weidenfeld,Paperback,394,1994,1980,,3/16/14,"favorites, 2024-bookshelf","favorites (#14), 2024-bookshelf (#239)",read,,,,1,0
36375515,Meditation for Fidgety Skeptics: A 10% Happier How-To Book,Dan   Harris,"Harris, Dan","Jeff  Warren, Carlye Adler",0399588957,9780399588952,4,3.84,Harmony,Kindle Edition,288,2017,2017,5/17/18,2/12/18,2024-bookshelf,2024-bookshelf (#238),read,,,,1,0
3805,The Corrections,Jonathan Franzen,"Franzen, Jonathan",,1841156736,9781841156736,5,3.84,Fourth Estate Paperbacks,Paperback,653,2002,2001,4/12/11,10/4/13,"favorites, kindle, 2024-bookshelf","favorites (#24), kindle (#45), 2024-bookshelf (#237)",read,,,,1,0
857019,Catch-22,Joseph Heller,"Heller, Joseph",,0679437223,9780679437222,4,3.99,Everyman's Library,Hardcover,561,1995,1961,10/4/20,6/19/20,"2024-bookshelf, favorites","2024-bookshelf (#236), favorites (#31)",read,,,,1,0
4472,A Prayer for Owen Meany (Modern Library),John Irving,"Irving, John",,0679642595,9780679642596,5,4.24,Modern Library,Hardcover,641,2002,1989,8/1/01,11/6/14,"favorites, 2024-bookshelf","favorites (#9), 2024-bookshelf (#235)",read,,,,1,0
297673,The Brief Wondrous Life of Oscar Wao,Junot Díaz,"Díaz, Junot",,1594489580,9781594489587,0,3.89,Riverhead Books,Hardcover,335,2007,2007,,11/25/14,"to-read, 2024-bookshelf","to-read (#137), 2024-bookshelf (#234)",to-read,,,,0,0
56302573,Farenheit 451,Ray Bradbury,"Bradbury, Ray",,,,0,3.96,Qanun Nəşriyyatı,Unknown Binding,208,2019,1953,,1/3/25,"to-read, 2024-bookshelf","to-read (#747), 2024-bookshelf (#233)",to-read,,,,0,0
4625,The Complete Short Stories of Ernest Hemingway,Ernest Hemingway,"Hemingway, Ernest","John Hemingway, Patrick Hemingway, Gregory H. Hemingway, Charles Scribner Jr.",0684843323,9780684843322,0,4.29,Charles Schribner's Sons,Paperback,650,1987,1987,,12/20/19,"to-read, 2024-bookshelf","to-read (#304), 2024-bookshelf (#232)",to-read,,,,0,0
38656999,The Good Neighbor: The Life and Work of Fred Rogers,Maxwell King,"King, Maxwell",,1419727729,9781419727726,0,3.99,Abrams Press,Hardcover,416,2018,2018,,1/3/25,"2024-bookshelf, just-shelve","2024-bookshelf (#231), just-shelve (#29)",just-shelve,,,,0,0
29430012,A Gentleman in Moscow,Amor Towles,"Towles, Amor",,,,0,4.33,Viking,Hardcover,462,2016,2016,9/12/21,5/17/19,2024-bookshelf,2024-bookshelf (#230),read,,,,1,0
42547,"The Autobiography of Martin Luther King, Jr.",Martin Luther King Jr.,"Jr., Martin Luther King",Clayborne Carson,0446676500,9780446676502,0,4.34,Warner Books,Paperback,400,2001,1986,,10/4/13,2024-bookshelf,2024-bookshelf (#229),read,,,,1,0
792727,Local People: The Struggle for Civil Rights in Mississippi,John Dittmer,"Dittmer, John",,0252065077,9780252065071,0,4.27,University of Illinois Press,Paperback,560,1995,1994,,1/3/25,"2024-bookshelf, just-shelve","2024-bookshelf (#228), just-shelve (#28)",just-shelve,,,,0,0
1642139,Race and the Shaping of Twentieth-Century Atlanta (Fred W. Morrison Series in Southern Studies),Ronald H. Bayor,"Bayor, Ronald H.",,0807848980,9780807848982,0,4.14,The University of North Carolina Press,Paperback,352,2000,1996,,6/18/22,"to-read, 2024-bookshelf","to-read (#418), 2024-bookshelf (#227)",to-read,,,,0,0
225943,"Better Day Coming: Blacks and Equality, 1890-2000",Adam Fairclough,"Fairclough, Adam",,0142001295,9780142001295,0,3.96,Penguin Publishing Group,Paperback,400,2002,2001,,1/3/25,"2024-bookshelf, just-shelve","2024-bookshelf (#226), just-shelve (#27)",just-shelve,,,,0,0
1031303,Gandhi's Passion: The Life and Legacy of Mahatma Gandhi,Stanley Wolpert,"Wolpert, Stanley",,019513060X,9780195130607,0,3.7,Oxford University Press,Hardcover,336,2001,2001,,1/3/25,"to-read, 2024-bookshelf","to-read (#746), 2024-bookshelf (#225)",to-read,,,,0,0
225614,Making the Corps,Thomas E. Ricks,"Ricks, Thomas E.",,141654450X,9781416544500,0,4.06,Scribner,Paperback,336,2007,1997,,1/3/25,2024-bookshelf,2024-bookshelf (#224),read,,,,1,0
5326179,Jerusalem 1913: The Origins of the Arab-Israeli Conflict,Amy Dockser Marcus,"Marcus, Amy Dockser",,0143113283,9780143113287,0,3.54,Penguin Publishing Group,Paperback,240,2008,2007,,1/3/25,2024-bookshelf,2024-bookshelf (#223),read,,,,1,0
6065958,The Much Too Promised Land: America's Elusive Search for Arab-Israeli Peace,Aaron David Miller,"Miller, Aaron David",,0553384147,9780553384147,0,3.61,Random House Publishing Group,Paperback,416,2008,2008,,1/3/25,2024-bookshelf,2024-bookshelf (#222),read,,,,1,0
200844,Military Misfortunes: The Anatomy of Failure in War,Eliot A. Cohen,"Cohen, Eliot A.",John Gooch,0743280822,9780743280822,0,3.75,Free Press,Paperback,320,2006,1990,,1/3/25,"2024-bookshelf, just-shelve","2024-bookshelf (#221), just-shelve (#26)",just-shelve,,,,0,0
6980627,The Shia Revival: How Conflicts within Islam Will Shape the Future,Vali Nasr,"Nasr, Vali",,0641935455,9780641935459,0,3.88,"Norton, W. W. & Company, Inc.",Hardcover,304,2006,2006,,1/3/25,"2024-bookshelf, just-shelve","2024-bookshelf (#220), just-shelve (#25)",just-shelve,,,,0,0
27511,The Commanders,Bob Woodward,"Woodward, Bob",,0743234758,9780743234757,0,3.75,Simon & Schuster,Paperback,400,2002,1991,,10/4/13,"to-read, 2024-bookshelf","to-read (#29), 2024-bookshelf (#219)",to-read,,,,0,0
225897,Six Days of War: June 1967 and the Making of the Modern Middle East,Michael B. Oren,"Oren, Michael B.",,0345461924,9780345461926,0,4.17,Presidio Press,Paperback,460,2003,2001,,1/3/25,"2024-bookshelf, just-shelve","2024-bookshelf (#218), just-shelve (#24)",just-shelve,,,,0,0
419083,Killing Pablo: The Hunt for the World's Greatest Outlaw,Mark Bowden,"Bowden, Mark",,0142000957,9780142000953,0,3.98,Penguin Books,Paperback,296,2002,2001,,1/3/25,"2024-bookshelf, just-shelve","2024-bookshelf (#217), just-shelve (#23)",just-shelve,,,,0,0
38858,Insurgency and Counter-Insurgency in Iraq,Ahmed S. Hashim,"Hashim, Ahmed S.",,0801444527,9780801444524,0,3.82,Cornell University Press,Hardcover,512,2006,2006,,1/3/25,"2024-bookshelf, just-shelve","2024-bookshelf (#216), just-shelve (#22)",just-shelve,,,,0,0
32301946,Churchill and Orwell: The Fight for Freedom,Thomas E. Ricks,"Ricks, Thomas E.",,1594206139,9781594206139,4,4.06,Penguin Pr,Hardcover,352,2017,2017,5/31/18,5/22/17,2024-bookshelf,2024-bookshelf (#215),read,,,,1,0
128531041,On the Eve of October,Vladimir Lenin,"Lenin, Vladimir",,,,0,5,"Martin Lawrence Ltd., London",Hardcover,,1932,,,1/2/25,"2024-bookshelf, just-shelve","2024-bookshelf (#160), just-shelve (#21)",just-shelve,,,,0,0
36374034,Why Buddhism is True: The Science and Philosophy of Meditation and Enlightenment,Robert Wright,"Wright, Robert",,1439195463,9781439195468,4,4.02,Simon & Schuster,Paperback,321,2018,2017,2/27/18,8/1/17,,,read,,,,1,0
25489625,Between the World and Me,Ta-Nehisi Coates,"Coates, Ta-Nehisi",,,,0,4.4,Spiegel & Grau,Hardcover,152,2015,2015,7/24/15,12/17/16,"kindle, 2024-bookshelf","kindle (#38), 2024-bookshelf (#193)",read,,,,1,0
4659,A Widow for One Year,John Irving,"Irving, John",,,,4,3.77,Ballantine Books,Paperback,576,2004,1998,,8/28/18,2024-bookshelf,2024-bookshelf (#214),read,,,,1,0
7746903,A Rumor of War,Philip Caputo,"Caputo, Philip",,0812430565,9780812430561,0,4.17,Henry Holt & Co./Owl Book,Library Binding,356,1996,1977,,1/2/25,2024-bookshelf,2024-bookshelf (#25),read,,,,1,0
132508532,"The Evolution of the Idea of God (Thinker's Library No. 18, 1949)",Grant Allen,"Allen, Grant",,,,0,3.83,C. A. Watts,Hardcover,0,1949,1897,,1/2/25,"to-read, 2024-bookshelf","to-read (#704), 2024-bookshelf (#157)",to-read,,,,0,0
306399,The Good War: An Oral History of World War II,Studs Terkel,"Terkel, Studs",,1565843436,9781565843431,0,4.3,The New Press,Paperback,589,2004,1984,,1/2/25,"to-read, 2024-bookshelf","to-read (#580), 2024-bookshelf (#17)",to-read,,,,0,0
13539043,"Thinking, Fast and Slow",Daniel Kahneman,"Kahneman, Daniel",,0374533555,9780374533557,4,4.17,"Farrar, Straus and Giroux",Paperback,499,2013,2011,3/22/16,7/5/14,"favorites, kindle, 2024-bookshelf","favorites (#12), kindle (#34), 2024-bookshelf (#128)",read,,,,1,0
893513,You Can't Be Neutral on a Moving Train: A Personal History of Our Times,Howard Zinn,"Zinn, Howard",,0807070599,9780807070598,0,4.34,Beacon Press,Paperback,224,1994,1994,,1/2/25,"to-read, 2024-bookshelf","to-read (#641), 2024-bookshelf (#65)",to-read,,,,0,0
102148,"America's Longest War: The United States and Vietnam, 1950-1975",George C. Herring,"Herring, George C.",,0072536187,9780072536188,0,3.82,"McGraw-Hill Book Co., Inc.",Paperback,397,2001,1979,,1/2/25,2024-bookshelf,2024-bookshelf (#8),read,,,,1,0
116879,After Hegemony: Cooperation and Discord in the World Political Economy,Robert O. Keohane,"Keohane, Robert O.",,0691122482,9780691122489,0,3.7,Princeton University Press,Paperback,320,2005,1984,,1/2/25,"2024-bookshelf, just-shelve","2024-bookshelf (#212), just-shelve (#20)",just-shelve,,,,0,0
170609,"The Lion, the Witch and the Wardrobe (Chronicles of Narnia, #2)",C.S. Lewis,"Lewis, C.S.",Pauline Baynes,,,0,4.24,HarperTrophy,Paperback,189,1994,1950,,1/2/25,"to-read, 2024-bookshelf","to-read (#741), 2024-bookshelf (#207)",to-read,,,,0,0
638211,Prince Caspian,C.S. Lewis,"Lewis, C.S.",Pauline Baynes,0064405001,9780064405003,0,3.98,HarperCollins,Paperback,223,1994,1951,,1/2/25,"to-read, 2024-bookshelf","to-read (#745), 2024-bookshelf (#211)",to-read,,,,0,0
18414,Utopia,Thomas More,"More, Thomas",Paul  Turner,0140449108,9780140449105,0,3.55,Penguin Classics,Paperback,113,2003,1516,,1/2/25,"just-shelve, 2024-bookshelf","just-shelve (#19), 2024-bookshelf (#213)",just-shelve,,,,0,0
2475251,The Cellist of Sarajevo,Steven Galloway,"Galloway, Steven",,1594489866,9781594489860,0,4,Riverhead Hardcover,Hardcover,235,2008,2008,,1/2/25,"to-read, 2024-bookshelf","to-read (#744), 2024-bookshelf (#210)",to-read,,,,0,0
616893,The Power and the Glory,Graham Greene,"Greene, Graham",John Updike,0140184996,9780140184990,0,3.98,Penguin Books,Mass Market Paperback,222,1991,1940,,1/2/25,"to-read, 2024-bookshelf","to-read (#737), 2024-bookshelf (#203)",to-read,,,,0,0
1535622,The American Heritage College Dictionary,American Heritage,"Heritage, American",,0395671612,9780395671610,0,4.24,Houghton Mifflin Company,Hardcover,1630,1993,,,1/2/25,"to-read, 2024-bookshelf","to-read (#740), 2024-bookshelf (#206)",to-read,,,,0,0
73290,Witness,Whittaker Chambers,"Chambers, Whittaker",,0895265710,9780895265715,0,4.37,Gateway Books,Hardcover,808,1987,1952,,1/2/25,"to-read, 2024-bookshelf","to-read (#659), 2024-bookshelf (#83)",to-read,,,,0,0
210512429,"Utilitarianism, Liberty and Representative Government. Everyman's Library No. 482",John Stuart Mill,"Mill, John Stuart",,,,0,0,J.M. Dent,Hardcover,0,1957,,,1/2/25,"to-read, 2024-bookshelf","to-read (#707), 2024-bookshelf (#161)",to-read,,,,0,0
153500027,Ishmael,Daniel Quinn,"Quinn, Daniel",,,,0,4.01,Generic Manufacturer,Paperback,,,1992,,1/2/25,"to-read, 2024-bookshelf","to-read (#743), 2024-bookshelf (#209)",to-read,,,,0,0
128760454,The Power and the Glory,Graham Greene,"Greene, Graham",,,,0,3.98,Penguin Books,Mass Market Paperback,0,1977,1940,,1/2/25,"to-read, 2024-bookshelf","to-read (#742), 2024-bookshelf (#208)",to-read,,,,0,0
2373085,Thesaurus of English Words and Phrases (Classic American Edition),Peter Mark Roget,"Roget, Peter Mark","John Lewis Roget, Samuel Romilly Roget",0517209853,9780517209851,0,4.19,Random House Value Publishing,Hardcover,705,1988,1852,,1/2/25,"to-read, 2024-bookshelf","to-read (#739), 2024-bookshelf (#205)",to-read,,,,0,0
1371438,The Bridge of San Luis Rey,Thornton Wilder,"Wilder, Thornton",,006091341X,9780060913410,0,3.79,HarperCollins,Paperback,148,1986,1927,,1/2/25,"to-read, 2024-bookshelf","to-read (#738), 2024-bookshelf (#204)",to-read,,,,0,0
315233,On the Road,Jack Kerouac,"Kerouac, Jack",Ann Charters,0140185216,9780140185218,0,3.61,Penguin Classics,Paperback,310,1991,1957,,1/2/25,"to-read, 2024-bookshelf","to-read (#736), 2024-bookshelf (#202)",to-read,,,,0,0
9355,Until I Find You,John Irving,"Irving, John",,0345479726,9780345479723,0,3.66,Ballantine Books,Paperback,820,2006,2005,,1/2/25,"to-read, 2024-bookshelf","to-read (#735), 2024-bookshelf (#201)",to-read,,,,0,0
372299,The Hitch Hiker's Guide to the Galaxy: A Trilogy in Five Parts,Douglas Adams,"Adams, Douglas",,0434003484,9780434003488,0,4.36,Heinemann,Hardcover,776,1995,1979,,1/2/25,"to-read, 2024-bookshelf","to-read (#734), 2024-bookshelf (#200)",to-read,,,,0,0
9070212,Portnoy's Complaint,Philip Roth,"Roth, Philip",,,,0,3.7,Vintage,Paperback,289,1994,1969,,1/2/25,"to-read, 2024-bookshelf","to-read (#733), 2024-bookshelf (#199)",to-read,,,,0,0
2889857,Body of Lies,David Ignatius,"Ignatius, David",,039333158X,9780393331585,0,3.8,W. W. Norton & Company,Paperback,352,2008,2007,,1/2/25,"to-read, 2024-bookshelf","to-read (#732), 2024-bookshelf (#198)",to-read,,,,0,0
10739,The Moviegoer,Walker Percy,"Percy, Walker",,0375701966,9780375701962,4,3.65,Vintage International,Paperback,242,1998,1961,,3/16/14,2024-bookshelf,2024-bookshelf (#197),read,,,,1,0
57539115,The Poverty of Philosophy,Karl Marx,"Marx, Karl",,,,0,3.95,International Publishers,Hardcover,214,1936,,,1/2/25,"to-read, 2024-bookshelf","to-read (#731), 2024-bookshelf (#196)",to-read,,,,0,0
15197,"Maus II: A Survivor's Tale: And Here My Troubles Began (Maus, #2)",Art Spiegelman,"Spiegelman, Art",,0679729771,9780679729778,0,4.42,Pantheon,Paperback,144,1992,1991,,1/2/25,"to-read, 2024-bookshelf","to-read (#730), 2024-bookshelf (#195)",to-read,,,,0,0
30073524,The Beautiful Struggle,Ta-Nehisi Coates,"Coates, Ta-Nehisi",,1784785342,9781784785345,0,4.08,Verso,Paperback,227,2016,2008,,1/2/25,"to-read, 2024-bookshelf","to-read (#729), 2024-bookshelf (#194)",to-read,,,,0,0
43982054,The Water Dancer,Ta-Nehisi Coates,"Coates, Ta-Nehisi",,,,0,4.06,One World,Hardcover,416,2019,2019,,1/2/25,"to-read, 2024-bookshelf","to-read (#728), 2024-bookshelf (#192)",to-read,,,,0,0
703645,Trainspotting,Irvine Welsh,"Welsh, Irvine",,0749336501,9780749336509,0,4.11,Vintage,Paperback,344,1996,1993,,1/2/25,"to-read, 2024-bookshelf","to-read (#727), 2024-bookshelf (#191)",to-read,,,,0,0
597675,Looking Backward,Edward Bellamy,"Bellamy, Edward",Cecelia Tichi,0140390189,9780140390186,0,3.29,Penguin Publishing Group,Paperback,234,1982,1888,,1/2/25,"to-read, 2024-bookshelf","to-read (#726), 2024-bookshelf (#190)",to-read,,,,0,0
225221,The Fountainhead,Ayn Rand,"Rand, Ayn",Leonard Peikoff,0452273331,9780452273337,0,3.89,NAL,Paperback,727,1994,1943,,1/2/25,"to-read, 2024-bookshelf","to-read (#725), 2024-bookshelf (#189)",to-read,,,,0,0
809023,Sky of Stone: A Memoir,Homer Hickam,"Hickam, Homer",,0385335229,9780385335225,0,4.34,Delacorte Press,Hardcover,384,2001,2001,,1/2/25,"to-read, 2024-bookshelf","to-read (#724), 2024-bookshelf (#188)",to-read,,,,0,0
46167,A Farewell to Arms,Ernest Hemingway,"Hemingway, Ernest",,,,0,3.82,Scribner,Paperback,332,1995,1929,,1/2/25,"to-read, 2024-bookshelf","to-read (#723), 2024-bookshelf (#187)",to-read,,,,0,0
8909,The War of the Worlds,H.G. Wells,"Wells, H.G.",Arthur C. Clarke,0375759239,9780375759239,0,3.83,Random House Publishing Group,Paperback,192,2002,1898,,1/2/25,"to-read, 2024-bookshelf","to-read (#722), 2024-bookshelf (#186)",to-read,,,,0,0
2487583,Five Novels,Mark Twain,"Twain, Mark",,076077501X,9780760775011,0,4.42,Library of Essential Writers ,Hardcover,975,2006,2006,,1/2/25,"to-read, 2024-bookshelf","to-read (#721), 2024-bookshelf (#185)",to-read,,,,0,0
1417,The Complete Pelican Shakespeare,William Shakespeare,"Shakespeare, William","Stephen Orgel, A.R. Braunmuller",0141000589,9780141000589,0,4.48,Penguin Books,Hardcover,1824,2002,1623,,1/2/25,"to-read, 2024-bookshelf","to-read (#720), 2024-bookshelf (#184)",to-read,,,,0,0
56247202,Crossroads,Jonathan Franzen,"Franzen, Jonathan",,0374719799,9780374719791,5,4.06,"Farrar, Straus and Giroux",Kindle Edition,681,2021,2021,10/23/21,10/6/21,2024-bookshelf,2024-bookshelf (#183),read,,,,1,0
23754479,Purity,Jonathan Franzen,"Franzen, Jonathan",,0374239215,9780374239213,4,3.64,"Farrar, Straus and Giroux",Hardcover,563,2015,2015,9/7/15,9/3/15,2024-bookshelf,2024-bookshelf (#182),read,,,,1,0
292408,Angle of Repose,Wallace Stegner,"Stegner, Wallace",,014016930X,9780140169300,0,4.24,Penguin,Paperback,569,1992,1971,,1/2/25,"to-read, 2024-bookshelf","to-read (#719), 2024-bookshelf (#181)",to-read,,,,0,0
195474144,Table for Two,Amor Towles,"Towles, Amor",,0593296370,9780593296370,0,4.22,Viking,Hardcover,451,2024,2024,7/11/24,3/30/24,2024-bookshelf,2024-bookshelf (#180),read,,,,1,0
410645,The Bonfire of the Vanities,Tom Wolfe,"Wolfe, Tom",,0374115370,9780374115371,4,3.91,"Farrar, Straus and Giroux",Hardcover,659,1987,1987,9/3/15,11/25/14,2024-bookshelf,2024-bookshelf (#179),read,,,,1,0
104189,"Same Kind of Different as Me: A Modern-Day Slave, an International Art Dealer, and the Unlikely Woman Who Bound Them Together",Ron Hall,"Hall, Ron","Denver Moore, Lynn Vincent",0849900417,9780849900419,0,4.2,Thomas Nelson,Hardcover,237,2006,2006,,1/2/25,"to-read, 2024-bookshelf","to-read (#718), 2024-bookshelf (#178)",to-read,,,,0,0
7073,A Son of the Circus,John Irving,"Irving, John",,0345915623,9780345915627,0,3.66,Ballantine Books,Paperback,680,1999,1994,,1/2/25,"to-read, 2024-bookshelf","to-read (#717), 2024-bookshelf (#177)",to-read,,,,0,0
77665,Civil Disobedience and Other Essays,Henry David Thoreau,"Thoreau, Henry David",,,,0,4.06,Dover Publications,Paperback,96,1993,1866,,1/2/25,"to-read, 2024-bookshelf","to-read (#716), 2024-bookshelf (#176)",to-read,,,,0,0
480329,The Prince,Niccolò Machiavelli,"Machiavelli, Niccolò",N.H. Thompson,,,0,3.84,"Dover Publications, Incorporated",Paperback,80,2016,1513,,1/2/25,"to-read, 2024-bookshelf","to-read (#715), 2024-bookshelf (#175)",to-read,,,,0,0
212459,The Main Enemy: The Inside Story of the CIA's Final Showdown with the KGB,Milton Bearden,"Bearden, Milton",James Risen,0345472500,9780345472502,4,4.14,Presidio Press,Mass Market Paperback,592,2004,2003,,5/25/14,2024-bookshelf,2024-bookshelf (#174),read,,,,1,0
34598069,The Autobiography of Malcolm X: As Told to Alex Haley,Malcolm X,"X, Malcolm","Alex Haley, Attallah Shabazz",0910227519,9789990065169,4,4.36,Ballantine,Mass Market Paperback,460,1991,1965,,12/21/13,2024-bookshelf,2024-bookshelf (#173),read,,,,1,0
752938,The Autobiography of an Ex-Colored Man (Dover Thrift Editions: Black History),James Weldon Johnson,"Johnson, James Weldon",,048628512X,9780486285122,0,3.92,Dover Publications,Paperback,112,1995,1912,,1/2/25,"to-read, 2024-bookshelf","to-read (#714), 2024-bookshelf (#172)",to-read,,,,0,0
358543,SNCC: The New Abolitionists (Radical 60s),Howard Zinn,"Zinn, Howard",,0896086798,9780896086791,0,4.2,South End Press,Paperback,312,2002,1985,,1/2/25,"to-read, 2024-bookshelf","to-read (#713), 2024-bookshelf (#171)",to-read,,,,0,0
26188899,The Souls of Black Folk,W.E.B. Du Bois,"Bois, W.E.B. Du",,,,0,4.3,Dover Publications,Paperback,165,1994,1903,,1/2/25,"to-read, 2024-bookshelf","to-read (#712), 2024-bookshelf (#170)",to-read,,,,0,0
12300774,Mary Turner and the Memory of Lynching,Julie Buckner Armstrong,"Armstrong, Julie Buckner",,0820337668,9780820337661,4,4.29,University of Georgia Press,Paperback,264,2011,2011,12/31/20,2/24/20,2024-bookshelf,2024-bookshelf (#169),read,,,,1,0
741621,Narrative of the Life of Frederick Douglass,Frederick Douglass,"Douglass, Frederick",,0486284999,9780486284996,0,4.12,"Dover Publications, Incorporated",Paperback,76,2016,1845,,2/21/22,"to-read, 2024-bookshelf","to-read (#408), 2024-bookshelf (#168)",to-read,,,,0,0
138931873,Learning from Birmingham: A Journey into History and Home,Julie Buckner Armstrong,"Armstrong, Julie Buckner",,0817394478,9780817394479,4,4.25,University Alabama Press,Kindle Edition,236,2023,,12/31/23,12/9/23,2024-bookshelf,2024-bookshelf (#167),read,,,,1,0
51152447,Caste: The Origins of Our Discontents,Isabel Wilkerson,"Wilkerson, Isabel",,0593230256,9780593230251,0,4.53,Random House,Hardcover,544,2020,2020,8/21/21,8/4/21,"2021, 2024-bookshelf","2021 (#1), 2024-bookshelf (#166)",read,,,,1,0
2679468,Memphis Beat : The Lives and Times of America's Musical Crossroads,Larry Nager,"Nager, Larry",,0312155875,9780312155872,0,3.75,St Martins Pr,Hardcover,287,1998,1998,,1/2/25,"to-read, 2024-bookshelf","to-read (#711), 2024-bookshelf (#165)",to-read,,,,0,0
3204718,Tennessee Music: Its People and Places,Peter Coats Zimmerman,"Zimmerman, Peter Coats",,0879305339,9780879305338,0,4.33,Backbeat Books,Paperback,295,1998,1998,,1/2/25,"to-read, 2024-bookshelf","to-read (#710), 2024-bookshelf (#164)",to-read,,,,0,0
20446787,Under a Hoodoo Moon: The Life of Dr. John the Night Tripper,"Malcolm John ""Mac"" Rebennack","Rebennack, Malcolm John ""Mac""",Jack Rummel,,,0,4,St Martins Pr,Hardcover,264,,1994,,1/2/25,"to-read, 2024-bookshelf","to-read (#709), 2024-bookshelf (#163)",to-read,,,,0,0
18635022,Jerry Lee Lewis: His Own Story,Rick Bragg,"Bragg, Rick",,0062078224,9780062078223,0,4.15,Harper,Hardcover,512,2014,2014,,1/2/25,"to-read, 2024-bookshelf","to-read (#708), 2024-bookshelf (#162)",to-read,,,,0,0
129908475,Actions and Reactions,Rudyard Kipling,"Kipling, Rudyard",,,,0,3.58,Macmillan,Hardcover,0,1919,1909,,1/2/25,"to-read, 2024-bookshelf","to-read (#706), 2024-bookshelf (#159)",to-read,,,,0,0
129909979,A Diversity of Creatures,Rudyard Kipling,"Kipling, Rudyard",,,,0,3.56,"Doubleday, Page & Company",Hardcover,0,1917,1941,,1/2/25,"to-read, 2024-bookshelf","to-read (#705), 2024-bookshelf (#158)",to-read,,,,0,0
180515,Chasing Ghosts: Unconventional Warfare in American History,John J. Tierney Jr.,"Jr., John J. Tierney",,1597970158,9781597970150,0,3.71,POTOMAC BOOKS,Hardcover,308,2006,2006,,1/2/25,"to-read, 2024-bookshelf","to-read (#703), 2024-bookshelf (#156)",to-read,,,,0,0
77132,Childhood Is Hell,Matt Groening,"Groening, Matt",,0679720553,9780679720553,0,4.14,Pantheon,Paperback,185,1988,1988,,1/2/25,"to-read, 2024-bookshelf","to-read (#702), 2024-bookshelf (#155)",to-read,,,,0,0
853482,School Is Hell,Matt Groening,"Groening, Matt",,0394750918,9780394750910,0,4.24,Pantheon,Paperback,48,1987,1987,,1/2/25,"to-read, 2024-bookshelf","to-read (#701), 2024-bookshelf (#154)",to-read,,,,0,0
128835053,A Grief Observed,C.S. Lewis,"Lewis, C.S.",Madeleine L'Engle,,,0,4.22,Harper One,Hardcover,89,1989,1961,,1/2/25,"to-read, 2024-bookshelf","to-read (#700), 2024-bookshelf (#153)",to-read,,,,0,0
320146,The Gift of Fear: Survival signals that protect us from violence,Gavin de Becker,"Becker, Gavin de",,0440226198,9780440226192,0,4.18,Dell Pub Co,Mass Market Paperback,432,1998,1997,,1/2/25,"to-read, 2024-bookshelf","to-read (#698), 2024-bookshelf (#151)",to-read,,,,0,0
26332150,"The Conscious Parent's Guide to Childhood Anxiety: A Mindful Approach for Helping Your Child Become Calm, Resilient, and Secure (Conscious Parenting Relationship Series)",Sherianna Boyle,"Boyle, Sherianna",,1440594147,9781440594144,0,3.61,Adams Media,Paperback,240,2016,2016,,1/2/25,"to-read, 2024-bookshelf","to-read (#699), 2024-bookshelf (#152)",to-read,,,,0,0
161691934,Chess Self-Teacher,Al Horowitz,"Horowitz, Al",,,,0,0,Barnes & Noble,Mass Market Paperback,194,1961,,,1/2/25,"to-read, 2024-bookshelf","to-read (#697), 2024-bookshelf (#150)",to-read,,,,0,0
148313126,"Harriet Lane Handbook: A Manual for Pediatric House Officers by Johns Hopkins Hospital, Nechyba MD, Christian, Gunn MD, Vero (2002) Paperback",Nechyba MD Johns Hopkins Hospital,"Hospital, Nechyba MD Johns Hopkins",,,,0,0,Mosby,Paperback,0,,,,1/2/25,"to-read, 2024-bookshelf","to-read (#696), 2024-bookshelf (#148)",to-read,,,,0,0
896606,"Neonatology: Management, Procedures, On-Call Problems, Diseases, and Drugs",Tricia Lacy Gomella,"Gomella, Tricia Lacy",,0071389180,9780071389181,0,4.36,McGraw-Hill Medical,Paperback,,2003,1990,,1/2/25,"to-read, 2024-bookshelf","to-read (#695), 2024-bookshelf (#147)",to-read,,,,0,0
129511,"Taking Charge of Your Fertility: The Definitive Guide to Natural Birth Control, Pregnancy Achievement, and Reproductive Health",Toni Weschler,"Weschler, Toni",,0060881909,9780060881900,0,4.55,William Morrow Paperbacks,Paperback,512,2006,1995,,1/2/25,"to-read, 2024-bookshelf","to-read (#694), 2024-bookshelf (#146)",to-read,,,,0,0
75061802,The Thread That Runs So True,Jesse Stuart,"Stuart, Jesse",,,,0,4.11,Scribner,Paperback,293,1958,1949,,1/2/25,"to-read, 2024-bookshelf","to-read (#692), 2024-bookshelf (#144)",to-read,,,,0,0
60806778,The Deluge,Stephen Markley,"Markley, Stephen",,1982123095,9781982123093,0,4.23,Simon & Schuster,Hardcover,896,2023,2023,12/26/24,1/31/23,"to-read, 2024-bookshelf","to-read (#693), 2024-bookshelf (#145)",read,,,,1,0
1918615,A Man in Full,Tom Wolfe,"Wolfe, Tom",,0224030361,9780224030366,0,3.88,"Farrar Straus & Giroux,",Hardcover,742,1998,1998,,1/2/25,"to-read, 2024-bookshelf","to-read (#691), 2024-bookshelf (#143)",to-read,,,,0,0
3873,"A History of God: The 4000-Year Quest of Judaism, Christianity and Islam",Karen Armstrong,"Armstrong, Karen",,0517223120,9780517223123,0,3.89,Gramercy,Hardcover,496,2004,1993,,1/2/25,"just-shelve, 2024-bookshelf","just-shelve (#17), 2024-bookshelf (#141)",just-shelve,,,,0,0
103335,"Jesus: Uncovering the Life, Teachings, and Relevance of a Religious Revolutionary",Marcus J. Borg,"Borg, Marcus J.",,0060594454,9780060594459,0,4.24,HarperSanFrancisco,Hardcover,352,2006,2006,,1/2/25,"just-shelve, 2024-bookshelf","just-shelve (#16), 2024-bookshelf (#140)",just-shelve,,,,0,0
363612,Yellow & Pink,William Steig,"Steig, William",,0374386714,9780374386719,0,4.15,"Farrar, Straus and Giroux (BYR)",Hardcover,32,2003,1984,,1/2/25,"just-shelve, 2024-bookshelf","just-shelve (#14), 2024-bookshelf (#139)",just-shelve,,,,0,0
17267,The Great Divorce,C.S. Lewis,"Lewis, C.S.",,0006280560,9780006280569,0,4.33,HarperCollins,Paperback,160,1997,1946,,1/2/25,"just-shelve, 2024-bookshelf","just-shelve (#12), 2024-bookshelf (#138)",just-shelve,,,,0,0
48578949,The Problem of Pain,C.S. Lewis,"Lewis, C.S.",,0060652969,9780060652968,0,4.14,HarperSanFrancisco,Paperback,162,2000,1940,,1/2/25,"just-shelve, 2024-bookshelf","just-shelve (#11), 2024-bookshelf (#137)",just-shelve,,,,0,0
11149,The Screwtape Letters,C.S. Lewis,"Lewis, C.S.",,0060652896,9780060652890,0,4.27,HarperCollins,Hardcover,209,2001,1942,,1/2/25,"just-shelve, 2024-bookshelf","just-shelve (#10), 2024-bookshelf (#136)",just-shelve,,,,0,0
11137,Mere Christianity,C.S. Lewis,"Lewis, C.S.",Kathleen Norris,,,0,4.36,Harper San Francisco,Paperback,227,2001,1952,,1/2/25,"just-shelve, 2024-bookshelf","just-shelve (#9), 2024-bookshelf (#135)",just-shelve,,,,0,0
255127,The Fifth Discipline: The Art & Practice of The Learning Organization,Peter M. Senge,"Senge, Peter M.",,0385517254,9780385517256,0,3.93,Doubleday,Paperback,445,2006,1990,,1/2/25,"just-shelve, 2024-bookshelf","just-shelve (#7), 2024-bookshelf (#134)",just-shelve,,,,0,0
13526275,Arguably: Essays,Christopher Hitchens,"Hitchens, Christopher",,1455502782,9781455502783,0,4.2,Twelve,Paperback,811,2012,2011,,1/2/25,"just-shelve, 2024-bookshelf","just-shelve (#6), 2024-bookshelf (#133)",just-shelve,,,,0,0
816848,Ideas and Opinions,Albert Einstein,"Einstein, Albert",,0679601058,9780679601050,0,4.12,Modern Library,Hardcover,448,1994,1922,,1/2/25,"just-shelve, 2024-bookshelf","just-shelve (#4), 2024-bookshelf (#132)",just-shelve,,,,0,0
1680352,"Animal Factories: What Agribusiness is doing to the family farm, the environment and your health",Jim Mason,"Mason, Jim",Peter Singer,0517577518,9780517577516,0,3.92,Three Rivers Press,Paperback,240,1990,1980,,1/2/25,"just-shelve, 2024-bookshelf","just-shelve (#3), 2024-bookshelf (#131)",just-shelve,,,,0,0
52754076,Keep Sharp: Build a Better Brain at Any Age,Sanjay Gupta,"Gupta, Sanjay",,,,0,4.08,Simon  Schuster,Hardcover,336,2020,2021,,1/2/25,"just-shelve, 2024-bookshelf","just-shelve (#2), 2024-bookshelf (#127)",just-shelve,,,,0,0
241454,Advanced Engineering Mathematics 2nd Edition,Kreyszig,"Kreyszig, Kreyszig",,0471889415,9780471889410,0,3.93,"John Wiley & Sons, Inc.",Hardcover,,1967,1968,,1/2/25,"just-shelve, 2024-bookshelf","just-shelve (#1), 2024-bookshelf (#126)",just-shelve,,,,0,0
2093,The Illustrated A Brief History of Time,Stephen Hawking,"Hawking, Stephen",,0553103741,9780553103748,0,4.21,Bantam Books,Hardcover,248,1996,1988,,1/2/25,2024-bookshelf,2024-bookshelf (#125),read,,,,0,0
17362,Black Holes & Time Warps: Einstein's Outrageous Legacy,Kip S. Thorne,"Thorne, Kip S.",Stephen Hawking,0393312763,9780393312768,0,4.22,W. W. Norton & Company,Paperback,624,1995,1994,,1/2/25,2024-bookshelf,2024-bookshelf (#124),read,,,,0,0
55425251,My Remarkable Journey,Katherine G. Johnson,"Johnson, Katherine G.","Joylette Hylick, Katherine G. Moore",0063090678,9780063090675,0,4.32,HarperOne Large Print,Paperback,352,2021,2021,,1/2/25,2024-bookshelf,2024-bookshelf (#123),read,,,,0,0
50478429,The 2-Hour Job Search: Using Technology to Get the Right Job Faster,Steve  Dalton,"Dalton, Steve",,1984857290,9781984857293,0,4.06,Ten Speed Press,Kindle Edition,251,2020,2012,,1/2/25,2024-bookshelf,2024-bookshelf (#122),read,,,,0,0
17682206,Data Smart: Using Data Science to Transform Information into Insight,John W. Foreman,"Foreman, John W.",,111866146X,9781118661468,0,4.11,John Wiley & Sons,Paperback,409,2013,2013,,6/1/15,"to-read, 2024-bookshelf","to-read (#163), 2024-bookshelf (#121)",to-read,,,,0,0
26530305,"Pinpoint: How GPS Is Changing Technology, Culture, and Our Minds",Greg Milner,"Milner, Greg",,0393089126,9780393089127,0,3.74,W. W. Norton & Company,Hardcover,336,2016,2016,,1/2/25,"to-read, 2024-bookshelf","to-read (#690), 2024-bookshelf (#120)",to-read,,,,0,0
16182409,Cybersecurity and Cyberwar: What Everyone Needs to Know,P.W. Singer,"Singer, P.W.",Allan Friedman,0199918112,9780199918119,0,3.83,Oxford University Press,Paperback,320,2014,2013,,6/25/15,"paused-and-may-try-again-perhaps, 2024-bookshelf","paused-and-may-try-again-perhaps (#4), 2024-bookshelf (#119)",paused-and-may-try-again-perhaps,,,,0,0
246303,"Seeing Ourselves: Classic, Contemporary, and Cross-Cultural Readings in Sociology",John J. Macionis,"Macionis, John J.",Nijole V. Benokraitis,0132204916,9780132204910,0,3.67,Pearson College Div,Paperback,529,2006,1990,,1/2/25,"to-read, 2024-bookshelf","to-read (#689), 2024-bookshelf (#118)",to-read,,,,0,0
76865,Good to Great: Why Some Companies Make the Leap... and Others Don't,Jim Collins,"Collins, Jim",Jim Collins,0066620996,9780066620992,0,4.12,Harper Business,Hardcover,300,2001,2001,,10/4/13,"paused-and-may-try-again-perhaps, 2024-bookshelf","paused-and-may-try-again-perhaps (#14), 2024-bookshelf (#117)",paused-and-may-try-again-perhaps,,,,1,0
243685,A History of Western Philosophy,Bertrand Russell,"Russell, Bertrand",,0671201581,9780671201586,0,4.13,Simon & Schuster,Paperback,906,1986,1945,,1/2/25,"to-read, 2024-bookshelf","to-read (#688), 2024-bookshelf (#116)",to-read,,,,0,0
2110129,A Dictionary of Philosophy,Antony Flew,"Flew, Antony",,0517204193,9780517204191,0,3.84,Gramercy,Hardcover,400,1999,1979,,1/2/25,"to-read, 2024-bookshelf","to-read (#687), 2024-bookshelf (#115)",to-read,,,,0,0
60084,Perpetual Peace and Other Essays,Immanuel Kant,"Kant, Immanuel",Ted Humphrey,0915145472,9780915145478,0,3.86,"Hackett Publishing Company, Inc.",Paperback,160,1983,1795,,1/2/25,"to-read, 2024-bookshelf","to-read (#686), 2024-bookshelf (#114)",to-read,,,,0,0
1444685,Morality in Practice (with InfoTrac),James P. Sterba,"Sterba, James P.",,0534521118,9780534521110,0,3.53,Wadsworth Publishing,Paperback,576,2000,1984,,1/2/25,"to-read, 2024-bookshelf","to-read (#685), 2024-bookshelf (#113)",to-read,,,,0,0
486266,"Moral Philosophy: A Reader, 2nd Ed. (Hackett Publishing)",louis-p-pojman,"louis-p-pojman, louis-p-pojman",,0872204081,9780872204089,0,3.61,Hackett Pub Co Inc,Paperback,336,1998,1993,,1/2/25,"to-read, 2024-bookshelf","to-read (#684), 2024-bookshelf (#112)",to-read,,,,0,0
2901016,The Transformation of Political Community: Ethical Foundations of the Post-Westphalian Era (Studies in International Relations),Andrew Linklater,"Linklater, Andrew",,1570032572,9781570032578,0,3.92,Univ of South Carolina Pr,Hardcover,263,1998,1997,,1/2/25,"to-read, 2024-bookshelf","to-read (#683), 2024-bookshelf (#111)",to-read,,,,0,0
25702,The Essential Adam Smith,Adam Smith,"Smith, Adam","Robert L. Heilbroner, Lawrence J. Malone",0393955303,9780393955309,0,3.82,W. W. Norton & Company,Paperback,352,1987,1986,,1/2/25,"to-read, 2024-bookshelf","to-read (#682), 2024-bookshelf (#110)",to-read,,,,0,0
45320354,"The People, No: A Brief History of Anti-Populism",Thomas  Frank,"Frank, Thomas",,1250220114,9781250220110,0,4.23,Metropolitan Books,Hardcover,307,2020,2020,,1/2/25,"to-read, 2024-bookshelf","to-read (#681), 2024-bookshelf (#109)",to-read,,,,0,0
83288,A Nietzsche Reader,Friedrich Nietzsche,"Nietzsche, Friedrich",R.J. Hollingdale,0140443290,9780140443295,0,3.99,Penguin,Paperback,288,1977,1977,,1/2/25,"to-read, 2024-bookshelf","to-read (#680), 2024-bookshelf (#108)",to-read,,,,0,0
1013063,The Psychopathology of Everyday Life (Complete Psychological Works of Sigmund Freud),Sigmund Freud,"Freud, Sigmund","Peter Gay, James Strachey",0393006115,9780393006117,0,3.82,W. W. Norton & Company,Paperback,395,1990,1901,,1/2/25,"to-read, 2024-bookshelf","to-read (#679), 2024-bookshelf (#107)",to-read,,,,0,0
2272880,The Drunkard's Walk: How Randomness Rules Our Lives,Leonard Mlodinow,"Mlodinow, Leonard",,0375424040,9780375424045,4,3.95,Pantheon Books,Hardcover,252,2008,2008,11/17/15,3/27/15,"favorites, 2024-bookshelf","favorites (#7), 2024-bookshelf (#106)",read,,,,1,0
61539,The Structure of Scientific Revolutions,Thomas S. Kuhn,"Kuhn, Thomas S.",,0226458083,9780226458083,0,4.04,University of Chicago Press,Paperback,226,1996,1962,,1/2/25,"to-read, 2024-bookshelf","to-read (#678), 2024-bookshelf (#105)",to-read,,,,0,0
1097544,Karl Marx,Francis Wheen,"Wheen, Francis",,1841151149,9781841151144,0,4.05,Fourth Estate,Paperback,431,1999,1999,,1/2/25,"to-read, 2024-bookshelf","to-read (#677), 2024-bookshelf (#104)",to-read,,,,0,0
27539,On Intelligence,Jeff Hawkins,"Hawkins, Jeff",Sandra Blakeslee,0805078533,9780805078534,0,4.12,St. Martin's Griffin,Paperback,261,2005,2004,,8/18/16,"to-read, 2024-bookshelf","to-read (#218), 2024-bookshelf (#103)",to-read,,,,0,0
1898,Into Thin Air: A Personal Account of the Mt. Everest Disaster,Jon Krakauer,"Krakauer, Jon",,,,4,4.25,Anchor Books,Paperback,368,1999,1997,,2/21/14,2024-bookshelf,2024-bookshelf (#102),read,,,,1,0
61714633,"The Wager: A Tale of Shipwreck, Mutiny and Murder",David Grann,"Grann, David",,0385534264,9780385534260,0,4.18,Doubleday,Hardcover,331,2023,2023,6/20/24,12/9/23,"eclipse-drive-2024, 2024-bookshelf","eclipse-drive-2024 (#7), 2024-bookshelf (#101)",read,,,,1,0
569469,On Liberty,John Stuart Mill,"Mill, John Stuart",Elizabeth Rapaport,0915144433,9780915144433,0,3.96,Hackett Publishing Company,Paperback,113,1978,1859,,1/2/25,"to-read, 2024-bookshelf","to-read (#676), 2024-bookshelf (#100)",to-read,,,,0,0
132515706,An Explanation of America (Princeton Series of Contemporary Poets) by Robert Pinsky (1979-08-01),Robert Pinsky,"Pinsky, Robert",,,,0,3.31,Princeton University Press (1979-08-01),Paperback,0,,1979,,1/2/25,"to-read, 2024-bookshelf","to-read (#675), 2024-bookshelf (#99)",to-read,,,,0,0
111917,Wealth and Democracy: A Political History of the American Rich,Kevin Phillips,"Phillips, Kevin",,0767905342,9780767905343,0,3.93,Crown,Paperback,473,2003,2002,,1/2/25,"to-read, 2024-bookshelf","to-read (#674), 2024-bookshelf (#98)",to-read,,,,0,0
130744068,New Deal Thought 1ST Edition,Howard Zinn,"Zinn, Howard",,,,0,3.83,BOBBS MERRILL CO,Paperback,0,1966,1966,,1/2/25,"to-read, 2024-bookshelf","to-read (#673), 2024-bookshelf (#97)",to-read,,,,0,0
444901,From George Wallace to Newt Gingrich: Race in the Conservative Counterrevolution 1963-1994,Dan T. Carter,"Carter, Dan T.",,0807123668,9780807123669,0,3.87,LSU Press,Paperback,154,1999,1996,,1/2/25,"to-read, 2024-bookshelf","to-read (#672), 2024-bookshelf (#96)",to-read,,,,0,0
829751,Redeeming America: Piety and Politics in the New Christian Right,Michael Lienesch,"Lienesch, Michael",,0807844284,9780807844281,0,3.67,The University of North Carolina Press,Paperback,344,1993,1993,,1/2/25,"to-read, 2024-bookshelf","to-read (#671), 2024-bookshelf (#95)",to-read,,,,0,0
1503948,Gang of Five: Leaders at the Center of the Conservative Ascendacy,Nina J. Easton,"Easton, Nina J.",,0743203208,9780743203203,0,3.39,Simon & Schuster,Paperback,464,2002,2000,,1/2/25,"to-read, 2024-bookshelf","to-read (#670), 2024-bookshelf (#94)",to-read,,,,0,0
13554046,The Red Web,Blair Coan,"Coan, Blair",,,,0,4.5,Western Islands,,,1969,1969,,1/2/25,"to-read, 2024-bookshelf","to-read (#669), 2024-bookshelf (#93)",to-read,,,,0,0
699878,The Communist Manifesto,Karl Marx,"Marx, Karl","Friedrich Engels, Martin Malia",0451527100,9780451527103,0,3.66,Signet Classic,Paperback,0,1998,1848,,1/2/25,"to-read, 2024-bookshelf","to-read (#668), 2024-bookshelf (#92)",to-read,,,,0,0
644439,The World Turned Right Side Up: A History of the Conservative Ascendancy in America,Godfrey Hodgson,"Hodgson, Godfrey",,0395822939,9780395822937,0,3.63,Houghton Mifflin,Paperback,365,1996,1996,,1/2/25,"to-read, 2024-bookshelf","to-read (#667), 2024-bookshelf (#91)",to-read,,,,0,0
12651,The Social Contract,Jean-Jacques Rousseau,"Rousseau, Jean-Jacques",,0143037498,9780143037491,0,3.79,Penguin,Paperback,168,2006,1762,,1/2/25,"to-read, 2024-bookshelf","to-read (#666), 2024-bookshelf (#90)",to-read,,,,0,0
28436,Strategies of Containment: A Critical Appraisal of American National Security Policy during the Cold War,John Lewis Gaddis,"Gaddis, John Lewis",,019517447X,9780195174472,0,4.07,Oxford University Press,Paperback,484,2005,1982,,1/2/25,"to-read, 2024-bookshelf","to-read (#665), 2024-bookshelf (#89)",to-read,,,,0,0
209178,Who Are We?: The Challenges to America's National Identity,Samuel P. Huntington,"Huntington, Samuel P.",,0684870541,9780684870540,0,3.49,Simon & Schuster,Paperback,448,2005,2004,,1/2/25,"to-read, 2024-bookshelf","to-read (#664), 2024-bookshelf (#88)",to-read,,,,0,0
86154,The Mystery of Capital: Why Capitalism Triumphs in the West and Fails Everywhere Else,Hernando de  Soto,"Soto, Hernando de",,0465016154,9780465016150,0,3.99,Basic Books,Paperback,288,2003,2000,,1/2/25,"to-read, 2024-bookshelf","to-read (#663), 2024-bookshelf (#87)",to-read,,,,0,0
2283396,The Turnaround Kid: What I Learned Rescuing America's Most Troubled Companies,Steve    Miller,"Miller, Steve",,0061251275,9780061251276,0,3.84,Harper Business,Hardcover,272,2008,2008,,1/2/25,"to-read, 2024-bookshelf","to-read (#662), 2024-bookshelf (#86)",to-read,,,,0,0
128429,Against the Gods: The Remarkable Story of Risk,Peter L. Bernstein,"Bernstein, Peter L.",,0471295639,9780471295631,0,3.96,Wiley,Paperback,400,1998,1996,,1/2/25,"to-read, 2024-bookshelf","to-read (#661), 2024-bookshelf (#85)",to-read,,,,0,0
9841,Making Globalization Work,Joseph E. Stiglitz,"Stiglitz, Joseph E.",,0393061221,9780393061222,0,3.85,W. W. Norton & Company,Hardcover,384,2006,2006,,1/2/25,"to-read, 2024-bookshelf","to-read (#660), 2024-bookshelf (#84)",to-read,,,,0,0
10435150,Age of Sacred Terror,Daniel K. Benjamin,"Benjamin, Daniel K.",Steven Simon,0756767512,9780756767518,0,3.67,Floris Books (Edinburgh),Hardcover,490,2002,2003,,1/2/25,"to-read, 2024-bookshelf","to-read (#658), 2024-bookshelf (#82)",to-read,,,,0,0
99956,The Thomas Paine Reader,Thomas Paine,"Paine, Thomas","Michael Foot, Isaac Kramnick",0140444963,9780140444964,0,4.05,Penguin Classics,Paperback,536,1987,1987,,1/2/25,"to-read, 2024-bookshelf","to-read (#657), 2024-bookshelf (#81)",to-read,,,,0,0
548719,Bush at War,Bob Woodward,"Woodward, Bob",,0743244613,9780743244619,0,3.52,Simon & Schuster,Paperback,432,2003,2002,,1/2/25,"to-read, 2024-bookshelf","to-read (#656), 2024-bookshelf (#80)",to-read,,,,0,0
27514,Veil: The Secret Wars of the CIA 1981-1987,Bob Woodward,"Woodward, Bob",,0743274032,9780743274036,0,3.71,Simon & Schuster,Paperback,608,2005,1987,,10/4/13,"to-read, 2024-bookshelf","to-read (#655), 2024-bookshelf (#79)",to-read,,,,1,0
438893,Plan of Attack,Bob Woodward,"Woodward, Bob",,074325547X,9780743255479,0,3.71,Simon & Schuster,Hardcover,467,2004,2004,,1/2/25,"to-read, 2024-bookshelf","to-read (#654), 2024-bookshelf (#78)",to-read,,,,0,0
27506,State of Denial,Bob Woodward,"Woodward, Bob",,0743272234,9780743272230,0,3.8,Simon & Schuster,Hardcover,576,2006,2006,,10/4/13,"to-read, 2024-bookshelf","to-read (#653), 2024-bookshelf (#77)",to-read,,,,1,0
2866279,"The War Within: A Secret White House History, 2006-08",Bob Woodward,"Woodward, Bob",,1416558977,9781416558972,0,3.74,Simon & Schuster,Hardcover,512,2008,2008,,10/4/13,"to-read, 2024-bookshelf","to-read (#652), 2024-bookshelf (#76)",to-read,,,,1,0
8703763,Obama's Wars,Bob Woodward,"Woodward, Bob",,1439172498,9781439172490,0,3.82,Simon & Schuster,Hardcover,441,2010,2011,,1/2/25,"to-read, 2024-bookshelf","to-read (#651), 2024-bookshelf (#75)",to-read,,,,0,0
118927,The Missing Peace: The Inside Story of the Fight for Middle East Peace,Dennis Ross,"Ross, Dennis",,0374529809,9780374529802,0,3.92,"Farrar, Straus and Giroux",Paperback,880,2005,2004,,1/2/25,"to-read, 2024-bookshelf","to-read (#650), 2024-bookshelf (#74)",to-read,,,,0,0
825471,The Assassins' Gate: America in Iraq,George Packer,"Packer, George",,0374299633,9780374299637,0,4.05,"Farrar, Straus and Giroux",Hardcover,480,2005,2005,,1/2/25,"to-read, 2024-bookshelf","to-read (#649), 2024-bookshelf (#73)",to-read,,,,0,0
161410427,The Vietnam Reader: The Definitive Collection of American Fiction (2000-02-01),Unknown,"Unknown, Unknown",,,,0,0,Anchor Books,Paperback,0,,,,1/2/25,"to-read, 2024-bookshelf","to-read (#648), 2024-bookshelf (#72)",to-read,,,,0,0
22483,Social Origins of Dictatorship and Democracy: Lord and Peasant in the Making of the Modern World,Barrington Moore Jr.,"Jr., Barrington Moore",,0807050733,9780807050736,0,3.99,Beacon Press,Paperback,586,1993,1966,,1/2/25,"to-read, 2024-bookshelf","to-read (#647), 2024-bookshelf (#71)",to-read,,,,0,0
40163119,Say Nothing: A True Story of Murder and Memory in Northern Ireland,Patrick Radden Keefe,"Keefe, Patrick Radden",,0385521316,9780385521314,4,4.47,Doubleday,Hardcover,441,2019,2018,1/15/20,11/23/19,"to-read, 2024-bookshelf","to-read (#646), 2024-bookshelf (#70)",to-read,,,,1,0
149166,Of Paradise and Power: America and Europe in the New World Order,Robert Kagan,"Kagan, Robert",,0375432914,9780375432910,0,3.58,Random House Large Print,Hardcover,192,2004,2003,,1/2/25,"to-read, 2024-bookshelf","to-read (#645), 2024-bookshelf (#69)",to-read,,,,0,0
198796,A Look Over My Shoulder: A Life in the Central Intelligence Agency,Richard  Helms,"Helms, Richard","William  Hood, Henry Kissinger",0812971086,9780812971088,0,3.74,Random House Publishing Group,Paperback,512,2004,2003,,1/2/25,"to-read, 2024-bookshelf","to-read (#644), 2024-bookshelf (#68)",to-read,,,,0,0
258231,The Political Economy of International Relations,Robert Gilpin,"Gilpin, Robert",,0691022623,9780691022628,0,3.75,Princeton University Press,Paperback,472,1987,1987,,1/2/25,"to-read, 2024-bookshelf","to-read (#643), 2024-bookshelf (#67)",to-read,,,,0,0
112590,Howard Zinn on History,Howard Zinn,"Zinn, Howard",,1583220488,9781583220481,0,4.21,Seven Stories Press,Paperback,240,2000,2000,,1/2/25,"to-read, 2024-bookshelf","to-read (#642), 2024-bookshelf (#66)",to-read,,,,0,0
2043754,The Forrestal Diaries,James Forrestal,"Forrestal, James","Walter Millis, E.S. Duffield",0670324183,9780670324187,0,4.07,Viking Books (NY),Hardcover,605,1951,1951,,1/2/25,"to-read, 2024-bookshelf","to-read (#640), 2024-bookshelf (#64)",to-read,,,,0,0
87344,"International Law: Norms, Actors, Process. A Problem-Oriented Approach",Jeffrey L. Dunoff,"Dunoff, Jeffrey L.","Steven R. Ratner, David Wippman",0735557349,9780735557345,0,3.46,Aspen Law & Business,Hardcover,1090,2006,2006,,1/2/25,"to-read, 2024-bookshelf","to-read (#639), 2024-bookshelf (#63)",to-read,,,,0,0
305504,The Oxford Companion to American Military History,John Whiteclay Chambers II,"II, John Whiteclay Chambers","Joseph T. Glatthaar, Fred  Anderson, Ronald H. Spector, Lynn Eden",0195071980,9780195071986,0,3.97,Oxford University Press,Hardcover,960,2000,2000,,1/2/25,"to-read, 2024-bookshelf","to-read (#637), 2024-bookshelf (#61)",to-read,,,,0,0
852767,A Spy For All Seasons: My Life in the CIA,Duane R. Clarridge,"Clarridge, Duane R.",Digby Diehl,0743245369,9780743245364,0,3.59,Scribner,Paperback,432,2002,1997,,7/5/14,"to-read, 2024-bookshelf","to-read (#638), 2024-bookshelf (#62)",to-read,,,,1,0
156873,Terror and Liberalism,Paul Berman,"Berman, Paul",,0393325555,9780393325553,0,3.86,W. W. Norton & Company,Paperback,242,2004,2003,,1/2/25,"to-read, 2024-bookshelf","to-read (#636), 2024-bookshelf (#60)",to-read,,,,0,0
55318,Guests of the Ayatollah: The Iran Hostage Crisis: The First Battle in America's War with Militant Islam,Mark Bowden,"Bowden, Mark",,0802143032,9780802143037,0,4.16,Grove Press,Paperback,704,2007,2006,,1/2/25,"to-read, 2024-bookshelf","to-read (#635), 2024-bookshelf (#59)",to-read,,,,0,0
4442132,The Struggle for the Middle East: The Soviet Union & the Middle East 1958-70,Walter Laqueur,"Laqueur, Walter",,0140213937,9780140213935,0,3.33,Pelican/Penguin,Paperback,267,1972,1970,,1/2/25,"to-read, 2024-bookshelf","to-read (#632), 2024-bookshelf (#55)",to-read,,,,0,0
27653,"The Accidental Empire: Israel and the Birth of the Settlements, 1967-1977",Gershom Gorenberg,"Gorenberg, Gershom",,0805082417,9780805082418,0,4.09,Holt Paperbacks,Paperback,480,2007,2006,,1/2/25,"to-read, 2024-bookshelf","to-read (#634), 2024-bookshelf (#58)",to-read,,,,0,0
2068611,The Rise and Fall of the Third Reich: A History of Nazi Germany,William L. Shirer,"Shirer, William L.",,0671728695,9780671728694,5,4.22,Simon & Schuster,Hardcover,1249,1990,1960,7/28/16,1/21/16,2024-bookshelf,2024-bookshelf (#57),read,,,,1,0
170071364,Government and politics of the Middle East (A Spectrum book),Maurice Harari,"Harari, Maurice",,,,0,0,Prentice-Hall,Paperback,179,1962,,,1/2/25,"to-read, 2024-bookshelf","to-read (#633), 2024-bookshelf (#56)",to-read,,,,0,0
6166241,Israel and the Arab World,Aharon Cohen,"Cohen, Aharon",,0807002453,9780807002452,0,0,Beacon Press,Paperback,405,1976,,,1/2/25,"to-read, 2024-bookshelf","to-read (#631), 2024-bookshelf (#54)",to-read,,,,0,0
5949823,Doing Business in China,Ted Plafker,"Plafker, Ted",,044669696X,9780446696968,0,3.22,Grand Central Publishing,Paperback,303,2016,2007,,1/2/25,"to-read, 2024-bookshelf","to-read (#629), 2024-bookshelf (#52)",to-read,,,,0,0
6021222,The Forever War,Dexter Filkins,"Filkins, Dexter",,0307279448,9780307279446,0,4.13,Vintage,Paperback,369,2009,2008,,1/2/25,"to-read, 2024-bookshelf","to-read (#630), 2024-bookshelf (#53)",to-read,,,,0,0
4780874,Why Nations Cooperate: Circumstance and Choice In International Relations,Arthur A. Stein,"Stein, Arthur A.",,0801497817,9780801497810,0,4,Cornell University Press,Paperback,232,1993,1990,,1/2/25,"to-read, 2024-bookshelf","to-read (#628), 2024-bookshelf (#51)",to-read,,,,0,0
1067283,Bay of Pigs: The Untold Story,Peter Wyden,"Wyden, Peter",,0671240064,9780671240066,0,3.67,Simon & Schuster (NYC),Hardcover,352,1980,1979,,1/2/25,"to-read, 2024-bookshelf","to-read (#626), 2024-bookshelf (#49)",to-read,,,,0,0
3226395,A History of Modern Israel,Colin Shindler,"Shindler, Colin",,0521615380,9780521615389,0,3.5,Cambridge University Press,Paperback,400,2008,2008,,1/2/25,"to-read, 2024-bookshelf","to-read (#627), 2024-bookshelf (#50)",to-read,,,,0,0
1035668,The Origins of Alliances (Cornell Studies in Security Affairs),Stephen M. Walt,"Walt, Stephen M.",,0801494184,9780801494185,0,4,Cornell University Press,Paperback,336,1990,1987,,1/2/25,"to-read, 2024-bookshelf","to-read (#625), 2024-bookshelf (#48)",to-read,,,,0,0
993141,What We Owe Iraq: War and the Ethics of Nation Building,Noah Feldman,"Feldman, Noah",,0691126127,9780691126128,0,3.34,Princeton University Press,Paperback,,2006,2004,,1/2/25,"to-read, 2024-bookshelf","to-read (#624), 2024-bookshelf (#47)",to-read,,,,0,0
821944,"War Without End: Israelis, Palestinians, and the Struggle for a Promised Land",Anton La Guardia,"Guardia, Anton La",Anton LaGuardia,031231633X,9780312316334,0,3.69,St. Martin's Griffin,Paperback,448,2003,2002,,1/2/25,"to-read, 2024-bookshelf","to-read (#623), 2024-bookshelf (#46)",to-read,,,,0,0
804881,Just and Unjust Wars: A Moral Argument With Historical Illustrations,Michael Walzer,"Walzer, Michael",,0465037054,9780465037056,0,3.86,Basic Books,Paperback,400,2000,1977,,1/2/25,"to-read, 2024-bookshelf","to-read (#622), 2024-bookshelf (#45)",to-read,,,,0,0
398286,The Pentagon Papers,George C. Herring,"Herring, George C.",,007028380X,9780070283800,0,3.67,McGraw-Hill Humanities/Social Sciences/Languages,Paperback,224,1993,1993,,1/2/25,"to-read, 2024-bookshelf","to-read (#620), 2024-bookshelf (#43)",to-read,,,,0,0
479363,Military Intelligence Blunders,John Hughes-Wilson,"Hughes-Wilson, John",,0786707151,9780786707157,0,3.92,Da Capo Press,Paperback,384,2000,1999,,1/2/25,"to-read, 2024-bookshelf","to-read (#621), 2024-bookshelf (#44)",to-read,,,,0,0
299980,Silent Warfare: Understanding the World of Intelligence,Abram N. Shulsky,"Shulsky, Abram N.",Gary J. Schmitt,1574883453,9781574883459,0,3.66,POTOMAC BOOKS,Paperback,262,2002,1991,,1/2/25,"to-read, 2024-bookshelf","to-read (#619), 2024-bookshelf (#42)",to-read,,,,0,0
53635,Blind Into Baghdad: America's War in Iraq,James M. Fallows,"Fallows, James M.",,0307277968,9780307277961,0,3.97,Vintage,Paperback,256,2006,2006,,1/2/25,"to-read, 2024-bookshelf","to-read (#617), 2024-bookshelf (#40)",to-read,,,,0,0
98504,Dying to Win: The Strategic Logic of Suicide Terrorism,Robert A. Pape,"Pape, Robert A.",,0812973380,9780812973389,0,3.87,Random House Publishing Group,Paperback,368,2006,2005,,1/2/25,"to-read, 2024-bookshelf","to-read (#618), 2024-bookshelf (#41)",to-read,,,,0,0
9073,See No Evil: The True Story of a Ground Soldier in the CIA's War on Terrorism,Robert B. Baer,"Baer, Robert B.",,140004684X,9781400046843,3,3.94,Crown,Paperback,336,2003,2002,,2/21/14,"to-read, 2024-bookshelf","to-read (#616), 2024-bookshelf (#39)",to-read,,,,1,0
13659347,Market-Based Management,Roger J. Best,"Best, Roger J.",,0130387754,9780130387752,0,3.72,Pearson,Paperback,576,2012,1996,,1/2/25,"to-read, 2024-bookshelf","to-read (#615), 2024-bookshelf (#38)",to-read,,,,0,0
5904,The 9/11 Report: The National Commission on Terrorist Attacks Upon the United States,National Commission on Terrorist Attacks Upon the United States,"States, National Commission on Terrorist Attacks Upon the United","Thomas H. Kean, Lee H. Hamilton, The New York Times",0312935544,9780312935542,0,3.64,St. Martin's Paperbacks,Mass Market Paperback,768,2004,2004,,1/2/25,"to-read, 2024-bookshelf","to-read (#614), 2024-bookshelf (#37)",to-read,,,,0,0
10226926,"Entrepreneurial Finance: Strategy, Valuation, and Deal Structure",Janet Smith,"Smith, Janet","Richard T. Bliss, Richard Bliss, Janet Smith",0804770913,9780804770910,0,3.29,Stanford Economics and Finance,Hardcover,744,2011,2011,,1/2/25,"to-read, 2024-bookshelf","to-read (#613), 2024-bookshelf (#36)",to-read,,,,0,0
8488451,Technology Ventures: From Idea to Enterprise,Thomas Byers,"Byers, Thomas","Richard Dorf, Andrew Nelson",0073380180,9780073380186,0,3.77,McGraw-Hill Science/Engineering/Math,Hardcover,704,2010,2010,,1/2/25,"to-read, 2024-bookshelf","to-read (#612), 2024-bookshelf (#35)",to-read,,,,0,0
161757782,From Beruit To Jerusalem,Thomas L Friedman,"Friedman, Thomas L",,,,0,4.37,FARRAR STRAUS & @ GIROUX,Hardcover,0,,,,1/2/25,"to-read, 2024-bookshelf","to-read (#611), 2024-bookshelf (#34)",to-read,,,,0,0
147325126,Shrapnel in the Heart: Letters and Remembrances from the Vietnam Veterans Memori,Laura Palmer,"Palmer, Laura",,,,0,4.43,"Vintage Books c1987, New York",Unknown Binding,0,,1987,,1/2/25,"to-read, 2024-bookshelf","to-read (#610), 2024-bookshelf (#33)",to-read,,,,0,0
138143543,Neorealism and Its Critics (New Directions in World Politics) by R O Keohane (28-May-1986) Paperback,R O Keohane,"Keohane, R O",,,,0,0,Columbia University Press (28 May 1986),Paperback,0,,,,1/2/25,"to-read, 2024-bookshelf","to-read (#609), 2024-bookshelf (#32)",to-read,,,,0,0
130512869,Charlie Wilson's War: The Extraordinary Story of How the Wildest Man in Congress and a Rogue CIA Agent Changed the History of Our Times,George Crile,"Crile, George",,,,0,4,Grove Press,Paperback,560,2004,2003,,1/2/25,"to-read, 2024-bookshelf","to-read (#608), 2024-bookshelf (#31)",to-read,,,,0,0
128840885,Ethics in International Relations: A Constitutive Theory (Cambridge Studies in International Relations) by Mervyn Frost (1996-03-29),Mervyn Frost,"Frost, Mervyn",,,,0,3.75,Cambridge University Press,Paperback,0,,1996,,1/2/25,"to-read, 2024-bookshelf","to-read (#607), 2024-bookshelf (#30)",to-read,,,,0,0
55503638,Assignment Russia: Becoming a Foreign Correspondent in the Crucible of the Cold War,Marvin Kalb,"Kalb, Marvin",,081573896X,9780815738961,0,4.14,Brookings Institution Press,Hardcover,352,2021,,,1/2/25,"to-read, 2024-bookshelf","to-read (#606), 2024-bookshelf (#29)",to-read,,,,0,0
34472710,The Earth Is Weeping: The Epic Story of the Indian Wars for the American West,Peter Cozzens,"Cozzens, Peter",,0307948188,9780307948182,0,4.28,Vintage,Paperback,592,2017,2016,,1/2/25,"to-read, 2024-bookshelf","to-read (#605), 2024-bookshelf (#28)",to-read,,,,0,0
13588432,The Generals: American Military Command from World War II to Today,Thomas E. Ricks,"Ricks, Thomas E.",,1594204047,9781594204043,4,4.11,The Penguin Press,Hardcover,576,2012,2012,12/9/15,8/10/14,"kindle, books-to-buy-hardcopy, to-read, 2024-bookshelf","kindle (#28), books-to-buy-hardcopy (#14), to-read (#603), 2024-bookshelf (#26)",to-read,,,,1,0
23316526,"The Second Machine Age: Work, Progress, and Prosperity in a Time of Brilliant Technologies",Erik Brynjolfsson,"Brynjolfsson, Erik",Andrew McAfee,0393350649,9780393350647,0,3.91,W. W. Norton & Company,Paperback,336,2016,2014,,8/18/16,"to-read, 2024-bookshelf","to-read (#604), 2024-bookshelf (#27)",to-read,,,,0,0
4833395,The United States and the Rule of Law in International Affairs,John Francis Murphy,"Murphy, John Francis",,0521822564,9780521822565,0,4.08,Cambridge University Press,Hardcover,380,2004,2004,,1/2/25,"to-read, 2024-bookshelf","to-read (#602), 2024-bookshelf (#24)",to-read,,,,0,0
4580836,"The Gamble: General David Petraeus and the American Military Adventure in Iraq, 2006-2008",Thomas E. Ricks,"Ricks, Thomas E.",,1594201978,9781594201974,0,3.97,The Penguin Press,Hardcover,394,2009,2009,,11/25/20,"to-read, 2024-bookshelf","to-read (#601), 2024-bookshelf (#22)",to-read,,,,1,0
3196027,The American way of war;: A history of United States military strategy and policy (The Wars of the United States),Russell F. Weigley,"Weigley, Russell F.",,0026256509,9780026256506,0,3.98,Macmillan,Hardcover,584,1973,1973,,1/2/25,"to-read, 2024-bookshelf","to-read (#600), 2024-bookshelf (#23)",to-read,,,,0,0
1940270,Honourable Men: My Life In The CIA,William E. Colby,"Colby, William E.",Peter Forbath,009134820X,9780091348205,0,3.82,Hutchinson & Co. (Publishers) Ltd.,Hardcover,493,1978,1978,,1/2/25,"to-read, 2024-bookshelf","to-read (#599), 2024-bookshelf (#21)",to-read,,,,0,0
1474261,"Fiasco: The American Military Adventure in Iraq, 2003 to 2005",Thomas E. Ricks,"Ricks, Thomas E.",,0143038915,9780143038917,0,4.09,Penguin Books (NY),Paperback,512,2007,2006,,1/2/25,"to-read, 2024-bookshelf","to-read (#598), 2024-bookshelf (#20)",to-read,,,,0,0
1220920,"Offense, Defense, and War (International Security Readers)",Michael E. Brown,"Brown, Michael E.","Owen R. Coté Jr., Sean M. Lynn-Jones, Steven E. Miller",0262523167,9780262523165,0,4.2,MIT Press,Paperback,401,2004,2004,,1/2/25,"to-read, 2024-bookshelf","to-read (#597), 2024-bookshelf (#19)",to-read,,,,0,0
990695,The Absolute Weapon Revisited: Nuclear Arms and the Emerging International Order,T.V. Paul,"Paul, T.V.",Richard J. Harknett,0472087002,9780472087006,0,3.67,University of Michigan Press,Paperback,320,2000,1998,,1/2/25,"to-read, 2024-bookshelf","to-read (#596), 2024-bookshelf (#18)",to-read,,,,0,0
654799,Nuclear North Korea: A Debate on Engagement Strategies,Victor Cha,"Cha, Victor",David C. Kang,0231131283,9780231131285,0,3.81,Columbia University Press,Hardcover,280,2003,2003,,1/2/25,"to-read, 2024-bookshelf","to-read (#594), 2024-bookshelf (#15)",to-read,,,,0,0
730336,Europe's Classical Balance of Power: A Case History of Theory and Practice of One of the Great Concepts of European Statecraft,Edward Vose Gulick,"Gulick, Edward Vose",,0393004139,9780393004137,0,4,W. W. Norton & Company,Paperback,356,1967,1955,,1/2/25,"to-read, 2024-bookshelf","to-read (#595), 2024-bookshelf (#16)",to-read,,,,0,0
387676,Human Rights and International Relations,R.J. Vincent,"Vincent, R.J.",,0521327989,9780521327985,0,2.5,Cambridge University Press,Hardcover,196,1987,1986,,1/2/25,"to-read, 2024-bookshelf","to-read (#593), 2024-bookshelf (#14)",to-read,,,,0,0
345074,Body of Secrets: Anatomy of the Ultra-Secret National Security Agency from the Cold War Through the Dawn of a New Century,James Bamford,"Bamford, James",,0385499086,9780385499088,0,3.91,Anchor Books,Paperback,784,2002,2001,,1/2/25,"to-read, 2024-bookshelf","to-read (#592), 2024-bookshelf (#13)",to-read,,,,0,0
241031,The One Percent Doctrine: Deep Inside America's Pursuit of Its Enemies Since 9/11,Suskind,"Suskind, Suskind",,0743271106,9780743271103,0,3.82,Simon & Schuster,Paperback,400,2007,2006,,1/2/25,"to-read, 2024-bookshelf","to-read (#591), 2024-bookshelf (#12)",to-read,,,,0,0
198361,The Tragedy of Great Power Politics,John J. Mearsheimer,"Mearsheimer, John J.",,039332396X,9780393323962,0,4.05,W. W. Norton & Company,Paperback,576,2003,2001,,1/2/25,"to-read, 2024-bookshelf","to-read (#590), 2024-bookshelf (#11)",to-read,,,,0,0
166534,Neorealism and Its Critics,Robert O. Keohane,"Keohane, Robert O.","Helen Milner, John Gerard Ruggie",0231063490,9780231063494,0,3.61,Columbia University Press,Paperback,378,1985,1985,,1/2/25,"to-read, 2024-bookshelf","to-read (#589), 2024-bookshelf (#10)",to-read,,,,0,0
163879,Rise of the Vulcans: The History of Bush's War Cabinet,James  Mann,"Mann, James",,0143034898,9780143034896,0,3.92,Penguin Publishing Group,Paperback,464,2004,2004,,1/2/25,"to-read, 2024-bookshelf","to-read (#588), 2024-bookshelf (#9)",to-read,,,,0,0
93721,Longitudes and Attitudes: The World in the Age of Terrorism,Thomas L. Friedman,"Friedman, Thomas L.",Debbie Glasserman,1400031257,9781400031252,0,3.63,Anchor,Paperback,399,2003,2002,,1/2/25,"to-read, 2024-bookshelf","to-read (#587), 2024-bookshelf (#7)",to-read,,,,0,0
86433,Secrets: A Memoir of Vietnam and the Pentagon Papers,Daniel Ellsberg,"Ellsberg, Daniel",,0142003425,9780142003428,0,4.26,Penguin Books,Paperback,528,2003,2002,,1/2/25,"to-read, 2024-bookshelf","to-read (#586), 2024-bookshelf (#6)",to-read,,,,0,0
78107,A Peace to End All Peace: The Fall of the Ottoman Empire and The Creation of the Modern Middle East,David Fromkin,"Fromkin, David",,0805068848,9780805068849,0,4.21,Owl Books,Paperback,635,2001,1989,,1/2/25,"to-read, 2024-bookshelf","to-read (#585), 2024-bookshelf (#5)",to-read,,,,0,0
71984,"Ghost Wars: The Secret History of the CIA, Afghanistan, and Bin Laden from the Soviet Invasion to September 10, 2001",Steve Coll,"Coll, Steve",,0143034669,9780143034667,4,4.31,Penguin Books (London),Paperback,712,2004,2004,1/1/08,2/21/14,"to-read, 2024-bookshelf","to-read (#584), 2024-bookshelf (#4)",to-read,,,,1,0
52184,The Marx-Engels Reader,Karl Marx,"Marx, Karl","Friedrich Engels, Robert C. Tucker",039309040X,9780393090406,0,3.98,W. W. Norton & Company,Paperback,788,1978,1971,,1/2/25,"to-read, 2024-bookshelf","to-read (#583), 2024-bookshelf (#3)",to-read,,,,0,0
18244,The Savage Wars Of Peace: Small Wars And The Rise Of American Power,Max Boot,"Boot, Max",,046500721X,9780465007219,0,4.01,Basic Books,Paperback,464,2003,,,1/2/25,"to-read, 2024-bookshelf","to-read (#582), 2024-bookshelf (#2)",to-read,,,,0,0
1911,The World Is Flat: A Brief History of the Twenty-first Century,Thomas L. Friedman,"Friedman, Thomas L.",,0374292795,9780374292799,0,3.69,"Farrar, Straus and Giroux (NY)",Hardcover,593,2006,2005,,1/2/25,"to-read, 2024-bookshelf","to-read (#581), 2024-bookshelf (#1)",to-read,,,,0,0
56519333,Filthy Animals,Brandon  Taylor,"Taylor, Brandon",,,,0,3.64,Riverhead Books,Kindle Edition,288,2021,2021,,12/27/23,paused-and-may-try-again-perhaps,paused-and-may-try-again-perhaps (#23),paused-and-may-try-again-perhaps,,,,1,0
21413662,What If?: Serious Scientific Answers to Absurd Hypothetical Questions,Randall Munroe,"Munroe, Randall",,0544272994,9780544272996,0,4.14,Dey Street Books,Hardcover,303,2014,2014,,5/31/15,"kindle, paused-and-may-try-again-perhaps","kindle (#61), paused-and-may-try-again-perhaps (#22)",paused-and-may-try-again-perhaps,,,,1,0
15881,"Harry Potter and the Chamber of Secrets (Harry Potter, #2)",J.K. Rowling,"Rowling, J.K.",Mary GrandPré,,,0,4.43,Arthur A. Levine Books,Hardcover,352,1999,1998,,12/14/22,not-for-me,not-for-me (#22),not-for-me,,,,0,0
43879249,Ink and Bone,Lisa Unger,"Unger, Lisa",,,,0,3.76,Gallery Books,Kindle Edition,353,2019,2016,,12/17/16,"kindle, stopped-reading","kindle (#57), stopped-reading (#17)",stopped-reading,,,,1,0
22875447,Work Rules!: Insights from Inside Google That Will Transform How You Live and Lead,Laszlo Bock,"Bock, Laszlo",,1455554790,9781455554799,0,4.13,Twelve,Hardcover,406,2015,2015,,10/31/14,paused-and-may-try-again-perhaps,paused-and-may-try-again-perhaps (#21),paused-and-may-try-again-perhaps,,,,1,0
23912064,Captain America: Tomorrow Army: A Mighty Marvel Chapter Book,Michael Siglain,"Siglain, Michael","Ron Lim, Andy Troy",1423190629,9781423190622,0,4.04,Marvel Press,Kindle Edition,144,2014,2014,,5/4/23,not-for-me,not-for-me (#21),not-for-me,,,,0,0
26888198,"Star Wars: Darth Vader, Vol. 1: Vader",Kieron Gillen,"Gillen, Kieron","Adi Granov, Salvador Larroca",1302482602,9781302482602,0,4.21,Marvel,Kindle Edition,160,2015,2015,,5/2/23,not-for-me,not-for-me (#20),not-for-me,,,,1,0
52470190,The History of Philosophy,A.C. Grayling,"Grayling, A.C.",,1984878751,9781984878755,0,4.07, Penguin Books,ebook,704,2019,2019,,1/31/23,paused-and-may-try-again-perhaps,paused-and-may-try-again-perhaps (#20),paused-and-may-try-again-perhaps,,,,1,0
58484191,Accidental Czar: The Life and Lies of Vladimir Putin,Andrew S. Weiss,"Weiss, Andrew S.","Brian ""Box"" Brown",1250760755,9781250760753,0,3.88,First Second,Hardcover,272,2022,2022,,1/16/23,paused-and-may-try-again-perhaps,paused-and-may-try-again-perhaps (#19),paused-and-may-try-again-perhaps,,,,1,0
10975,The Sound and the Fury,William Faulkner,"Faulkner, William",,,,0,3.86,Vintage International,Paperback,366,1990,1929,,9/12/21,to-read,to-read (#579),to-read,,,,0,0
30046315,Moonglow,Michael Chabon,"Chabon, Michael",,006222557X,9780062225573,0,3.8,Harper,Kindle Edition,449,2016,2016,,3/6/19,stopped-reading,stopped-reading (#16),stopped-reading,,,,1,0
24816421,Tales from Both Sides of the Brain: A Life in Neuroscience,Michael S. Gazzaniga,"Gazzaniga, Michael S.",,0062228811,9780062228819,0,3.62,Ecco,Kindle Edition,453,2015,2015,,1/19/19,paused-and-may-try-again-perhaps,paused-and-may-try-again-perhaps (#18),paused-and-may-try-again-perhaps,,,,1,0
35746278,On Grand Strategy,John Lewis Gaddis,"Gaddis, John Lewis",,1594203512,9781594203510,0,3.75,Penguin Press/Penguin Group (USA) Inc.,Hardcover,368,2018,2018,,8/8/18,paused-and-may-try-again-perhaps,paused-and-may-try-again-perhaps (#17),paused-and-may-try-again-perhaps,,,,1,0
7815744,The Upside of Irrationality: The Unexpected Benefits of Defying Logic at Work and at Home,Dan Ariely,"Ariely, Dan",,0061995037,9780061995033,0,4.03,Harper,Hardcover,334,2010,2010,,12/17/16,"kindle, paused-and-may-try-again-perhaps","kindle (#58), paused-and-may-try-again-perhaps (#16)",paused-and-may-try-again-perhaps,,,,1,0
28444736,Cure: A Journey into the Science of Mind Over Body,Jo Marchant,"Marchant, Jo",,,,0,4.09,Crown,Kindle Edition,320,2016,2016,,11/27/16,"kindle, paused-and-may-try-again-perhaps","kindle (#33), paused-and-may-try-again-perhaps (#15)",paused-and-may-try-again-perhaps,,,,1,0
78127,On Killing: The Psychological Cost of Learning to Kill in War and Society,Dave Grossman,"Grossman, Dave",,0316191442,9780316191449,0,4.12,Back Bay Books,Paperback,367,2003,1995,,11/12/14,"kindle, paused-and-may-try-again-perhaps","kindle (#31), paused-and-may-try-again-perhaps (#13)",paused-and-may-try-again-perhaps,,,,1,0
19103137,Naming Names,Victor S. Navasky,"Navasky, Victor S.",,,,0,3.81,Open Road Media,Kindle Edition,532,2013,1980,,1/1/21,stopped-reading,stopped-reading (#15),stopped-reading,,,,1,0
327,Why Zebras Don't Get Ulcers,Robert M. Sapolsky,"Sapolsky, Robert M.",,0805073698,9780805073690,0,4.18,Holt Paperbacks,Paperback,560,2004,1993,,11/14/17,to-read,to-read (#578),to-read,,,,1,0
7507825,At Home: A Short History of Private Life,Bill Bryson,"Bryson, Bill",,0767919386,9780767919388,0,3.99,Doubleday,Hardcover,497,2010,2010,,1/16/20,paused-and-may-try-again-perhaps,paused-and-may-try-again-perhaps (#12),paused-and-may-try-again-perhaps,,,,1,0
21856367,"The Innovators: How a Group of Hackers, Geniuses and Geeks Created the Digital Revolution",Walter Isaacson,"Isaacson, Walter",,147670869X,9781476708690,0,4.12,Simon and Schuster,Hardcover,542,2014,2011,,12/3/14,paused-and-may-try-again-perhaps,paused-and-may-try-again-perhaps (#11),paused-and-may-try-again-perhaps,,,,1,0
19191674,"Slow Horses (Slough House, #1)",Mick Herron,"Herron, Mick",,,,0,4.02,Soho Crime,Mass Market Paperback,320,2010,2010,,3/12/22,paused-and-may-try-again-perhaps,paused-and-may-try-again-perhaps (#10),paused-and-may-try-again-perhaps,,,,1,0
58018973,Our Country Friends,Gary Shteyngart,"Shteyngart, Gary",,1984855131,9781984855138,0,3.21,Random House,Kindle Edition,336,2021,2021,,4/4/22,paused-and-may-try-again-perhaps,paused-and-may-try-again-perhaps (#9),paused-and-may-try-again-perhaps,,,,1,0
56969492,Music Is History,"Ahmir ""Questlove"" Thompson","Thompson, Ahmir ""Questlove""",,1419751433,9781419751431,0,3.86,Harry N. Abrams,Hardcover,352,2021,2021,,4/12/22,paused-and-may-try-again-perhaps,paused-and-may-try-again-perhaps (#8),paused-and-may-try-again-perhaps,,,,1,0
10762786,The Satanic Verses,Salman Rushdie,"Rushdie, Salman",,,,0,3.71,Random House,Kindle Edition,578,2011,1988,,9/12/22,stopped-reading,stopped-reading (#14),stopped-reading,,,,1,0
55602891,Somebody's Daughter,Ashley C. Ford,"Ford, Ashley C.",,1250245303,9781250245304,0,4.03,Flatiron Books: An Oprah Book,Kindle Edition,304,2021,2021,,7/14/23,to-read,to-read (#577),to-read,,,,0,0
56074966,The Promise,Damon Galgut,"Galgut, Damon",,1609456599,9781609456597,0,3.86,Europa Editions,Kindle Edition,296,2021,2021,,7/27/23,paused-and-may-try-again-perhaps,paused-and-may-try-again-perhaps (#7),paused-and-may-try-again-perhaps,,,,1,0
43316816,Marvel Super Hero Adventures: Mighty Marvels!: An Early Chapter Book,MacKenzie Cadenhead,"Cadenhead, MacKenzie","Sean Ryan, Derek Laufman",1368050662,9781368050661,0,4.11,Marvel Press,Kindle Edition,80,2019,,,5/4/23,not-for-me,not-for-me (#19),not-for-me,,,,0,0
26882901,"Star Wars, Vol. 1: Skywalker Strikes",Jason Aaron,"Aaron, Jason",John Cassaday,1302482599,9781302482596,0,4.14,Marvel,Kindle Edition,160,2015,2015,,5/4/23,not-for-me,not-for-me (#18),not-for-me,,,,0,0
20446427,How Jesus Became God: The Exaltation of a Jewish Preacher from Galilee,Bart D. Ehrman,"Ehrman, Bart D.",,,,0,4.08,HarperOne,Kindle Edition,421,2014,2014,,12/31/23,to-read,to-read (#576),to-read,,,,0,0
57739924,To Paradise,Hanya Yanagihara,"Yanagihara, Hanya",,0385547943,9780385547949,0,3.75,Doubleday,Kindle Edition,703,2022,2022,,1/11/24,to-read,to-read (#575),to-read,,,,0,0
61426941,The Undertow: Scenes from a Slow Civil War,Jeff Sharlet,"Sharlet, Jeff",,1324006501,9781324006503,0,4.02,W. W. Norton & Company,Kindle Edition,341,2023,2023,,3/12/23,to-read,to-read (#574),to-read,,,,0,0
58673506,Silent Village: Life and Death in Occupied France,Robert Pike,"Pike, Robert",,,,0,4.36,The History Press,Kindle Edition,575,2021,,,12/29/24,to-read,to-read (#573),to-read,,,,0,0
75569005,Native Son,Richard Wright,"Wright, Richard",,,,0,4.03,HarperCollins,Kindle Edition,544,2023,1940,,10/4/13,to-read,to-read (#572),to-read,,,,0,0
139400713,Martyr!,Kaveh Akbar,"Akbar, Kaveh",,0593537610,9780593537619,0,4.23,Knopf,Hardcover,352,2024,2024,12/1/24,10/16/24,,,read,,,,1,0
22130605,Endurance: Shackleton's Incredible Voyage,Alfred Lansing,"Lansing, Alfred",Nathaniel Philbrick,0465058795,9780465058792,4,4.45,Basic Books,Kindle Edition,292,2014,1959,5/30/24,1/5/24,,,read,,,,1,0
25019,"The Professor and the Madman: A Tale of Murder, Insanity and the Making of the Oxford English Dictionary",Simon Winchester,"Winchester, Simon",,0060839783,9780060839789,0,3.84,Harper Perennial,Paperback,242,2005,1998,12/30/24,10/15/24,,,read,,,,1,0
58518227,Eight Days in May: The Final Collapse of the Third Reich,Volker Ullrich,"Ullrich, Volker",Jefferson Chase,1631498282,9781631498282,0,4.2,Liveright,Kindle Edition,336,2021,2020,,12/29/24,currently-reading,currently-reading (#5),currently-reading,,,,1,0
19161847,"When Paris Went Dark: The City of Light Under German Occupation, 1940-1944",Ronald C. Rosbottom,"Rosbottom, Ronald C.",,0316217441,9780316217446,0,3.9,"Little, Brown and Company",Hardcover,480,2014,2014,12/28/24,11/25/24,,,read,,,,1,0
597258,The Fall of France: The Nazi Invasion of 1940 (Making of the Modern World),Julian T. Jackson,"Jackson, Julian T.",,0192805509,9780192805508,0,3.92,Oxford University Press,Paperback,296,2004,2003,,12/19/24,to-read,to-read (#571),to-read,,,,0,0
62217089,France on Trial: The Case of Marshal Pétain,Julian T. Jackson,"Jackson, Julian T.",,024145025X,9780241450253,0,4.14,PENGUIN UK,Hardcover,432,2023,2023,,12/19/24,to-read,to-read (#570),to-read,,,,0,0
36844903,A Certain Idea of France: The Life of Charles de Gaulle,Julian T. Jackson,"Jackson, Julian T.",,1846143519,9781846143519,0,4.41,Allen Lane,Hardcover,887,2018,2018,,12/19/24,to-read,to-read (#569),to-read,,,,0,0
199798813,"Black Pill: How I Witnessed the Darkest Corners of the Internet Come to Life, Poison Society, and Capture American Politics",Elle Reeve,"Reeve, Elle",,1982198885,9781982198886,0,4.2,Atria Books,Hardcover,304,2024,2024,,12/17/24,to-read,to-read (#568),to-read,,,,0,0
174147294,Wandering Stars,Tommy Orange,"Orange, Tommy",,0593318250,9780593318256,0,3.86,Knopf,Hardcover,315,2024,2024,12/15/24,11/30/24,,,read,,,,1,0
111126,"Hateship, Friendship, Courtship, Loveship, Marriage: Stories",Alice Munro,"Munro, Alice",,0375727434,9780375727436,0,4.03,Knopf Doubleday Publishing Group,Paperback,323,2002,2001,,12/15/24,to-read,to-read (#567),to-read,,,,0,0
2187,Middlesex,Jeffrey Eugenides,"Eugenides, Jeffrey",,0312422156,9780312422158,0,4.04,Picador USA,Paperback,529,2002,2002,,12/15/24,to-read,to-read (#566),to-read,,,,0,0
1736739,"Olive Kitteridge (Olive Kitteridge, #1)",Elizabeth Strout,"Strout, Elizabeth",,,,0,3.86,Random House,Hardcover,270,2008,2008,,12/15/24,to-read,to-read (#565),to-read,,,,0,0
127488823,My Friends,Hisham Matar,"Matar, Hisham",,081299485X,9780812994858,0,4.32,Random House,Hardcover,399,2024,2024,,12/12/24,to-read,to-read (#564),to-read,,,,0,0
210594666,Kingdom of No Tomorrow,Fabienne Josaphat,"Josaphat, Fabienne",,1643755889,9781643755885,0,3.59,Algonquin Books,Hardcover,288,2024,2024,,12/12/24,to-read,to-read (#563),to-read,,,,0,0
556602,Sarah's Key,Tatiana de Rosnay,"Rosnay, Tatiana de",,0312370830,9780312370831,0,4.18,St. Martins Press,Hardcover,294,2007,2006,,12/11/24,to-read,to-read (#562),to-read,,,,0,0
514210,The Way of Zen,Alan W. Watts,"Watts, Alan W.",,0375705104,9780375705106,0,4.17,Vintage,Paperback,236,1999,1957,12/5/24,12/4/24,,,read,,,,1,0
36373372,Ohio,Stephen Markley,"Markley, Stephen",,1501174479,9781501174476,0,3.88,Simon & Schuster,Hardcover,484,2018,2018,,12/4/24,to-read,to-read (#561),to-read,,,,0,0
36692478,There There,Tommy Orange,"Orange, Tommy",,,,0,3.98,Knopf,Hardcover,294,2018,2018,,11/30/24,to-read,to-read (#560),to-read,,,,0,0
216940533,Chain-Gang All-Stars,Nana Kwame Adjei-Brenyah,"Adjei-Brenyah, Nana Kwame",,1529903823,9781529903829,3,4.13,Vintage Digital,ebook,384,2024,2023,11/24/24,12/19/23,,,read,,,,1,0
62039291,King: A Life,Jonathan Eig,"Eig, Jonathan",,0374279292,9780374279295,4,4.65,"Farrar, Straus and Giroux",Hardcover,688,2023,2023,11/20/24,5/23/23,,,read,,,,1,0
205363936,Lazarus Man,Richard Price,"Price, Richard",,0374168156,9780374168155,0,3.66,"Farrar, Straus and Giroux",Hardcover,352,2024,2024,,11/10/24,to-read,to-read (#559),to-read,,,,0,0
195791689,Hum,Helen          Phillips,"Phillips, Helen",,1668008831,9781668008836,0,3.52,S&S/ Marysue Rucci Books,Hardcover,272,2024,2024,11/10/24,11/8/24,,,read,,,,1,0
157981748,Supercommunicators: How to Unlock the Secret Language of Connection,Charles Duhigg,"Duhigg, Charles",,,,0,4.03,Random House,Hardcover,320,2024,2024,,11/9/24,to-read,to-read (#558),to-read,,,,0,0
80369,Discipline and Punish: The Birth of the Prison,Michel Foucault,"Foucault, Michel",Alan Sheridan,0679752552,9780679752554,0,4.23,Vintage,Paperback,333,1995,1975,,11/9/24,to-read,to-read (#557),to-read,,,,0,0
17125,One Day in the Life of Ivan Denisovich,Aleksandr Solzhenitsyn,"Solzhenitsyn, Aleksandr","Ronald Hingley, H.T. Willetts, Leopold Labedz, Max Hayward",,,0,3.98,"Farrar, Straus and Giroux",Paperback,182,2005,1962,,11/8/24,to-read,to-read (#556),to-read,,,,0,0
61438927,Greek Lessons,Han Kang,"Kang, Han","Deborah     Smith, Emily Yae Won",0593595289,9780593595282,0,3.59,Hogarth,Kindle Edition,176,2023,2011,,11/1/24,stopped-reading,stopped-reading (#13),stopped-reading,,,,1,0
54614429,Drive Your Plow Over the Bones of the Dead,Olga Tokarczuk,"Tokarczuk, Olga",Antonia Lloyd-Jones,0525541349,9780525541349,0,3.95,Riverhead Books,Paperback,274,2020,2009,,12/26/19,paused-and-may-try-again-perhaps,paused-and-may-try-again-perhaps (#6),paused-and-may-try-again-perhaps,,,,1,0
205478762,Playground,Richard Powers,"Powers, Richard",,1324086033,9781324086031,3,4.27,W. W. Norton & Company,Hardcover,381,2024,2024,11/6/24,10/13/24,,,read,,,,1,0
3382749,Enemy at the Gates: The Battle for Stalingrad,William Craig,"Craig, William",,0883490005,9780883490006,0,4.23,Reader's Digest Press,Hardcover,463,1973,1973,11/3/24,9/25/21,,,read,,,,1,0
29579,"Foundation (Foundation, #1)",Isaac Asimov,"Asimov, Isaac",,0553803719,9780553803716,0,4.17,Bantam,Hardcover,244,2004,1951,,11/2/24,to-read,to-read (#555),to-read,,,,0,0
12914504,"Isaac's Storm: A Man, a Time, and the Deadliest Hurricane in History",Erik Larson,"Larson, Erik",,,,0,4.05,Vintage,Kindle Edition,338,2011,1999,11/1/24,10/5/24,,,read,,,,1,0
61240297,Snow Crash,Neal Stephenson,"Stephenson, Neal",,059359973X,9780593599730,0,4.02,Del Rey,Hardcover,576,2022,1992,,10/29/24,to-read,to-read (#554),to-read,,,,0,0
101921,A Place of Greater Safety,Hilary Mantel,"Mantel, Hilary",,0312426399,9780312426392,0,3.99,Picador,Paperback,749,2006,1992,,10/29/24,to-read,to-read (#553),to-read,,,,0,0
204316857,The Empusium: A Health Resort Horror Story,Olga Tokarczuk,"Tokarczuk, Olga",Antonia Lloyd-Jones,0593712943,9780593712948,0,3.89,Riverhead Books,Hardcover,320,2024,2022,,10/15/24,to-read,to-read (#552),to-read,,,,0,0
35068671,The Perfectionists: How Precision Engineers Created the Modern World,Simon Winchester,"Winchester, Simon",,0062652575,9780062652577,0,4.14,Harper,ebook,416,2018,2018,,10/15/24,to-read,to-read (#551),to-read,,,,0,0
55182496,Just Deserts: Debating Free Will,Daniel C. Dennett,"Dennett, Daniel C.",Gregg D. Caruso,1509545778,9781509545773,0,3.74,Polity,Kindle Edition,206,2021,,,4/11/21,to-read,to-read (#369),to-read,,,,0,0
74852240,Bottoms Up and the Devil Laughs: A Journey Through the Deep State,Kerry Howley,"Howley, Kerry",,0525655506,9780525655503,4,3.8,Vintage,Kindle Edition,258,2023,2023,9/28/24,4/1/23,,,read,,,,1,0
6288,The Road,Cormac McCarthy,"McCarthy, Cormac",,0307265439,9780307265432,5,3.99,Alfred A. Knopf,Hardcover,241,2006,2006,9/25/24,7/5/14,,,read,,,,1,0
53928578,The Sum of Us: What Racism Costs Everyone and How We Can Prosper Together,Heather  McGhee,"McGhee, Heather",,0525509577,9780525509578,0,4.63,One World,Kindle Edition,394,2021,2021,,7/30/23,to-read,to-read (#494),to-read,,,,0,0
204927599,Nexus: A Brief History of Information Networks from the Stone Age to AI,Yuval Noah Harari,"Harari, Yuval Noah",,059373422X,9780593734223,0,4.19,Random House,Hardcover,528,2024,2024,,9/23/24,to-read,to-read (#550),to-read,,,,0,0
208931300,Intermezzo,Sally Rooney,"Rooney, Sally",,0374602638,9780374602635,0,3.99,"Farrar, Straus and Giroux",Hardcover,454,2024,2024,,9/23/24,to-read,to-read (#549),to-read,,,,0,0
198281740,The Life Impossible,Matt Haig,"Haig, Matt",,0593489276,9780593489277,0,3.51,Viking,Hardcover,324,2024,2024,,9/23/24,to-read,to-read (#548),to-read,,,,0,0
15746640,The Obamians: How a Band of Newcomers Redefined American Power,James  Mann,"Mann, James",,1101583614,9781101583616,0,3.67,Viking Adult,ebook,416,2012,2012,,7/5/14,"to-read, kindle","to-read (#105), kindle (#10)",to-read,,,,0,0
207300960,Creation Lake,Rachel Kushner,"Kushner, Rachel",,1982116528,9781982116521,0,3.46,Scribner,Hardcover,416,2024,2024,,9/17/24,to-read,to-read (#547),to-read,,,,0,0
6004724,The Snakehead: An Epic Tale of the Chinatown Underworld and the American Dream,Patrick Radden Keefe,"Keefe, Patrick Radden",,0385521308,9780385521307,0,4.15,Doubleday,Hardcover,432,2009,2009,9/16/24,9/5/24,,,read,,,,1,0
3761596,"The Third Reich at War (The History of the Third Reich, #3)",Richard J. Evans,"Evans, Richard J.",,1594202060,9781594202063,0,4.38,Penguin,Hardcover,926,2009,2008,,9/12/24,to-read,to-read (#546),to-read,,,,0,0
536788,"The Third Reich in Power (The History of the Third Reich, #2)",Richard J. Evans,"Evans, Richard J.",,1594200742,9781594200748,0,4.35,The Penguin Press,Hardcover,941,2005,2005,,9/12/24,to-read,to-read (#545),to-read,,,,0,0
319473,"The Coming of the Third Reich (The History of the Third Reich, #1)",Richard J. Evans,"Evans, Richard J.",,0143034693,9780143034698,0,4.29,Penguin Books,Paperback,622,2005,2003,,9/12/24,to-read,to-read (#544),to-read,,,,0,0
25430240,The Last Yakuza: Life and Death in the Japanese Underworld,Jake Adelstein,"Adelstein, Jake",,0307908399,9780307908391,0,3.86,Pantheon,Kindle Edition,391,2023,2023,,9/12/24,to-read,to-read (#543),to-read,,,,0,0
6658129,Tokyo Vice: An American Reporter on the Police Beat in Japan,Jake Adelstein,"Adelstein, Jake",,0307378799,9780307378798,0,3.91,Pantheon,Hardcover,335,2009,2009,,9/12/24,to-read,to-read (#542),to-read,,,,0,0
9667124,The Emperor of All Maladies: A Biography of Cancer,Siddhartha Mukherjee,"Mukherjee, Siddhartha",,,,0,4.34,Scribner,Kindle Edition,597,2010,2010,9/5/24,1/5/24,,,read,,,,1,0
59689783,"Rogues: True Stories of Grifters, Killers, Rebels and Crooks",Patrick Radden Keefe,"Keefe, Patrick Radden",,0385548524,9780385548526,0,4.01,Doubleday,ebook,356,2022,2022,9/3/24,7/24/22,drive-to-ms,drive-to-ms (#8),read,,,,1,0
1105956,Gomorrah,Roberto Saviano,"Saviano, Roberto",Virginia Jewiss,0374165270,9780374165277,0,3.79,"Farrar, Straus and Giroux",Hardcover,320,2007,2006,,8/18/24,to-read,to-read (#541),to-read,,,,0,0
218818,The Real Eve: Modern Man's Journey Out of Africa,Stephen Oppenheimer,"Oppenheimer, Stephen",,0786711922,9780786711925,0,4,Basic Books,Hardcover,320,2003,2003,,8/18/24,to-read,to-read (#540),to-read,,,,0,0
56389245,The Meaning of Thought,Markus Gabriel,"Gabriel, Markus",Alex Englander,1509538372,9781509538379,0,3.75,Polity,Kindle Edition,256,2020,,,3/24/22,to-read,to-read (#412),to-read,,,,0,0
874419,"The Civil War, Vol. 3: Red River to Appomattox",Shelby Foote,"Foote, Shelby",,0394746228,9780394746227,0,4.55,Vintage Books,Paperback,1120,1986,,,10/4/13,to-read,to-read (#45),to-read,,,,0,0
17729988,ZeroZeroZero,Roberto Saviano,"Saviano, Roberto",,8807030535,9788807030536,0,3.74,Feltrinelli ,Paperback,448,2013,2013,,8/4/24,to-read,to-read (#539),to-read,,,,0,0
77265028,"The Revolutionary Temper: Paris, 1748-1789",Robert Darnton,"Darnton, Robert",,1324035587,9781324035589,0,4.17,W. W. Norton & Company,Hardcover,576,2023,2023,,8/1/24,to-read,to-read (#538),to-read,,,,0,0
527523,Citizens: A Chronicle of the French Revolution,Simon Schama,"Schama, Simon",,0679726101,9780679726104,0,4.02,"Random House, Inc. (NYC)",Paperback,948,1990,1989,,7/30/24,to-read,to-read (#537),to-read,,,,0,0
11470368,The Two Kinds of Decay,Sarah Manguso,"Manguso, Sarah",,1429940980,9781429940986,4,3.98,"Farrar, Straus and Giroux",Kindle Edition,196,2009,2008,,7/5/14,kindle,kindle (#18),read,,,,1,0
17333223,The Goldfinch,Donna Tartt,"Tartt, Donna",,0316055433,9780316055437,0,3.95,"Little, Brown",Hardcover,771,2013,2013,7/27/24,3/5/24,eclipse-drive-2024,eclipse-drive-2024 (#5),read,,,,1,0
8858905,Louis XVI or The End of a World,Bernard Faÿ,"Faÿ, Bernard",,0491000405,9780491000406,0,4.14,H. Regnery Co.,Hardcover,414,1968,1981,,7/27/24,to-read,to-read (#536),to-read,,,,0,0
12505,The Idiot,Fyodor Dostoevsky,"Dostoevsky, Fyodor","Anna Brailovsky, Joseph Frank, Constance Garnett",0679642420,9780679642428,0,4.21,Modern Library,Paperback,667,2003,1869,,7/26/24,to-read,to-read (#535),to-read,,,,0,0
61354666,The Secret Lives of Numbers: A Hidden History of Math's Unsung Trailblazers,Kate Kitagawa,"Kitagawa, Kate",Timothy Revell,,,0,3.87,William Morrow,Hardcover,320,2024,2023,,7/25/24,to-read,to-read (#534),to-read,,,,0,0
202102082,"Keeping the Faith: God, Democracy, and the Trial That Riveted a Nation",Brenda Wineapple,"Wineapple, Brenda",,0593229924,9780593229927,0,4.34,Random House,Hardcover,544,2024,2024,,7/20/24,to-read,to-read (#533),to-read,,,,0,0
355862,Erasure,Percival Everett,"Everett, Percival",,0786888156,9780786888153,0,4.18,Hyperion,Paperback,280,2002,2001,7/10/24,4/4/24,eclipse-drive-2024,eclipse-drive-2024 (#4),read,,,,1,0
198563648,Godwin,Joseph O'Neill,"O'Neill, Joseph",,0593701321,9780593701324,0,3.57,Pantheon,Hardcover,288,2024,2024,,7/9/24,to-read,to-read (#532),to-read,,,,0,0
39723730,The White Darkness,David Grann,"Grann, David",,038554457X,9780385544573,0,3.96,Doubleday,Hardcover,160,2018,2018,7/4/24,7/3/24,,,read,,,,1,0
77265038,Moscow X (Damascus Station #2),David McCloskey,"McCloskey, David",,1324050756,9781324050759,0,4.26,W. W. Norton & Company,Hardcover,454,2023,2023,7/2/24,8/23/23,eclipse-drive-2024,eclipse-drive-2024 (#3),read,,,,1,0
20897517,In the Kingdom of Ice: The Grand and Terrible Polar Voyage of the USS Jeannette,Hampton Sides,"Sides, Hampton",,0385535376,9780385535373,0,4.28,Doubleday,Hardcover,454,2014,2014,,6/30/24,to-read,to-read (#531),to-read,,,,0,0
3398625,The Lost City of Z: A Tale of Deadly Obsession in the Amazon,David Grann,"Grann, David",,0385513534,9780385513531,0,3.89,Doubleday/Random House (NY),Hardcover,339,2009,2009,,6/30/24,to-read,to-read (#530),to-read,,,,0,0
61423989,"A Fever in the Heartland: The Ku Klux Klan's Plot to Take Over America, and the Woman Who Stopped Them",Timothy Egan,"Egan, Timothy",,0735225265,9780735225268,0,4.37,Viking,Hardcover,432,2023,2023,,6/30/24,to-read,to-read (#529),to-read,,,,0,0
58777696,"River of the Gods: Genius, Courage and Betrayal in the Search for the Source of the Nile",Candice Millard,"Millard, Candice",,052552407X,9780525524076,0,3.84,Doubleday,Hardcover,349,2022,2022,,6/30/24,to-read,to-read (#528),to-read,,,,0,0
191746386,"The Wide Wide Sea: Imperial Ambition, First Contact and the Fateful Final Voyage of Captain James Cook",Hampton Sides,"Sides, Hampton",,0385544766,9780385544764,0,4.49,Doubleday,Hardcover,408,2024,2024,,6/30/24,to-read,to-read (#527),to-read,,,,0,0
74831609,Recoding America: Why Government Is Failing in the Digital Age and How We Can Do Better,Jennifer Pahlka,"Pahlka, Jennifer",,1250266769,9781250266767,0,4.42,Metropolitan Books,Kindle Edition,317,2023,2023,,6/19/24,currently-reading,currently-reading (#4),currently-reading,,,,1,0
30052042,"The Arc of a Covenant: The United States, Israel, and the Fate of the Jewish People",Walter Russell Mead,"Mead, Walter Russell",,0375414045,9780375414046,0,4.21,Knopf,Hardcover,672,2022,2022,6/12/24,7/18/22,,,read,,,,1,0
195607632,"The Demon of Unrest: A Saga of Hubris, Heartbreak, and Heroism at the Dawn of the Civil War",Erik Larson,"Larson, Erik",,0385348754,9780385348751,4,4.21,Crown,Kindle Edition,559,2024,2024,6/12/24,3/23/24,,,read,,,,1,0
57004637,The Book of Form and Emptiness,Ruth Ozeki,"Ozeki, Ruth",,0399563644,9780399563645,0,4.02,Viking,Hardcover,548,2021,2021,,6/1/24,to-read,to-read (#526),to-read,,,,0,0
52395590,"American Zion: Cliven Bundy, God & Public Lands in the West",Betsy Gaines Quammen,"Quammen, Betsy Gaines",,1948814145,9781948814140,0,4.03,Torrey House Press,Paperback,250,2020,,,5/27/24,to-read,to-read (#525),to-read,,,,0,0
77920745,A Day in the Life of Abed Salama: Anatomy of a Jerusalem Tragedy,Nathan Thrall,"Thrall, Nathan",,1250854970,9781250854971,0,4.36,Metropolitan Books,Hardcover,272,2023,2023,,5/8/24,to-read,to-read (#524),to-read,,,,0,0
16123192,The Caine Mutiny,Herman Wouk,"Wouk, Herman",,0316248568,9780316248563,4,4.29,"Little, Brown, & Co.",Kindle Edition,673,2013,1951,5/6/24,9/19/23,,,read,,,,1,0
40007544,The Nix,Nathan  Hill,"Hill, Nathan",,,,0,4.08, Vintage ,Kindle Edition,754,2016,2016,4/29/24,10/19/23,,,read,,,,1,0
65650229,Wellness,Nathan  Hill,"Hill, Nathan",,0593536118,9780593536117,0,3.99,Knopf,Hardcover,611,2023,2023,4/15/24,10/19/23,eclipse-drive-2024,eclipse-drive-2024 (#2),read,,,,1,0
18050134,Trying Not to Try: The Art and Science of Spontaneity,Edward Slingerland,"Slingerland, Edward",,0770437613,9780770437619,0,3.74,Crown,Hardcover,304,2014,2014,,4/13/24,to-read,to-read (#523),to-read,,,,0,0
51719771,The Idea of the Brain: The Past and Future of Neuroscience,Matthew Cobb,"Cobb, Matthew",,1541646851,9781541646858,0,4.12,Basic Books,Hardcover,496,2020,2020,,4/13/24,to-read,to-read (#522),to-read,,,,0,0
45486426,Darkness at Noon,Arthur Koestler,"Koestler, Arthur","Philip Boehm, Michael Scammell",1982135220,9781982135225,4,4.11,Scribner,Kindle Edition,274,2019,1940,4/10/24,3/9/24,,,read,,,,1,0
55711726,The People We Keep,Allison Larkin,"Larkin, Allison",,1982171294,9781982171292,0,4.1,Gallery Books,Hardcover,368,2021,2021,,4/4/24,"to-read, eclipse-drive-2024","to-read (#521), eclipse-drive-2024 (#6)",to-read,,,,0,0
62039166,The Bee Sting,Paul Murray,"Murray, Paul",,0374600309,9780374600303,0,3.92,"Farrar, Straus and Giroux",Hardcover,656,2023,2023,,12/19/23,"to-read, eclipse-drive-2024","to-read (#508), eclipse-drive-2024 (#1)",to-read,,,,0,0
99007,"Jewish Literacy: The Most Important Things to Know About the Jewish Religion, Its People and Its History",Joseph Telushkin,"Telushkin, Joseph",,0688085067,9780688085063,0,4.31,William Morrow,Hardcover,688,1991,1991,,3/21/24,to-read,to-read (#520),to-read,,,,0,0
11539004,Midnight in the Garden of Good and Evil,John Berendt,"Berendt, John",,,,4,3.92,Vintage,Kindle Edition,402,2010,1994,3/9/24,1/5/24,,,read,,,,1,0
6708,The Power of Now: A Guide to Spiritual Enlightenment,Eckhart Tolle,"Tolle, Eckhart",,,,0,4.15,New World Library,Paperback,229,2004,1997,,3/5/24,to-read,to-read (#519),to-read,,,,0,0
59368509,Cult Classic,Sloane Crosley,"Crosley, Sloane",,,,3,3.29,MCD,Kindle Edition,304,2022,2022,3/3/24,6/7/22,,,read,,,,1,0
59023383,Shift (Silo Trilogy #2),Hugh Howey,"Howey, Hugh",,,,3,4.12,John Joseph Adams/Houghton Mifflin Harcourt,Kindle Edition,579,2020,2013,2/13/24,1/4/24,,,read,,,,2,0
48890486,Breath: The New Science of a Lost Art,James Nestor,"Nestor, James",,0735213615,9780735213616,0,4.15,Riverhead Books,Hardcover,280,2020,2020,,2/10/24,to-read,to-read (#518),to-read,,,,0,0
63904237,"Fancy Bear Goes Phishing: The Dark History of the Information Age, in Five Extraordinary Hacks",Scott J. Shapiro,"Shapiro, Scott J.",,0374601186,9780374601188,3,3.96,"Farrar, Straus and Giroux",Kindle Edition,434,2023,2023,2/10/24,1/20/24,,,read,,,,1,0
6640473,Bridge of Sighs,Richard Russo,"Russo, Richard",,,,4,3.8,Vintage,Kindle Edition,658,2007,2007,1/19/24,1/11/24,,,read,,,,1,0
28881,"Lamb: The Gospel According to Biff, Christ’s Childhood Pal",Christopher Moore,"Moore, Christopher",,0380813815,9780380813810,0,4.23,Harper Perennial,Paperback,444,2004,2002,,1/18/24,to-read,to-read (#517),to-read,,,,0,0
26796956,Symphony for the City of the Dead: Dmitri Shostakovich and the Siege of Leningrad,M.T. Anderson,"Anderson, M.T.",,0763680540,9780763680541,0,4.35,Candlewick Press,ebook,425,2015,2015,,11/21/23,to-read,to-read (#503),to-read,,,,0,0
60462182,Tracers in the Dark: The Global Hunt for the Crime Lords of Cryptocurrency,Andy Greenberg,"Greenberg, Andy",,0385548109,9780385548106,0,4.5,Doubleday Books,Hardcover,367,2022,,,1/16/24,to-read,to-read (#516),to-read,,,,0,0
134118345,Ilium,Lea Carpenter,"Carpenter, Lea",,0593536606,9780593536605,0,3.65,Knopf,Hardcover,240,2024,2024,,1/16/24,to-read,to-read (#515),to-read,,,,0,0
251688,Breakfast at Tiffany’s and Three Stories,Truman Capote,"Capote, Truman",,,,3,3.85,Vintage Books,Paperback,142,1993,1958,7/23/23,7/20/23,,,read,,,,1,0
53036979,Being You: A New Science of Consciousness,Anil Seth,"Seth, Anil",,0571337708,9780571337705,4,4.1,Faber & Faber,Hardcover,352,2020,2020,7/11/23,3/24/22,,,read,,,,1,0
11337,The Bluest Eye,Toni Morrison,"Morrison, Toni",,,,4,4.12,Plume,Paperback,216,2005,1970,7/4/23,1/2/23,,,read,,,,1,0
60194162,Demon Copperhead,Barbara Kingsolver,"Kingsolver, Barbara",,0063251922,9780063251922,4,4.49,Harper,Hardcover,560,2022,2022,1/15/23,1/3/23,,,read,,,,1,0
50358031,Leave the World Behind,Rumaan Alam,"Alam, Rumaan",,0062667637,9780062667632,2,3.15,Ecco,Hardcover,241,2020,2020,2/3/23,1/31/23,,,read,,,,1,0
57933599,"The Biggest Ideas in the Universe: Space, Time, and Motion",Sean Carroll,"Carroll, Sean",,0593186583,9780593186589,4,3.98,Dutton,Hardcover,304,2022,2022,2/7/23,9/20/22,,,read,,,,1,0
39929347,The Things They Carried,Tim O'Brien,"O'Brien, Tim",,,,4,4.14,Mariner Books,Kindle Edition,259,2009,1990,3/3/23,11/25/14,,,read,,,,1,0
52741293,Shuggie Bain,Douglas   Stuart,"Stuart, Douglas",,0802148042,9780802148049,4,4.31,Grove Press,Hardcover,430,2020,2020,3/4/23,7/11/22,,,read,,,,1,0
10054335,Rules of Civility,Amor Towles,"Towles, Amor",,,,4,4.08,Viking Adult,Hardcover,335,2011,2011,3/13/23,9/1/22,,,read,,,,1,0
37486540,"Dopesick: Dealers, Doctors, and the Drug Company that Addicted America",Beth Macy,"Macy, Beth",,0316523178,9780316523172,4,4.08,"Little, Brown and Company",Hardcover,384,2018,2018,4/23/23,4/15/23,,,read,,,,1,0
55628986,Unwinding Anxiety,Judson Brewer,"Brewer, Judson",,0593330447,9780593330449,3,3.9,Avery,Hardcover,287,2021,2020,4/28/23,12/27/21,,,read,,,,1,0
33296669,The Cadaver King and the Country Dentist: A True Story of Injustice in the American South,Radley Balko,"Balko, Radley","Tucker Carrington, John Grisham",161039691X,9781610396912,4,4.03,PublicAffairs,Hardcover,391,2018,2018,5/3/23,4/23/23,,,read,,,,1,0
6149,"Beloved (Beloved Trilogy, #1)",Toni Morrison,"Morrison, Toni",,,9781400033416,4,3.96,Vintage,Paperback,325,2004,1987,6/15/23,6/30/20,,,read,,,,1,0
59576076,The Rabbit Hutch,Tess Gunty,"Gunty, Tess",,,,4,3.52,Knopf,Hardcover,399,2022,2022,6/16/23,11/18/22,,,read,,,,1,0
61724281,"The Best Minds: A Story of Friendship, Madness, and the Tragedy of Good Intentions",Jonathan Rosen,"Rosen, Jonathan",,1594206570,9781594206573,4,4.05,Penguin Press,Hardcover,576,2023,2023,7/20/23,4/22/23,,,read,,,,1,0
13912,A Beautiful Mind,Sylvia Nasar,"Nasar, Sylvia",,0571212921,9780571212927,3,4.13,Faber & Faber,Paperback,461,1999,1998,8/26/23,7/24/23,,,read,,,,1,0
60873125,"Crook Manifesto (Ray Carney, #2)",Colson Whitehead,"Whitehead, Colson",,0385545169,9780385545167,3,3.87,Doubleday,Kindle Edition,336,2023,2023,9/12/23,8/24/23,,,read,,,,1,0
40605629,Last Night in Montreal,Emily St. John Mandel,"Mandel, Emily St. John",,1936071452,9781936071456,3,3.74,Vintage,Kindle Edition,230,2009,2009,9/19/23,10/2/22,,,read,,,,1,0
63096790,"Waging a Good War: A Military History of the Civil Rights Movement, 1954-1968",Thomas E. Ricks,"Ricks, Thomas E.",,,,4,4.45,,Kindle Edition,,2022,2022,10/7/23,10/2/22,,,read,,,,1,0
83817782,Determined: A Science of Life without Free Will,Robert M. Sapolsky,"Sapolsky, Robert M.",,0525560971,9780525560975,5,4.25,Penguin Press,Hardcover,528,2023,2023,11/25/23,10/19/23,,,read,,,,1,0
11494,Humboldt's Gift,Saul Bellow,"Bellow, Saul",,0140189440,9780140189445,4,3.85,Penguin Classics,Paperback,487,1996,1975,12/17/23,7/5/14,,,read,,,,1,0
123276708,Number Go Up: Inside Crypto's Wild Rise and Staggering Fall,Zeke Faux,"Faux, Zeke",,0593443810,9780593443811,4,4.25,Crown Currency,Hardcover,304,2023,2023,12/18/23,10/3/23,,,read,,,,1,0
21965079,"Thirteen Days in September: Carter, Begin, and Sadat at Camp David",Lawrence Wright,"Wright, Lawrence",,0385352034,9780385352031,5,4.18,Knopf,Hardcover,368,2014,2014,12/23/23,8/18/16,,,read,,,,1,0
11987,The Myth of Sisyphus and Other Essays,Albert Camus,"Camus, Albert",Justin O'Brien,,,4,4.22,Vintage International,Paperback,212,1991,1942,12/26/23,12/23/23,,,read,,,,1,0
7745,Fear and Loathing in Las Vegas,Hunter S. Thompson,"Thompson, Hunter S.",Ralph Steadman,0679785892,9780679785897,4,4.07,Vintage Books,Paperback,204,1998,1971,12/31/23,12/28/23,,,read,,,,1,0
60321392,The Song of the Cell: An Exploration of Medicine and the New Human,Siddhartha Mukherjee,"Mukherjee, Siddhartha",,1982117354,9781982117351,0,4.28,Scribner,Hardcover,473,2022,2022,,1/5/24,to-read,to-read (#514),to-read,,,,0,0
58502749,No One Goes Alone,Erik Larson,"Larson, Erik",Julian Rhind-Tutt,0593557948,9780593557945,0,3.32,Random House Audio Publishing Group,Audio CD,8,2021,2021,1/4/24,1/1/24,,,read,,,,1,0
71872930,North Woods,Daniel       Mason,"Mason, Daniel",,0593597036,9780593597033,0,4.13,Random House,Hardcover,372,2023,2023,,12/28/23,to-read,to-read (#513),to-read,,,,0,0
23847969,Doomed to Succeed: The U.S.-Israel Relationship from Truman to Obama,Dennis Ross,"Ross, Dennis",,0374141460,9780374141462,0,4.08,"Farrar, Straus and Giroux",Hardcover,496,2015,2015,,12/23/23,to-read,to-read (#512),to-read,,,,0,0
61885130,You Have to Be Prepared to Die Before You Can Begin to Live: Ten Weeks in Birmingham That Changed America,Paul Kix,"Kix, Paul",,1250807697,9781250807694,0,4.55,Celadon Books,Hardcover,400,2023,,,12/19/23,to-read,to-read (#511),to-read,,,,0,0
61609168,The Land of Hope and Fear: Israel's Battle for Its Inner Soul,Isabel Kershner,"Kershner, Isabel",,1101946768,9781101946763,0,4.08,Knopf,Hardcover,384,2023,2023,,12/19/23,to-read,to-read (#510),to-read,,,,0,0
60784614,Cobalt Red: How the Blood of the Congo Powers Our Lives,Siddharth Kara,"Kara, Siddharth",,1250284309,9781250284303,0,4.37,St. Martin's Press,Hardcover,288,2023,2023,,12/19/23,to-read,to-read (#509),to-read,,,,0,0
65678550,The Heaven & Earth Grocery Store,James   McBride,"McBride, James",,0593422945,9780593422946,0,3.96,Riverhead Books,Hardcover,385,2023,2023,,12/19/23,to-read,to-read (#507),to-read,,,,0,0
62047984,Yellowface,R.F. Kuang,"Kuang, R.F.",,000853277X,9780008532772,0,3.75,William Morrow,Hardcover,323,2023,2023,,12/9/23,to-read,to-read (#506),to-read,,,,0,0
58187209,City of Thieves,David Benioff,"Benioff, David",,,,4,4.29,Penguin Books,Kindle Edition,284,2008,2008,12/9/23,11/21/23,,,read,,,,1,0
248510,The 900 Days: The Siege of Leningrad,Harrison E. Salisbury,"Salisbury, Harrison E.",,0306812983,9780306812989,0,4.18,Da Capo,Paperback,672,2003,1969,,11/21/23,to-read,to-read (#505),to-read,,,,0,0
469959,"The Siege (The Siege, #1)",Helen Dunmore,"Dunmore, Helen",,0802139582,9780802139580,0,4.03,Grove Press,Paperback,294,2002,2001,,11/21/23,to-read,to-read (#504),to-read,,,,0,0
542389,"Stalingrad: The Fateful Siege, 1942–1943",Antony Beevor,"Beevor, Antony",,0140284583,9780140284584,0,4.32,Penguin Books,Paperback,494,1999,1998,,11/21/23,to-read,to-read (#502),to-read,,,,0,0
86508927,Julia,Sandra Newman,"Newman, Sandra",,0063265338,9780063265332,0,3.76,Mariner Books,Hardcover,400,2023,2023,,11/10/23,to-read,to-read (#501),to-read,,,,0,0
60872200,"Investments Unlimited: A Novel About DevOps, Security, Audit Compliance, and Thriving in the Digital Age",Helen Beal,"Beal, Helen","Bill Bensing, Jason  Cox, Michael Edenzon, Topo Pal, Caleb Queern, John Rzezotarski, Andres Vega, John Willis",1950508544,9781950508549,0,4.06,IT Revolution Press,Kindle Edition,148,2022,,,11/6/23,currently-reading,currently-reading (#3),currently-reading,,,,1,0
63906672,Life Sentence: The Brief and Tragic Career of Baltimore’s Deadliest Gang Leader,Mark Bowden,"Bowden, Mark",,0802162436,9780802162434,0,3.98,Atlantic Monthly Press,Kindle Edition,320,2023,2023,,11/6/23,to-read,to-read (#500),to-read,,,,0,0
54083551,A Visit from the Goon Squad,Jennifer Egan,"Egan, Jennifer",,,,3,3.7,Knopf,Kindle Edition,328,2010,2010,11/6/23,10/4/13,,,read,,,,1,0
647492,Ordinary Men: Reserve Police Battalion 101 and the Final Solution in Poland,Christopher R. Browning,"Browning, Christopher R.",,0060995068,9780060995065,0,4.11,Harper Perennial,Paperback,271,1998,1992,,11/4/23,to-read,to-read (#499),to-read,,,,0,0
43565369,The Topeka School,Ben Lerner,"Lerner, Ben",,0374277788,9780374277789,3,3.51,"Farrar, Straus and Giroux",Hardcover,282,2019,2019,9/3/23,8/27/23,,,read,,,,1,0
149105520,Going Infinite: The Rise and Fall of a New Tycoon,Michael   Lewis,"Lewis, Michael",,1324074337,9781324074335,0,3.82,W. W. Norton & Company,Hardcover,272,2023,2023,,8/23/23,to-read,to-read (#498),to-read,,,,0,0
60139504,How to Keep House While Drowning,K.C.  Davis,"Davis, K.C.",,166800285X,9781668002858,0,4.23,S&S/Simon Element,Kindle Edition,151,2022,2022,,8/23/23,currently-reading,currently-reading (#2),currently-reading,,,,1,0
63354300,"The Great Dechurching: Who’s Leaving, Why Are They Going, and What Will It Take to Bring Them Back?",Jim  Davis,"Davis, Jim","Michael Graham, Ryan P. Burge",0310147433,9780310147435,0,3.88,Zondervan,Hardcover,272,2023,,,8/22/23,to-read,to-read (#497),to-read,,,,0,0
10108463,The Devil All the Time,Donald Ray Pollock,"Pollock, Donald Ray",,038553504X,9780385535045,0,4.13,Doubleday,Hardcover,261,2011,2011,,8/19/23,to-read,to-read (#496),to-read,,,,0,0
58210933,Trust,Hernan Diaz,"Diaz, Hernan",,0593420314,9780593420317,4,3.82,Riverhead Books,Hardcover,402,2022,2022,8/16/23,12/1/22,,,read,,,,1,0
122800609,"Deming's Journey to Profound Knowledge: How Deming Helped Win a War, Altered the Face of Industry, and Holds the Key to Our Future",John Willis,"Willis, John",,1950508846,9781950508846,0,4.26,IT Revolution Press,Kindle Edition,367,2023,,,8/14/23,to-read,to-read (#495),to-read,,,,0,0
38769051,Farsighted: How We Make the Decisions That Matter the Most,Steven Johnson,"Johnson, Steven",,1594488215,9781594488214,0,3.56,Riverhead,Hardcover,256,2018,2018,,1/15/19,to-read,to-read (#284),to-read,,,,0,0
59063942,The Bean Trees,Barbara Kingsolver,"Kingsolver, Barbara",,,,0,4,HarperCollins ,Kindle Edition,342,,1988,7/27/23,7/18/23,,,read,,,,1,0
11343926,Extraordinary Popular Delusions & the Madness of Crowds,Charles Mackay,"Mackay, Charles",,,,0,3.82,,Kindle Edition,402,,1841,,7/21/23,to-read,to-read (#493),to-read,,,,0,0
2728996,Nowhere to Go: The Tragic Odyssey of the Homeless Mentally Ill,E. Fuller Torrey,"Torrey, E. Fuller",,0060915978,9780060915971,0,4.25,HarperCollins,Paperback,272,1989,1988,,7/20/23,to-read,to-read (#492),to-read,,,,0,0
461525,The Mad Among Us: A History of the Care of America’s Mentally Ill,Gerald N. Grob,"Grob, Gerald N.",,067454112X,9780674541122,0,3.65,Harvard University Press,Paperback,416,1995,1994,,7/20/23,to-read,to-read (#491),to-read,,,,0,0
41021145,The Botany of Desire: A Plant's-Eye View of the World,Michael Pollan,"Pollan, Michael",,,,0,4.06,Random House,Kindle Edition,304,2018,2002,,7/1/23,to-read,to-read (#490),to-read,,,,0,0
10293553,"Contele de Monte Cristo (Contele de Monte Cristo, #1 of 4)",Alexandre Dumas,"Dumas, Alexandre",Nicolae Constantinescu,6065392693,9786065392694,0,4.63,Adevărul,Hardcover,370,2011,,,9/26/21,to-read,to-read (#386),to-read,,,,0,0
60784417,Red Team Blues (Martin Hench #1),Cory Doctorow,"Doctorow, Cory",,1250865840,9781250865847,2,3.89,Tor Books,Hardcover,213,2023,2023,6/28/23,6/25/23,,,read,,,,1,0
62952125,Somebody's Fool,Richard Russo,"Russo, Richard",,0593317890,9780593317891,0,4.26,Knopf,Hardcover,464,2023,2023,,6/25/23,to-read,to-read (#489),to-read,,,,0,0
35995489,The Extraordinary Life of Sam Hell,Robert Dugoni,"Dugoni, Robert",,1503949001,9781503949003,2,4.44,Lake Union Publishing,Hardcover,448,2018,2018,6/4/23,5/16/23,,,read,Contrived. Predictable. ,,,1,0
34381330,In the Distance,Hernan Diaz,"Diaz, Hernan",,1566894883,9781566894883,0,4.11,Coffee House Press,Paperback,256,2017,2017,,5/9/23,to-read,to-read (#488),to-read,,,,0,0
64369,Mindfulness in Plain English,Henepola Gunaratana,"Gunaratana, Henepola",Lauri Porceddu,0861713214,9780861713219,0,4.15,Wisdom Publications,Paperback,208,1996,1992,,5/3/23,to-read,to-read (#487),to-read,,,,0,0
193755,The Diving Bell and the Butterfly: A Memoir of Life in Death,Jean-Dominique Bauby,"Bauby, Jean-Dominique",Jeremy Leggatt,0375701214,9780375701214,0,3.98,"Vintage International, New York",Paperback,132,1998,1997,,5/2/23,to-read,to-read (#486),to-read,,,,0,0
61771675,Hello Beautiful,Ann Napolitano,"Napolitano, Ann",,,,0,4.15,The Dial Press,Kindle Edition,416,2023,2023,,4/17/23,to-read,to-read (#485),to-read,,,,0,0
17977,The Ancestor's Tale: A Pilgrimage to the Dawn of Evolution,Richard Dawkins,"Dawkins, Richard",,061861916X,9780618619160,0,4.14,Mariner Books,Paperback,688,2005,2004,,4/12/23,to-read,to-read (#484),to-read,,,,0,0
32143743,Days Without End,Sebastian Barry,"Barry, Sebastian",,0698168631,9780698168633,0,3.97,Penguin Books,Kindle Edition,232,2017,2016,,4/1/23,to-read,to-read (#483),to-read,,,,0,0
52702097,Piranesi,Susanna Clarke,"Clarke, Susanna",,,,4,4.22,Bloomsbury Publishing,Kindle Edition,246,2020,2020,3/31/23,3/23/23,,,read,,,,1,0
102146148,What's Our Problem?: A Self-Help Book for Societies,Tim Urban,"Urban, Tim",,,9798987722602,0,4.27,Wait But Why,Kindle Edition,746,2023,2023,,3/14/23,to-read,to-read (#482),to-read,,,,0,0
61613477,"Humanly Possible: Seven Hundred Years of Humanist Freethinking, Inquiry, and Hope",Sarah Bakewell,"Bakewell, Sarah",,0735223378,9780735223370,0,4.01,Penguin Press,Hardcover,464,2023,2023,,3/12/23,to-read,to-read (#481),to-read,,,,0,0
17412573,The People in the Trees,Hanya Yanagihara,"Yanagihara, Hanya",,,,4,3.73,Doubleday,Kindle Edition,384,2013,2013,3/7/23,3/3/23,,,read,,,,1,0
12468,The Executioner's Song,Norman Mailer,"Mailer, Norman",,0375700811,9780375700811,0,4.05,Vintage,Paperback,1056,1998,1979,,3/4/23,to-read,to-read (#480),to-read,,,,0,0
61238292,Psych: The Story of the Human Mind,Paul Bloom,"Bloom, Paul",,0063096358,9780063096356,0,4.15,Ecco,Hardcover,464,2023,2023,,3/3/23,to-read,to-read (#479),to-read,,,,0,0
252577,"Angela’s Ashes (Frank McCourt, #1)",Frank McCourt,"McCourt, Frank",,0007205236,9780007205233,0,4.15,Harper Perennial,Paperback,452,2005,1996,,2/28/23,to-read,to-read (#478),to-read,,,,0,0
25734172,Seven Brief Lessons on Physics,Carlo Rovelli,"Rovelli, Carlo",,0399184414,9780399184413,0,3.99,Riverhead Books,Hardcover,81,2016,2014,,2/23/23,to-read,to-read (#477),to-read,,,,0,0
22535503,Finding Jake,Bryan Reardon,"Reardon, Bryan",,0062339486,9780062339485,2,3.96,William Morrow,Hardcover,264,2015,2015,2/6/23,2/3/23,,,read,,,,1,0
30267929,We Were the Lucky Ones,Georgia Hunter,"Hunter, Georgia",,0399563083,9780399563089,0,4.42,Viking,Hardcover,403,2017,2017,,1/30/23,to-read,to-read (#476),to-read,,,,0,0
77262,Animal Dreams,Barbara Kingsolver,"Kingsolver, Barbara",,0060921145,9780060921149,0,4.08,Harper Perennial,Paperback,342,1991,1990,,1/28/23,to-read,to-read (#475),to-read,,,,0,0
6324090,Alice's Adventures in Wonderland,Lewis Carroll,"Carroll, Lewis","T.H. Robinson, Charles Pears",,,0,4,Public Domain Books,Kindle Edition,96,1997,1865,,7/5/14,"kindle, to-read","kindle (#22), to-read (#474)",to-read,,,,1,0
24945308,Winter Is Coming: Why Vladimir Putin and the Enemies of the Free World Must Be Stopped,Garry Kasparov,"Kasparov, Garry",,,9781782397878,0,4.04,Atlantic Books ,Paperback,290,2015,2015,,1/16/23,to-read,to-read (#473),to-read,,,,0,0
57850265,How High We Go in the Dark,Sequoia Nagamatsu,"Nagamatsu, Sequoia",,0063072645,9780063072640,0,3.83,William Morrow,Hardcover,293,2022,2022,,1/5/23,to-read,to-read (#472),to-read,,,,0,0
37398,"Jazz (Beloved Trilogy, #2)",Toni Morrison,"Morrison, Toni",,0452269652,9780452269651,0,3.89,Plume,Paperback,229,1993,1992,,1/2/23,to-read,to-read (#471),to-read,,,,0,0
60321447,Chip War: The Fight for the World's Most Critical Technology,Chris   Miller,"Miller, Chris",,1982172002,9781982172008,0,4.43,Scribner,Hardcover,464,2022,2022,,1/2/23,to-read,to-read (#470),to-read,,,,0,0
12962042,Summer for the Gods: The Scopes Trial and America's Continuing Debate Over Science and Religion,Edward J. Larson,"Larson, Edward J.",,,,0,3.88,,Kindle Edition,356,,1997,,3/16/14,,,read,,,,1,0
40873920,The Lost City of the Monkey God,Douglas Preston,"Preston, Douglas",,,,0,3.93,Grand Central Publishing,Kindle Edition,326,2017,2017,7/5/22,7/1/22,,,read,,,,1,0
55964195,Hell of a Book,Jason Mott,"Mott, Jason",,059333096X,9780593330968,2,4.04,Dutton,Hardcover,323,2021,2021,10/20/22,10/6/22,,,read,,,,1,0
67354,What I Believe,Bertrand Russell,"Russell, Bertrand",,0415325099,9780415325097,0,4.08,Routledge Classics,Paperback,48,2004,1925,12/30/22,12/30/22,,,read,,,,1,0
53487237,"A Swim in a Pond in the Rain: In Which Four Russians Give a Master Class on Writing, Reading, and Life",George Saunders,"Saunders, George",,1984856049,9781984856043,0,4.54,Random House,ebook,403,2021,2021,12/30/22,11/20/22,,,read,,,,1,0
54304125,The Final Revival of Opal & Nev,Dawnie Walton,"Walton, Dawnie",,198214016X,9781982140168,4,3.83,37 Ink,Hardcover,368,2021,2021,5/21/22,7/17/21,,,read,,,,1,0
53968494,Punch Me Up to the Gods,Brian Broome,"Broome, Brian",Yona Harvey,0358439108,9780358439103,4,4.33,Mariner Books,Hardcover,250,2021,2021,4/28/22,4/24/22,,,read,,,,1,0
2369,The Great Bridge: The Epic Story of the Building of the Brooklyn Bridge,David McCullough,"McCullough, David",,0743217373,9780743217378,3,4.25,Simon & Schuster,Hardcover,608,2001,1972,4/15/22,3/5/22,,,read,,,,1,0
44527740,Nothing to See Here,Kevin    Wilson,"Wilson, Kevin",,,,3,3.96,Ecco,Kindle Edition,277,2019,2019,4/11/22,3/24/22,,,read,,,,1,0
54906250,Project Hail Mary,Andy Weir,"Weir, Andy",,,,4,4.5,Ballantine Books,Kindle Edition,549,2021,2021,2/21/22,4/29/21,,,read,,,,1,0
42202807,A Beginner's Guide to the End: Practical Advice for Living Life and Facing Death,B.J. Miller,"Miller, B.J.",Shoshana Berger,1508282102,9781508282105,0,4.3,Simon  Schuster Audio,Audiobook,576,2019,,,12/24/22,to-read,to-read (#469),to-read,,,,0,0
132913,Reconstruction: America's Unfinished Revolution 1863-1877,Eric Foner,"Foner, Eric","Richard B. Morris, Henry Steele Commager",0060937165,9780060937164,0,4.21,Harper Perennial Modern Classics,Paperback,690,2002,1988,12/21/22,4/11/22,,,read,,,,1,0
25851562,The Bell Jar,Sylvia Plath,"Plath, Sylvia",,0062444476,9780062444479,4,4.06,HarperCollins,Kindle Edition,291,2015,1963,12/18/22,3/26/20,,,read,,,,1,0
3,"Harry Potter and the Sorcerer's Stone (Harry Potter, #1)",J.K. Rowling,"Rowling, J.K.",,0439554934,9780439554930,0,4.47,Scholastic Inc,Hardcover,309,2003,1997,12/14/22,12/1/22,,,read,,,,1,0
24113,"Gödel, Escher, Bach: An Eternal Golden Braid",Douglas R. Hofstadter,"Hofstadter, Douglas R.",,0465026567,9780465026562,0,4.3,Basic Books,Paperback,777,1999,1979,,12/9/22,to-read,to-read (#468),to-read,,,,0,0
59731400,The New Neighbor,Karen   Cleveland,"Cleveland, Karen",,0593358023,9780593358023,0,3.67,Ballantine Books,Hardcover,320,2022,2022,,12/6/22,to-read,to-read (#467),to-read,,,,0,0
56769571,Damascus Station (Damascus Station #1),David McCloskey,"McCloskey, David",,0393881040,9780393881042,0,4.19,W. W. Norton & Company,Hardcover,432,2021,2021,12/2/22,11/18/22,,,read,,,,1,0
332613,One Flew Over the Cuckoo’s Nest,Ken Kesey,"Kesey, Ken",,,,0,4.2,Signet,Mass Market Paperback,325,1963,1962,,12/1/22,to-read,to-read (#466),to-read,,,,0,0
77203,The Kite Runner,Khaled Hosseini,"Hosseini, Khaled",,159463193X,9781594631931,0,4.35,Riverhead Books,Paperback,371,2004,2003,,12/1/22,to-read,to-read (#465),to-read,,,,0,0
19063,The Book Thief,Markus Zusak,"Zusak, Markus",,,,0,4.39,Alfred A. Knopf,Kindle Edition,177,2006,2005,,12/1/22,to-read,to-read (#464),to-read,,,,0,0
13872,Geek Love,Katherine Dunn,"Dunn, Katherine",,0375713344,9780375713347,0,3.96,Random House Vintage,Paperback,348,2002,1989,,12/1/22,to-read,to-read (#463),to-read,,,,0,0
58916147,"Tomorrow, and Tomorrow, and Tomorrow",Gabrielle Zevin,"Zevin, Gabrielle",,,,4,4.14,Knopf ,Kindle Edition,418,2022,2022,11/24/22,11/16/22,,,read,,,,1,0
58891551,Young Mungo,Douglas   Stuart,"Stuart, Douglas",,0802159559,9780802159557,0,4.38,Grove Press,Hardcover,390,2022,2022,,11/19/22,to-read,to-read (#462),to-read,,,,0,0
60320396,The Last Chairlift,John Irving,"Irving, John",,1501189271,9781501189272,4,3.44,Simon & Schuster,Hardcover,889,2022,2022,,10/18/22,,,read,,,,2,0
56269278,The Trees,Percival Everett,"Everett, Percival",,164445064X,9781644450642,0,4.06,Graywolf Press,Paperback,309,2021,2021,,11/18/22,to-read,to-read (#461),to-read,,,,0,0
51183428,The Love Songs of W.E.B. Du Bois,Honorée Fanonne Jeffers,"Jeffers, Honorée Fanonne",,006294293X,9780062942937,0,4.51,Harper ,Hardcover,816,2021,2021,,11/18/22,to-read,to-read (#460),to-read,,,,0,0
60417483,Trespasses,Louise Kennedy,"Kennedy, Louise",,0593540891,9780593540893,0,3.98,Riverhead Books,Hardcover,304,2022,2022,,11/18/22,to-read,to-read (#459),to-read,,,,0,0
8638226,Visitation,Jenny Erpenbeck,"Erpenbeck, Jenny",Susan Bernofsky,081121835X,9780811218351,0,3.65,New Directions,Paperback,160,2010,2008,,11/18/22,to-read,to-read (#458),to-read,,,,0,0
7445,The Glass Castle,Jeannette Walls,"Walls, Jeannette",,074324754X,9780743247542,0,4.32,Scribner,Paperback,288,2006,2005,,11/18/22,to-read,to-read (#457),to-read,,,,0,0
27189194,One True Loves,Taylor Jenkins Reid,"Reid, Taylor Jenkins",,,,0,4.03,Washington Square Press,Kindle Edition,352,2016,2016,11/13/22,11/13/22,,,read,,,,1,0
21704,"The Black Dahlia (L.A. Quartet, #1)",James Ellroy,"Ellroy, James",,0446698873,9780446698870,0,3.78,Mysterious Press,Paperback,348,2006,1987,,11/9/22,to-read,to-read (#456),to-read,,,,0,0
57727,"L.A. Confidential (L.A. Quartet, #3)",James Ellroy,"Ellroy, James",,,,0,4.18,Arrow,Paperback,496,1994,1990,,11/9/22,to-read,to-read (#455),to-read,,,,0,0
41880602,Fleishman Is in Trouble,Taffy Brodesser-Akner,"Brodesser-Akner, Taffy",,0525510877,9780525510871,0,3.64,Random House,Hardcover,373,2019,2019,,11/6/22,to-read,to-read (#454),to-read,,,,0,0
40180098,The Overstory,Richard Powers,"Powers, Richard",,039335668X,9780393356687,0,4.12,W.W. Norton & Company,Paperback,502,2019,2018,,11/6/22,to-read,to-read (#453),to-read,,,,0,0
17375,The Meaning of It All: Thoughts of a Citizen-Scientist,Richard P. Feynman,"Feynman, Richard P.",,0465023940,9780465023943,0,3.98,Basic Books,Paperback,144,2005,1998,,11/3/22,to-read,to-read (#452),to-read,,,,0,0
10686016,"Dissolving the Ego, Realizing the Self: Contemplations from the Teachings of David R. Hawkins, M.D., Ph.D.",David R. Hawkins,"Hawkins, David R.",Scott Jeffrey,1401931154,9781401931155,0,4.3,Hay House LLC,Paperback,220,2011,2011,,11/3/22,to-read,to-read (#451),to-read,,,,0,0
54785515,Four Thousand Weeks: Time Management for Mortals,Oliver Burkeman,"Burkeman, Oliver",,0374159122,9780374159122,0,4.21,"Farrar, Straus and Giroux",Hardcover,271,2021,2021,,11/3/22,to-read,to-read (#450),to-read,,,,0,0
41795733,Range: Why Generalists Triumph in a Specialized World,David   Epstein,"Epstein, David",,0735214484,9780735214484,0,4.14,Riverhead Books,Hardcover,352,2019,2019,,10/30/22,to-read,to-read (#449),to-read,,,,0,0
184612,Black Reconstruction in America 1860-1880,W.E.B. Du Bois,"Bois, W.E.B. Du",David Levering Lewis,0684856573,9780684856575,0,4.51,Free Press,Paperback,746,1998,1935,,10/25/22,to-read,to-read (#448),to-read,,,,0,0
53288891,"Aftermath: Life in the Fallout of the Third Reich, 1945–1955",Harald Jähner,"Jähner, Harald",,075355786X,9780753557860,4,4.08,WH Allen,Hardcover,400,2021,2019,10/6/22,2/18/22,,,read,,,,1,0
9469387,Strong Motion,Jonathan Franzen,"Franzen, Jonathan",,,,3,3.53,"Farrar, Straus and Giroux",Kindle Edition,530,2010,1992,10/25/22,12/21/10,,,read,,,,1,0
775985,The Black Jacobins: Toussaint L'Ouverture and the San Domingo Revolution,C.L.R. James,"James, C.L.R.",,0679724672,9780679724674,0,4.39,Vintage,Paperback,428,1989,1938,,10/9/22,to-read,to-read (#447),to-read,,,,0,0
59808605,Strangers to Ourselves: Unsettled Minds and the Stories That Make Us,Rachel Aviv,"Aviv, Rachel",,0374600848,9780374600846,0,4.11,"Farrar, Straus and Giroux",Hardcover,288,2022,2022,,10/9/22,to-read,to-read (#446),to-read,,,,0,0
60471573,Liberation Day,George Saunders,"Saunders, George",,0525509593,9780525509592,0,3.99,Random House,Hardcover,256,2022,2022,,10/2/22,to-read,to-read (#445),to-read,,,,0,0
54789386,No Country for Old Men,Cormac McCarthy,"McCarthy, Cormac",,,,0,4.16,Vintage,Kindle Edition,322,2007,2005,9/26/22,9/12/22,,,read,,,,1,0
19305692,The Singer's Gun (manuscript),John Emily,"Emily, John",,1936071886,9781936071883,4,3.83,Unbridled Books,Kindle Edition,301,2010,2010,10/2/22,9/27/22,,,read,,,,1,0
87436,The Hedgehog and the Fox: An Essay on Tolstoy's View of History,Isaiah Berlin,"Berlin, Isaiah",,1566630193,9781566630191,0,4.04,"Ivan R. Dee, Publisher",Paperback,95,1993,1953,,9/20/22,to-read,to-read (#444),to-read,,,,0,0
21119,The Ethics of Ambiguity,Simone de Beauvoir,"Beauvoir, Simone de",Bernard Frechtman,080650160X,9780806501604,0,4.18,Citadel,Paperback,162,2000,1947,,9/20/22,to-read,to-read (#443),to-read,,,,0,0
34459,Metaphors We Live By,George Lakoff,"Lakoff, George",Mark  Johnson,0226468011,9780226468013,0,4.1,University of Chicago Press,Paperback,276,2003,1980,,9/20/22,to-read,to-read (#442),to-read,,,,0,0
29868607,The Unreal and the Real: The Selected Short Stories of Ursula K. Le Guin,Ursula K. Le Guin,"Guin, Ursula K. Le",,1481475967,9781481475969,0,4.23,S&S/Saga Press,Hardcover,715,2016,2013,,9/20/22,to-read,to-read (#441),to-read,,,,0,0
44065062,Something Deeply Hidden: Quantum Worlds and the Emergence of Spacetime,Sean Carroll,"Carroll, Sean",,1524743011,9781524743017,0,4.07,Dutton,Hardcover,347,2019,2019,,9/20/22,to-read,to-read (#440),to-read,,,,0,0
52783845,"Enemy of All Mankind: A True Story of Piracy, Power, and History's First Global Manhunt",Steven Johnson,"Johnson, Steven",,0735211604,9780735211605,3,3.89,Riverhead Books,Hardcover,286,2020,2020,9/13/22,8/29/22,,,read,,,,1,0
58103369,"East West Street: On the Origins of ""Genocide"" and ""Crimes Against Humanity""",Philippe Sands,"Sands, Philippe",,,,0,4.46,Vintage,Kindle Edition,436,,2016,9/12/22,7/22/22,,,read,,,,1,0
6649378,My Confession / My Religion / The Gospel in Brief,Leo Tolstoy,"Tolstoy, Leo",,,,0,4.2,Thomas Y. Crowell & Co,Leather Bound,453,1899,1899,,9/7/22,to-read,to-read (#439),to-read,,,,0,0
58701443,Summer for the Gods: The Scopes Trial and America's Continuing Debate Over Science and Religion,Edward J. Larson,"Larson, Edward J.",,,,0,3.88,Basic Books,ebook,,,1997,6/17/22,5/8/22,,,read,,,,1,0
20550359,The Lola Quartet,Emily St. John Mandel,"Mandel, Emily St. John",,1609530802,9781609530808,3,3.56,Vintage,Kindle Edition,285,2012,2012,9/5/22,9/2/22,,,read,,,,1,0
235977,Never Mind the Pollacks: A Rock and Roll Novel,Neal Pollack,"Pollack, Neal",,0060527919,9780060527914,0,3.38,Harper Perennial,Paperback,288,2004,2007,,9/5/22,to-read,to-read (#438),to-read,,,,0,0
59815561,Station Eleven,Emily St. John Mandel,"Mandel, Emily St. John",,,,4,4.07,Vintage ,Kindle Edition,353,2021,2014,6/3/22,1/2/22,,,read,,,,1,0
54626223,"Harlem Shuffle (Ray Carney, #1)",Colson Whitehead,"Whitehead, Colson",,0385545134,9780385545136,4,3.73,Doubleday,Hardcover,318,2021,2021,6/5/22,9/23/21,favorites,favorites (#28),read,,,,1,0
143999,South: The Story of Shackleton's Last Expedition 1914-1917,Ernest Shackleton,"Shackleton, Ernest","Frank Hurley, Peter          King",0712664122,9780712664127,0,4.2,Penguin Books,Paperback,374,1999,1919,,9/5/22,to-read,to-read (#437),to-read,,,,0,0
320,One Hundred Years of Solitude,Gabriel García Márquez,"Márquez, Gabriel García",Gregory Rabassa,,,0,4.12,Harper,Mass Market Paperback,417,2003,1967,,9/3/22,to-read,to-read (#436),to-read,,,,0,0
51045613,Deacon King Kong,James   McBride,"McBride, James",,073521672X,9780735216723,0,4.17,Riverhead Books,Hardcover,370,2020,2020,,9/2/22,to-read,to-read (#435),to-read,,,,0,0
40597810,Daisy Jones & The Six,Taylor Jenkins Reid,"Reid, Taylor Jenkins",,1524798622,9781524798628,0,4.2,Ballantine Books,Hardcover,368,2019,2019,,9/1/22,to-read,to-read (#434),to-read,,,,0,0
1857440,"John Dies at the End (John Dies at the End, #1)",David  Wong,"Wong, David",Jason Pargin,0978970764,9780978970765,0,3.87,Permuted Pr,Paperback,362,2007,2007,,8/31/22,to-read,to-read (#433),to-read,,,,0,0
420966,Wilt,Tom Sharpe,"Sharpe, Tom",,0099435489,9780099435488,0,3.95,"Arrow Books, Limited",Paperback,336,2004,1976,,8/31/22,to-read,to-read (#432),to-read,,,,0,0
32620332,The Seven Husbands of Evelyn Hugo,Taylor Jenkins Reid,"Reid, Taylor Jenkins",,1501139231,9781501139239,0,4.41,Atria Books,Hardcover,389,2017,2017,8/28/22,3/26/20,drive-to-ms,drive-to-ms (#4),read,,,,1,0
40909438,"Stony the Road: Reconstruction, White Supremacy, and the Rise of Jim Crow",Henry Louis Gates Jr.,"Jr., Henry Louis Gates",,0525559531,9780525559535,0,4.16,Penguin Press,Hardcover,296,2019,2019,8/28/22,7/29/22,,,read,,,,1,0
60675835,"Red Hot City: Housing, Race, and Exclusion in Twenty-First-Century Atlanta",Dan Immergluck,"Immergluck, Dan",,0520387643,9780520387645,0,3.99,University of California Press,Paperback,341,2022,,,8/27/22,to-read,to-read (#431),to-read,,,,0,0
612456,Carrying the Fire: An Astronaut's Journey,Michael  Collins,"Collins, Michael",,081541028X,9780815410287,0,4.49,Cooper Square Press,Paperback,478,2001,1974,,8/24/22,to-read,to-read (#430),to-read,,,,0,0
6675890,We Seven: By the Astronauts Themselves,Scott Carpenter,"Carpenter, Scott","L. Gordon Cooper Jr., John Glenn, Virgil I. Grissom, Alan Shepard, Donald K. Slayton, Scott M. Carpenter",1439181039,9781439181034,0,4.09,Simon & Schuster (NY),Paperback,352,2010,1962,,8/24/22,to-read,to-read (#429),to-read,,,,0,0
141499,Failure is Not an Option: Mission Control From Mercury to Apollo 13 and Beyond,Gene Kranz,"Kranz, Gene",,0425179877,9780425179871,0,4.3,Berkley Trade,Paperback,416,2001,2000,,8/24/22,to-read,to-read (#428),to-read,,,,0,0
15683,Lyrical and Critical Essays,Albert Camus,"Camus, Albert","Ellen Conroy Kennedy, Philip Thody",0394708520,9780394708522,0,4.3,"Vintage Books/Alfred A. Knopf/Random House, Inc.",Mass Market Paperback,384,1970,,,8/18/22,to-read,to-read (#427),to-read,,,,0,0
55751460,Forget the Alamo: The Rise and Fall of an American Myth,Bryan Burrough,"Burrough, Bryan","Chris Tomlinson, Jason Stanford",1984880101,9781984880109,0,4.26,Penguin Press,Kindle Edition,432,2021,2021,8/17/22,3/6/22,,,read,,,,1,0
53568397,The Midnight Library,Matt Haig,"Haig, Matt",,0525559485,9780525559481,4,3.99,Viking ,Kindle Edition,289,2020,2020,7/6/22,7/5/22,,,read,,,,1,0
53746816,Foregone,Russell Banks,"Banks, Russell",,0063036754,9780063036758,3,3.25,Ecco,Hardcover,320,2021,2021,7/21/22,7/14/22,,,read,,,,1,0
57865157,The Hard Sell: Crime and Punishment at an Opioid Startup,Evan Hughes,"Hughes, Evan",,0385544901,9780385544900,4,4.05,Doubleday,Hardcover,288,2022,2022,7/25/22,6/25/22,drive-to-ms,drive-to-ms (#1),read,,,,1,0
45999201,The Glass Hotel,Emily St. John Mandel,"Mandel, Emily St. John",,0525521151,9780525521150,4,3.69,Alfred A. Knopf,ebook,302,2020,2020,8/2/22,7/25/22,,,read,,,,1,0
58601245,Sea of Tranquility,Emily St. John Mandel,"Mandel, Emily St. John",,,,3,4.07,Knopf,Kindle Edition,226,2022,2022,8/5/22,6/13/22,,,read,,,,1,0
57109107,The Lincoln Highway,Amor Towles,"Towles, Amor",,0735222355,9780735222359,4,4.23,Viking,Hardcover,576,2021,2021,8/14/22,9/23/21,,,read,,,,1,0
53916158,Origin: A Genetic History of the Americas,Jennifer Raff,"Raff, Jennifer",,1538749718,9781538749715,0,3.79,Twelve,Hardcover,368,2022,2022,,7/24/22,to-read,to-read (#426),to-read,,,,0,0
58154664,Emotional: How Feelings Shape Our Thinking,Leonard Mlodinow,"Mlodinow, Leonard",,1524747599,9781524747596,0,3.84,Pantheon,Hardcover,272,2022,2022,,7/24/22,to-read,to-read (#425),to-read,,,,0,0
33937,The Richness of Life: The Essential Stephen Jay Gould,Stephen Jay Gould,"Gould, Stephen Jay","Oliver Sacks, Steven Rose",0393064980,9780393064988,0,4.28,W. W. Norton  Company,Hardcover,672,2007,2006,,7/24/22,to-read,to-read (#424),to-read,,,,0,0
25570870,The Billion Dollar Spy: A True Story of Cold War Espionage and Betrayal,David E. Hoffman,"Hoffman, David E.",,,,4,4.23,Anchor,Kindle Edition,310,2015,2015,7/21/22,7/11/22,drive-to-ms,drive-to-ms (#6),read,,,,1,0
42603,Black Like Me,John Howard Griffin,"Griffin, John Howard",,0451208641,9780451208644,0,4.11,Berkley,Paperback,208,2003,1961,,7/18/22,to-read,to-read (#423),to-read,,,,0,0
54102733,Killers of the Flower Moon: The Osage Murders and the Birth of the FBI,David Grann,"Grann, David",,,,0,4.14,Vintage,Kindle Edition,347,2017,2017,7/16/22,7/11/22,drive-to-ms,drive-to-ms (#7),read,,,,1,0
53091994,Black Buck,Mateo Askaripour,"Askaripour, Mateo",,,,0,3.71,Houghton Mifflin Harcourt,Hardcover,388,2021,2021,,7/12/22,stopped-reading,stopped-reading (#12),stopped-reading,,,,0,0
11447921,Beautiful Ruins,Jess Walter,"Walter, Jess",,0061928127,9780061928123,0,3.68,Harper,Hardcover,337,2012,2012,,7/11/22,to-read,to-read (#422),to-read,,,,0,0
257845,True Grit,Charles Portis,"Portis, Charles",,1585673692,9781585673698,0,4.17,Overlook Press,Paperback,224,2002,1968,,7/11/22,to-read,to-read (#421),to-read,,,,0,0
85210,Killshot,Elmore Leonard,"Leonard, Elmore",,0060512245,9780060512248,0,3.74,Mariner Books,Mass Market Paperback,334,2003,1989,,7/11/22,to-read,to-read (#420),to-read,,,,0,0
214240,"Carry Me Home: Birmingham, Alabama: The Climactic Battle of the Civil Rights Revolution",Diane McWhorter,"McWhorter, Diane",,0743217721,9780743217729,0,4.21,Simon & Schuster,Paperback,720,2002,2001,,3/16/14,"to-read, drive-to-ms","to-read (#81), drive-to-ms (#5)",to-read,,,,0,0
55276620,South to America: A Journey Below the Mason Dixon to Understand the Soul of a Nation,Imani Perry,"Perry, Imani",,0062977407,9780062977403,0,3.97,Ecco,Hardcover,410,2022,2022,,1/26/22,"to-read, drive-to-ms","to-read (#402), drive-to-ms (#3)",to-read,,,,0,0
40180010,Mind Fixers: Psychiatry's Troubled Search for the Biology of Mental Illness,Anne Harrington,"Harrington, Anne",,0393071227,9780393071221,0,4.16,W. W. Norton & Company,Hardcover,384,2019,2019,,5/8/22,"to-read, drive-to-ms","to-read (#416), drive-to-ms (#2)",to-read,,,,0,0
24913473,"Relax, It's Just God: How and Why to Talk to Your Kids About Religion When You're Not Religious",Wendy Thomas Russell,"Russell, Wendy Thomas",,1941932002,9781941932001,0,4.3,Brown Paper Press,Paperback,196,2015,2015,,7/6/22,"parenting, to-read","parenting (#4), to-read (#419)",to-read,,,,0,0
25937922,"Patient H.M.: A Story of Memory, Madness, and Family Secrets",Luke Dittrich,"Dittrich, Luke",,0812992733,9780812992731,4,3.85,Random House,Hardcover,440,2016,2016,3/7/21,1/30/21,favorites,favorites (#30),read,,,,1,0
54144854,This Is How They Tell Me the World Ends: The Cyberweapons Arms Race,Nicole Perlroth,"Perlroth, Nicole",,1635576067,9781635576061,4,4.33,Bloomsbury Publishing,Kindle Edition,505,2021,2021,1/23/22,2/6/21,favorites,favorites (#29),read,,,,1,0
61159530,The Scout Mindset: Why Some People See Things Clearly and Others Don't,Julia Galef,"Galef, Julia",,,,0,4.11,Portfolio,Kindle Edition,287,,2021,7/1/22,3/16/21,,,read,,,,1,0
53398908,Fundamentals: Ten Keys to Reality,Frank Wilczek,"Wilczek, Frank",,0735223793,9780735223790,0,3.9,Penguin Press,Hardcover,272,2021,2021,6/24/22,2/23/21,,,read,,,,1,0
57621073,Bewilderment,Richard Powers,"Powers, Richard",,0393881156,9780393881158,3,3.91,W. W. Norton & Company,Kindle Edition,288,2021,2021,6/15/22,9/26/21,,,read,,,,1,0
18526646,Misbehaving Science: Controversy and the Development of Behavior Genetics,Aaron Panofsky,"Panofsky, Aaron",,022605831X,9780226058313,0,4.22,University of Chicago Press,Hardcover,320,2014,2014,,6/7/22,to-read,to-read (#417),to-read,,,,0,0
39712929,Tenth of December,George Saunders,"Saunders, George",,,,4,3.98,Random House,Kindle Edition,271,2013,2013,6/7/22,1/8/22,,,read,,,,1,0
40067,Thunderstruck,Erik Larson,"Larson, Erik",,1400080665,9781400080663,3,3.77,Crown,Hardcover,463,2006,2006,5/24/22,3/5/22,,,read,,,,1,0
56325260,On Juneteenth,Annette Gordon-Reed,"Gordon-Reed, Annette",,1631498843,9781631498848,0,4.18,Liveright,Kindle Edition,152,2021,2021,5/23/22,4/11/22,,,read,,,,1,0
38463,If Beale Street Could Talk,James Baldwin,"Baldwin, James",,0307275930,9780307275936,0,4.27,Vintage,Paperback,197,2006,1974,5/8/22,5/4/22,,,read,,,,1,0
464260,The Fire Next Time,James Baldwin,"Baldwin, James",,067974472X,9780679744726,0,4.55,Vintage,Paperback,106,1992,1963,5/4/22,12/9/15,kindle,kindle (#49),read,,,,1,0
2590136,"Barracoon: The Story of the Last ""Black Cargo""",Zora Neale Hurston,"Hurston, Zora Neale",,0060921706,9780060921705,0,4.04,HarperCollins Publishers,Paperback,193,2018,2018,,2/21/22,stopped-reading,stopped-reading (#11),stopped-reading,,,,0,0
43852758,How To: Absurd Scientific Advice for Common Real-World Problems,Randall Munroe,"Munroe, Randall",,0525537090,9780525537090,0,4.16,Riverhead Books,Hardcover,308,2019,2019,5/2/22,4/29/22,,,read,,,,1,0
30594,"Speak, Memory",Vladimir Nabokov,"Nabokov, Vladimir",,,,0,4.08,Penguin,Paperback,255,2000,1966,,4/29/22,to-read,to-read (#415),to-read,,,,0,0
132917,"A Short History of Reconstruction, 1863-1877",Eric Foner,"Foner, Eric",,0060964316,9780060964313,0,4.03,Perennial,Paperback,297,1990,1990,,4/11/22,to-read,to-read (#414),to-read,,,,0,0
126584,Mind Hunter: Inside the FBI's Elite Serial Crime Unit,John E. Douglas,"Douglas, John E.",Mark Olshaker,0671528904,9780671528904,0,4.09,Pocket Books,Mass Market Paperback,397,1996,1995,,4/10/22,to-read,to-read (#413),to-read,,,,0,0
56430139,"Shape: The Hidden Geometry of Information, Biology, Strategy, Democracy, and Everything Else",Jordan Ellenberg,"Ellenberg, Jordan",,1984879065,9781984879066,0,3.73,Penguin Press,Kindle Edition,480,2021,2021,4/2/22,5/19/21,,,read,,,,1,0
20518872,"The Three-Body Problem (Remembrance of Earth’s Past, #1)",Liu Cixin,"Cixin, Liu",Ken Liu,,,0,4.08,Tor Books,Hardcover,472,2014,2006,3/29/22,2/27/22,,,read,,,,1,0
57957425,"The Frontiers of Knowledge: What We Know About Science, History and The Mind",A.C. Grayling,"Grayling, A.C.",,,,0,4.01,Penguin,Kindle Edition,417,2021,,,3/24/22,to-read,to-read (#411),to-read,,,,0,0
56893520,"The Bomber Mafia: A Dream, a Temptation, and the Longest Night of the Second World War",Malcolm Gladwell,"Gladwell, Malcolm",,0316296937,9780316296939,0,4.03,"Little, Brown And Company",ebook,179,2021,2021,3/24/22,4/10/21,,,read,,,,1,0
2550584,A Fire You Can't Put Out: The Civil Rights Life of Birmingham's Reverend Fred Shuttlesworth (Religion and American Culture),Andrew M. Manis,"Manis, Andrew M.",,0817311564,9780817311568,0,4.33,University Alabama Press,Paperback,576,2001,1999,,3/17/22,to-read,to-read (#410),to-read,,,,0,0
51791252,The Vanishing Half,Brit Bennett,"Bennett, Brit",,0525536299,9780525536291,4,4.14,Riverhead Books,Hardcover,343,2020,2020,3/17/22,3/6/22,,,read,,,,1,0
10756,The Sword and the Shield: The Mitrokhin Archive and the Secret History of the KGB,Christopher Andrew,"Andrew, Christopher",Vasili Mitrokhin,0465003125,9780465003129,0,3.93,Basic Books,Paperback,736,1999,1985,,3/13/22,to-read,to-read (#409),to-read,,,,0,0
50535801,Seven And A Half Lessons About The Brain,Lisa Feldman Barrett,"Barrett, Lisa Feldman",,0358157129,9780358157120,0,4.04,Mariner Books,Kindle Edition,0,2020,2020,3/12/22,4/22/21,,,read,,,,1,0
36217163,"The Road to Unfreedom: Russia, Europe, America",Timothy Snyder,"Snyder, Timothy",,0525574468,9780525574460,0,4.36,Tim Duggan Books,Hardcover,359,2018,2018,,6/17/18,paused-and-may-try-again-perhaps,paused-and-may-try-again-perhaps (#5),paused-and-may-try-again-perhaps,,,,0,0
6572270,Bloodlands: Europe Between Hitler and Stalin,Timothy Snyder,"Snyder, Timothy",,0465002390,9780465002399,0,4.39,Basic Books,Hardcover,524,2010,2010,,2/21/22,to-read,to-read (#407),to-read,,,,0,0
59657079,"Christopher Hitchens: What He Got Right, How He Went Wrong, and Why it Matters",Ben Burgis,"Burgis, Ben",,1789047455,9781789047455,0,3.54,Zer0 Books,Paperback,160,2022,,,2/15/22,to-read,to-read (#406),to-read,,,,0,0
21996,The Devil in the White City,Erik Larson,"Larson, Erik",Tony Goldwyn,0739303406,9780739303405,0,4,Random House Audio Publishing Group,Paperback,496,2003,2003,2/15/22,7/5/14,,,read,,,,1,0
394535,"Blood Meridian, or, the Evening Redness in the West",Cormac McCarthy,"McCarthy, Cormac",,,,0,4.16,Vintage Books,Paperback,351,2010,1985,,2/8/22,to-read,to-read (#405),to-read,,,,0,0
16735,The Prince of Tides,Pat Conroy,"Conroy, Pat",,0553381547,9780553381542,0,4.26,Dial Press Trade Paperback,Paperback,679,2002,1986,,1/31/22,to-read,to-read (#404),to-read,,,,0,0
60944,Meridian,Alice Walker,"Walker, Alice",,075381949X,9780753819494,0,3.75,Phoenix Paperbacks,Paperback,262,2004,1976,,1/31/22,to-read,to-read (#403),to-read,,,,0,0
54680228,"We Are Bellingcat: Global Crime, Online Sleuths, and the Bold Future of News",Eliot Higgins,"Higgins, Eliot",,1635577306,9781635577303,0,4.12,Bloomsbury Publishing,Hardcover,272,2021,2021,,1/23/22,to-read,to-read (#401),to-read,,,,0,0
43723901,Lifespan: Why We Age―and Why We Don't Have To,David A. Sinclair,"Sinclair, David A.",,1501191977,9781501191978,0,4.14,Atria Books,Hardcover,432,2019,2019,,1/22/22,to-read,to-read (#400),to-read,,,,0,0
18999,"Smiley's People (George Smiley, #7; Karla Trilogy, #3)",John Le Carré,"Carré, John Le",,0743455800,9780743455800,0,4.29,Scribner,Paperback,397,2002,1979,,1/22/22,to-read,to-read (#399),to-read,,,,0,0
35574990,Wonderland: How Play Made the Modern World,Steven Johnson,"Johnson, Steven",,039918449X,9780399184499,0,3.84,Riverhead Books,Paperback,336,2017,2016,1/22/22,1/9/22,,,read,,,,1,0
134825,The Cathedral & the Bazaar: Musings on Linux and Open Source by an Accidental Revolutionary,Eric S. Raymond,"Raymond, Eric S.",,0596001088,9780596001087,0,3.83,O'Reilly Media,Paperback,241,2001,1999,,1/16/22,to-read,to-read (#398),to-read,,,,0,0
4339,Dispatches,Michael Herr,"Herr, Michael",,0679735259,9780679735250,4,4.22,Vintage,Paperback,260,1991,1977,1/8/22,6/24/16,,,read,,,,1,0
28814679,The Earth Is Weeping: The Epic Story of the Indian Wars for the American West,Peter Cozzens,"Cozzens, Peter",,0307958043,9780307958044,0,4.28,Knopf,Hardcover,544,2016,2016,10/24/21,1/25/21,2021,2021 (#2),read,,,,1,0
36425475,Mislaid,Nell Zink,"Zink, Nell",,,,0,3.29,Ecco,Kindle Edition,305,2015,2015,12/14/21,12/12/21,,,read,,,,1,0
50535901,Black Boy,Richard Wright,"Wright, Richard","John Edgar Wideman, Malcolm Wright",,,0,4.09,Harper Perennial Modern Classics,Kindle Edition,464,2020,1945,12/28/21,12/17/16,kindle,kindle (#39),read,,,,1,0
52767659,The End of Everything (Astrophysically Speaking),Katie  Mack,"Mack, Katie",,198210354X,9781982103545,0,4.26,Scribner,Hardcover,226,2020,2020,,12/25/21,to-read,to-read (#397),to-read,,,,0,0
53336614,The Man Who Lived Underground,Richard Wright,"Wright, Richard",,1598536761,9781598536768,0,3.95,Library of America,Hardcover,240,2021,2021,,12/24/21,to-read,to-read (#396),to-read,,,,0,0
38485991,The Skeptics' Guide to the Universe: How to Know What's Really Real in a World Increasingly Full of Fake,Steven Novella,"Novella, Steven",,,,0,4.4,Grand Central Publishing,Kindle Edition,448,2018,2018,,12/23/21,to-read,to-read (#395),to-read,,,,0,0
57359691,"Invisible Child: Poverty, Survival & Hope in an American City",Andrea Elliott,"Elliott, Andrea",,0812986946,9780812986945,0,4.71,Random House,Hardcover,602,2021,2021,,12/23/21,to-read,to-read (#394),to-read,,,,0,0
56179313,Being a Human: Adventures in Forty Thousand Years of Consciousness,Charles Foster,"Foster, Charles",,1250783712,9781250783714,0,3.53,Metropolitan Books,Hardcover,400,2021,2021,,12/23/21,to-read,to-read (#393),to-read,,,,0,0
522525,"Mistakes Were Made, but Not by Me: Why We Justify Foolish Beliefs, Bad Decisions, and Hurtful Acts",Carol Tavris,"Tavris, Carol",Elliot Aronson,0151010986,9780151010981,0,4.04,Houghton Mifflin Harcourt,Hardcover,292,2007,2007,12/22/21,9/30/19,,,read,,,,1,0
23282367,"The Three Governors Controversy: Skullduggery, Machinations, and the Decline of Georgia's Progressive Politics",Charles S. Bullock III,"III, Charles S. Bullock","Scott E. Buchanan, Ronald Keith Gaddie",0820347345,9780820347349,0,4.15,University of Georgia Press,Hardcover,312,2015,2015,,12/21/21,to-read,to-read (#392),to-read,,,,0,0
54140556,Working in Public: The Making and Maintenance of Open Source Software,Nadia Eghbal,"Eghbal, Nadia",,0578675862,9780578675862,0,3.94,Stripe Press,Hardcover,252,2020,2020,,12/21/21,to-read,to-read (#391),to-read,,,,0,0
198289,Fields of Fire,James Webb,"Webb, James",,0553583859,9780553583854,0,4.21,Bantam,Mass Market Paperback,457,2001,1978,,12/19/21,to-read,to-read (#390),to-read,,,,0,0
58132545,The Naked Don't Fear the Water: An Underground Journey with Afghan Refugees,Matthieu Aikins,"Aikins, Matthieu",,0063058588,9780063058583,0,4.18,Harper,Hardcover,336,2022,2022,,12/14/21,to-read,to-read (#389),to-read,,,,0,0
42760453,How Emotions Are Made: The Secret Life of the Brain,Lisa Feldman Barrett,"Barrett, Lisa Feldman",,,,0,4.1,Houghton Mifflin Harcourt,Kindle Edition,449,2017,2017,12/13/21,7/10/21,,,read,,,,1,0
56269264,The Dawn of Everything: A New History of Humanity,David Graeber,"Graeber, David",David Wengrow,0374157359,9780374157357,0,4.2,"Farrar, Straus and Giroux",Hardcover,692,2021,2021,,12/11/21,to-read,to-read (#388),to-read,,,,0,0
34275225,My Ex-Life,Stephen McCauley,"McCauley, Stephen",,1250122430,9781250122438,0,3.7,Flatiron Books,Hardcover,324,2018,2018,11/19/21,6/1/18,,,read,,,,1,0
22551730,Dead Wake: The Last Crossing of the Lusitania,Erik Larson,"Larson, Erik",,0307408868,9780307408860,0,4.12,Crown Publishers,Hardcover,430,2015,2015,11/12/21,8/18/16,,,read,,,,1,0
50088631,Hidden Valley Road: Inside the Mind of an American Family,Robert Kolker,"Kolker, Robert",,038554376X,9780385543767,0,4.16,Doubleday ,Hardcover,377,2020,2020,11/9/21,10/3/21,,,read,,,,1,0
19847968,The Spy Who Came in from the Cold,John Le Carré,"Carré, John Le",,,,0,4.08,Penguin Books,Kindle Edition,213,2012,1963,,10/29/21,to-read,to-read (#387),to-read,,,,0,0
7604,Lolita,Vladimir Nabokov,"Nabokov, Vladimir",Craig Raine,0679723161,9780679723165,0,3.88,Penguin,Paperback,368,1995,1955,,9/26/21,to-read,to-read (#385),to-read,,,,0,0
42201100,Three Women,Lisa Taddeo,"Taddeo, Lisa",,1451642296,9781451642292,0,3.72,Avid Reader Press ,Hardcover,306,2019,2019,9/23/21,9/14/21,,,read,,,,1,0
11989,The Plague,Albert Camus,"Camus, Albert",Stuart Gilbert,,,0,4.02,Vintage International,Paperback,308,1991,1947,,9/6/21,to-read,to-read (#384),to-read,,,,0,0
56645964,No One Will Miss Her,Kat Rosenfield,"Rosenfield, Kat",,0063057018,9780063057012,0,3.74,William Morrow,Hardcover,304,2021,2021,,8/27/21,to-read,to-read (#383),to-read,,,,0,0
37542581,The Spy and the Traitor: The Greatest Espionage Story of the Cold War,Ben Macintyre,"Macintyre, Ben",,0771060335,9780771060335,0,4.52,Signal,Hardcover,384,2018,2018,8/14/21,6/15/21,,,read,,,,1,0
15794250,The Big Truck that Went By: How the World Came to Save Haiti and Left Behind a Disaster,Jonathan M. Katz,"Katz, Jonathan M.",,023034187X,9780230341876,0,4.12,St. Martin's Press,Hardcover,320,2013,2013,,8/10/21,to-read,to-read (#382),to-read,,,,0,0
17262116,"Brave Genius: A Scientist, a Philosopher, and Their Daring Adventures from the French Resistance to the Nobel Prize",Sean B. Carroll,"Carroll, Sean B.",,0307952339,9780307952332,0,4.27,"Broadway Books, Crown Publishers",Hardcover,592,2013,2013,8/4/21,1/1/21,,,read,,,,1,0
38092208,Unthinkable: An Extraordinary Journey Through the World's Strangest Brains,Helen  Thomson,"Thomson, Helen",,,,0,3.99,Ecco,Kindle Edition,278,2018,2018,7/25/21,7/10/21,,,read,,,,1,0
58126455,Foreign Teachers,Sam  Wade,"Wade, Sam",,,,0,4.08,Self-Published,Kindle Edition,,2021,,,7/17/21,to-read,to-read (#381),to-read,,,,0,0
20663088,The Long and Faraway Gone,Lou Berney,"Berney, Lou",,0062292439,9780062292438,0,3.97,William Morrow/HarperCollins,Paperback,454,2015,2015,,7/16/21,to-read,to-read (#380),to-read,,,,0,0
55245588,November Road,Lou Berney,"Berney, Lou",,,,0,3.87,William Morrow,Kindle Edition,320,2018,2018,7/15/21,5/4/20,,,read,,,,1,0
223380,Stories of Your Life and Others,Ted Chiang,"Chiang, Ted",,0330426648,9780330426640,0,4.26,Small Beer Press,ebook,281,2010,2002,7/10/21,10/16/19,,,read,,,,1,0
36204378,The Book of Why: The New Science of Cause and Effect,Judea Pearl,"Pearl, Judea",Dana Mackenzie,046509760X,9780465097609,0,3.94,Basic Books,Hardcover,432,2018,2018,,12/20/18,to-read,to-read (#282),to-read,,,,0,0
15749201,The Amazing Adventures of Kavalier & Clay,Michael Chabon,"Chabon, Michael",,0812983580,9780812983586,0,4.18,Random House,Kindle Edition,658,2012,2000,7/9/21,11/25/14,,,read,,,,1,0
13369245,Wonder Boys,Michael Chabon,"Chabon, Michael",,,,0,3.93,,Kindle Edition,388,,1995,,7/8/21,to-read,to-read (#379),to-read,,,,0,0
19042005,The Manchurian Candidate,Richard Condon,"Condon, Richard",,0795335075,9780795335075,0,4.09,RosettaBooks,Kindle Edition,339,2013,1959,,11/12/14,"to-read, kindle","to-read (#131), kindle (#25)",to-read,,,,0,0
20693359,A Man Called Intrepid: The Incredible True Story of the Master Spy Who Helped Win World War II,William Stevenson,"Stevenson, William",,,,0,4.28,Skyhorse,Kindle Edition,638,2013,1976,,11/12/14,"to-read, kindle","to-read (#130), kindle (#26)",to-read,,,,0,0
20893314,A Brief History of Seven Killings,Marlon James,"James, Marlon",,159448600X,9781594486005,0,3.89,Riverhead Books,Hardcover,688,2014,2014,,1/21/15,to-read,to-read (#149),to-read,,,,0,0
52090,Eichmann in Jerusalem: A Report on the Banality of Evil,Hannah Arendt,"Arendt, Hannah",,,,0,4.2,Penguin Classics,Paperback,312,2006,1963,,7/8/21,to-read,to-read (#378),to-read,,,,0,0
28586585,World's End (Lanny Budd #1),Upton Sinclair,"Sinclair, Upton",,,,0,4.14,Open Road Media,Kindle Edition,920,2016,1940,,7/8/21,to-read,to-read (#377),to-read,,,,0,0
55643282,"Drunk: How We Sipped, Danced, and Stumbled Our Way to Civilization",Edward Slingerland,"Slingerland, Edward",,0316453382,9780316453387,0,3.81,"Little, Brown Spark",Hardcover,369,2021,2021,,6/26/21,to-read,to-read (#376),to-read,,,,0,0
53330118,"Chatter: The Voice in Our Head, Why It Matters, and How to Harness It",Ethan Kross,"Kross, Ethan",,0525575235,9780525575238,0,3.97,Crown Publishing Group,Hardcover,272,2021,2021,,6/23/21,to-read,to-read (#375),to-read,,,,0,0
55339408,Noise: A Flaw in Human Judgment,Daniel Kahneman,"Kahneman, Daniel","Olivier Sibony, Cass R. Sunstein",0316451401,9780316451406,0,3.67,"Little, Brown Spark",Hardcover,454,2021,2021,6/19/21,2/20/21,,,read,,,,1,0
50086786,"Lights Out: Pride, Delusion, and the Fall of General Electric",Thomas Gryta,"Gryta, Thomas",Ted Mann,0358250412,9780358250418,0,3.92,Houghton Mifflin Harcourt,Hardcover,368,2020,2020,,6/15/21,to-read,to-read (#374),to-read,,,,0,0
15783514,The Ocean at the End of the Lane,Neil Gaiman,"Gaiman, Neil",,0062255657,9780062255655,3,4.02,William Morrow Books,Hardcover,181,2013,2013,4/21/20,3/26/20,,,read,,,,1,0
23255422,So You've Been Publicly Shamed,Jon Ronson,"Ronson, Jon",,0698172523,9780698172524,4,3.93,Penguin Publishing Group,ebook,304,2015,2015,5/8/20,4/30/20,,,read,,,,1,0
52579213,"A Series of Fortunate Events: Chance and the Making of the Planet, Life, and You",Sean B. Carroll,"Carroll, Sean B.",,0691201757,9780691201757,4,3.82,Princeton University Press,Hardcover,224,2020,2020,12/23/20,10/6/20,,,read,,,,1,0
25228177,The Sympathizer,Viet Thanh Nguyen,"Nguyen, Viet Thanh",,,,3,4.01,Grove Press,Kindle Edition,384,2015,2015,4/24/21,1/15/21,,,read,,,,1,0
56790170,The Premonition: A Pandemic Story,Michael   Lewis,"Lewis, Michael",,0393881555,9780393881554,3,4.33,W. W. Norton & Company,Hardcover,304,2021,2021,5/16/21,4/10/21,,,read,,,,1,0
43868109,Empire of Pain: The Secret History of the Sackler Dynasty,Patrick Radden Keefe,"Keefe, Patrick Radden",,0385545681,9780385545686,4,4.54,Doubleday,Hardcover,535,2021,2021,5/8/21,3/12/21,,,read,,,,1,0
93615,Rage in the Gate City: The Story of the 1906 Atlanta Race Riot,Rebecca   Burns,"Burns, Rebecca",,1578602688,9781578602681,0,4.02,"Clerisy Press, Emmis Books",Paperback,240,2006,2006,,6/4/21,to-read,to-read (#373),to-read,,,,0,0
10805364,Red Summer: The Summer of 1919 and the Awakening of Black America,Cameron McWhirter,"McWhirter, Cameron",,0805089063,9780805089066,0,4.19,Henry Holt and Co.,Hardcover,272,2011,2011,,4/25/21,to-read,to-read (#372),to-read,,,,0,0
32336635,The Enigma of Reason,Hugo Mercier,"Mercier, Hugo",Dan Sperber,0674368304,9780674368309,0,4.13,Harvard University Press,Hardcover,384,2017,2017,,4/20/21,to-read,to-read (#371),to-read,,,,0,0
13722680,Free Will and Consciousness: A Determinist Account of the Illusion of Free Will,Gregg D. Caruso,"Caruso, Gregg D.",,9780739171,9780739171363,0,4.24,Lexington Books,Hardcover,312,2012,2012,,4/11/21,to-read,to-read (#370),to-read,,,,0,0
573611,Evil: Inside Human Violence and Cruelty,Roy F. Baumeister,"Baumeister, Roy F.",,0716735679,9780716735670,0,4.13,W. H. Freeman,Paperback,431,1999,1996,,4/11/21,to-read,to-read (#368),to-read,,,,0,0
49455,Notes from Underground,Fyodor Dostoevsky,"Dostoevsky, Fyodor","Richard Pevear, Larissa Volokhonsky, Donald Fanger",067973452X,9780679734529,0,4.18,Vintage Classics,Paperback,136,1994,1864,,3/11/21,to-read,to-read (#367),to-read,,,,0,0
50696,The Ghost Writer,Philip Roth,"Roth, Philip",,0099477572,9780099477570,0,3.81,Random House,Paperback,179,2005,1979,,3/11/21,to-read,to-read (#366),to-read,,,,0,0
174622,Light Years,James Salter,"Salter, James",,0679740732,9780679740735,0,4.01,Vintage,Paperback,308,1995,1975,,3/11/21,to-read,to-read (#365),to-read,,,,0,0
27323,Hiroshima,John Hersey,"Hersey, John",,0679721037,9780679721031,0,4.04,Vintage,Mass Market Paperback,152,1989,1946,,3/11/21,to-read,to-read (#364),to-read,,,,0,0
6181,If This Is a Man • The Truce,Primo Levi,"Levi, Primo","Stuart J. Woolf, Paul Bailey",0349100136,9780349100135,0,4.54,Abacus,Paperback,398,1987,1987,,3/11/21,to-read,to-read (#363),to-read,,,,0,0
4075,In Search of Memory: The Emergence of a New Science of Mind,Eric R. Kandel,"Kandel, Eric R.",,,,0,4.13,W. W. Norton & Company,Hardcover,430,2006,2006,,3/11/21,to-read,to-read (#362),to-read,,,,0,0
36722978,The Disordered Mind: What Unusual Brains Tell Us About Ourselves,Eric R. Kandel,"Kandel, Eric R.",,0374287864,9780374287863,0,4.12,"Farrar, Straus and Giroux",Hardcover,304,2018,2018,,3/11/21,to-read,to-read (#361),to-read,,,,0,0
355697,All Quiet on the Western Front,Erich Maria Remarque,"Remarque, Erich Maria",Arthur Wesley Wheen,0449213943,9780449213940,0,4.09,Ballantine Books,Mass Market Paperback,296,1987,1928,,3/11/21,to-read,to-read (#360),to-read,,,,0,0
399710,Astonishing Hypothesis: The Scientific Search for the Soul,Francis Crick,"Crick, Francis",,0684801582,9780684801582,0,3.78,Scribner,Paperback,336,1995,1994,,1/30/21,to-read,to-read (#358),to-read,,,,0,0
34196225,"The Forgetting Machine: Memory, Perception, and the ""Jennifer Aniston Neuron""",Rodrigo Quian Quiroga,"Quiroga, Rodrigo Quian",,1944648542,9781944648541,0,3.73,BenBella Books,Paperback,170,2017,,1/30/21,1/18/21,,,read,,,,1,0
1168191,Meditations,Marcus Aurelius,"Aurelius, Marcus",Gregory Hays,0812968255,9780812968255,0,4.28,Modern Library,Paperback,256,2003,180,,1/27/21,to-read,to-read (#357),to-read,,,,0,0
52576333,The Prophets,Robert Jones Jr.,"Jr., Robert Jones",,,,0,3.91,G.P. Putnam's Sons,Hardcover,400,2021,2021,,1/22/21,to-read,to-read (#356),to-read,,,,0,0
77430,"Master & Commander (Aubrey & Maturin, #1)",Patrick O'Brian,"O'Brian, Patrick",,0393307050,9780393307054,0,4.07,W. W. Norton & Company,Paperback,464,1990,1969,,1/18/21,to-read,to-read (#355),to-read,,,,0,0
37886498,The Practicing Stoic,Ward Farnsworth,"Farnsworth, Ward",,1567926118,9781567926118,0,4.35,"David R. Godine, Publisher",Hardcover,292,2018,2018,1/17/21,12/29/20,books-to-buy-hardcopy,books-to-buy-hardcopy (#27),read,,,,1,0
25614523,Originals: How Non-Conformists Move the World,Adam M. Grant,"Grant, Adam M.",,0525429565,9780525429562,0,3.95,Viking,Hardcover,326,2016,2016,,1/12/21,to-read,to-read (#354),to-read,,,,0,0
50485582,The Precipice,Toby  Ord,"Ord, Toby",,1526600218,9781526600219,0,3.99,Bloomsbury Publishing,Hardcover,480,2020,2020,,1/7/21,to-read,to-read (#353),to-read,,,Learned of this from: https://twitter.com/primalpoly/status/1347365703213604864?s=20,0,0
30817945,"The Lanny Budd Novels Volume One: World's End, Between Two Worlds, and Dragon's Teeth",Upton Sinclair,"Sinclair, Upton",,1504038967,9781504038966,0,4.52,Open Road Media,Kindle Edition,2210,2016,,,1/1/21,to-read,to-read (#352),to-read,,,,0,0
35396904,Speak No Evil,Uzodinma Iweala,"Iweala, Uzodinma",,0061284920,9780061284922,0,3.86,Harper,Hardcover,215,2018,2018,6/28/20,6/14/20,,,read,,,,1,0
12031388,The Fall of Berlin 1945,Antony Beevor,"Beevor, Antony",,1101175281,9781101175286,0,4.3,Penguin Group,Kindle Edition,570,2003,2002,,6/2/20,to-read,to-read (#326),to-read,,,,0,0
6563160,Predator at the Chessboard Book I,Ward Farnsworth,"Farnsworth, Ward",,1430308001,9781430308003,0,4.6,Lulu.com,Paperback,312,2007,2007,,12/30/20,to-read,to-read (#351),to-read,,,,0,0
44177960,Chances Are . . .,Richard Russo,"Russo, Richard",,,,0,3.92,Knopf,Kindle Edition,320,2019,,12/26/20,5/10/19,,,read,,,,1,0
18913150,On Having No Head: Zen and the Rediscovery of the Obvious,Douglas E. Harding,"Harding, Douglas E.",,,,0,3.7,The Shollond Trust,Kindle Edition,86,2012,1961,12/21/20,12/23/19,,,read,,,,1,0
345070,White Flight: Atlanta and the Making of Modern Conservatism (Politics and Society in Modern America),Kevin M. Kruse,"Kruse, Kevin M.",,0691092605,9780691092607,0,4.28,Princeton University Press,Hardcover,352,2005,2005,12/21/20,6/18/19,,,read,,,,1,0
51063478,Burn-In: A Novel of the Real Robotic Revolution,P.W. Singer,"Singer, P.W.",August Cole,1328637891,9781328637895,0,3.91,Houghton Mifflin Harcourt,Mass Market Paperback,400,2020,2020,,12/15/20,to-read,to-read (#350),to-read,,,,0,0
45168713,"The Unicorn Project: A Novel about Developers, Digital Disruption, and Thriving in the Age of Data",Gene Kim,"Kim, Gene",,1942788789,9781942788782,0,4.08,IT Revolution Press,Kindle Edition,443,2019,2019,12/12/20,10/24/20,,,read,,,,1,0
48510166,The Story of More: How We Got to Climate Change and Where to Go from Here,Hope Jahren,"Jahren, Hope",,0525563393,9780525563396,0,4.14,Vintage,Kindle Edition,192,2020,2020,12/1/20,3/3/20,,,read,,,,1,0
29889454,The Distracted Mind: Ancient Brains in a High-Tech World,Adam Gazzaley,"Gazzaley, Adam",Larry D. Rosen,0262034948,9780262034944,0,3.71,MIT Press,Hardcover,304,2016,2016,,11/29/20,to-read,to-read (#349),to-read,,,,0,0
53317475,The Quick Fix: Why Fad Psychology Can't Cure Our Social Ills,Jesse Singal,"Singal, Jesse",,0374239800,9780374239800,0,3.92,"Farrar, Straus and Giroux",Hardcover,352,2021,2021,,11/26/20,to-read,to-read (#348),to-read,,,,0,0
582171,Microbe Hunters,Paul de Kruif,"Kruif, Paul de",,0156027771,9780156027779,0,4.14,Harvest,Paperback,372,2002,1926,,11/26/20,to-read,to-read (#347),to-read,,,,0,0
32191706,The Color of Law: A Forgotten History of How Our Government Segregated America,Richard Rothstein,"Rothstein, Richard",,1631492853,9781631492853,0,4.44,Liveright,Hardcover,368,2017,2017,,11/25/20,to-read,to-read (#346),to-read,,,,0,0
48612821,First Principles: What America's Founders Learned from the Greeks and Romans and How That Shaped Our Country,Thomas E. Ricks,"Ricks, Thomas E.",,0062997475,9780062997470,0,4.07,Harper,ebook,416,2020,2020,,11/25/20,to-read,to-read (#345),to-read,,,,0,0
37971858,Good Reasons for Bad Feelings: Insights from the Frontier of Evolutionary Psychiatry,Randolph M. Nesse,"Nesse, Randolph M.",,1101985666,9781101985663,4,3.95,Dutton,Hardcover,384,2019,2019,11/22/20,4/7/19,,,read,,,,1,0
824078,Leaving Las Vegas,John  O'Brien,"O'Brien, John",,0802134459,9780802134455,0,4.02,Grove Press,Paperback,200,1995,1990,,11/13/20,to-read,to-read (#344),to-read,,,,0,0
587393,The Lost Scrapbook,Evan Dara,"Dara, Evan",,1573660388,9781573660389,0,4.31,Fiction Collective 2,Paperback,476,1998,1995,,11/13/20,to-read,to-read (#343),to-read,,,,0,0
3420471,The Easy Chain,Evan Dara,"Dara, Evan",,0980226600,9780980226607,0,4.28,"Aurora, Incorporated",Paperback,474,2008,2008,,11/13/20,to-read,to-read (#342),to-read,,,,0,0
6643543,A Naked Singularity,Sergio de la Pava,"Pava, Sergio de la",,1436341981,9781436341981,0,4.12,Xlibris Corp,Paperback,689,2008,2008,,11/13/20,to-read,to-read (#341),to-read,,,,0,0
394469,Suttree,Cormac McCarthy,"McCarthy, Cormac",,0679736328,9780679736325,0,4.2,Vintage International,Paperback,471,1992,1979,,11/13/20,to-read,to-read (#340),to-read,,,,0,0
32944584,"Suggestible You: The Curious Science of Your Brain's Ability to Deceive, Transform, and Heal",Erik Vance,"Vance, Erik",,,,0,4.04,National Geographic,Hardcover,288,2016,2016,10/25/20,10/4/20,,,read,,,,1,0
38191426,"The Phoenix Project: A Novel about IT, DevOps, and Helping Your Business Win",Gene Kim,"Kim, Gene","Kevin Behr, George Spafford",1942788320,9781942788324,0,4.26,IT Revolution Press,Kindle Edition,537,2018,2013,10/24/20,10/10/20,,,read,,,,1,0
6451491,Death (The Art of Living),Todd  May,"May, Todd",,1844651649,9781844651641,0,3.81,Routledge,Paperback,128,2009,2009,,10/20/20,to-read,to-read (#339),to-read,,,,0,0
57431,Trouble in Mind: Black Southerners in the Age of Jim Crow,Leon F. Litwack,"Litwack, Leon F.",,0375702636,9780375702631,0,4.44,Vintage,Paperback,640,1999,1998,,10/7/20,to-read,to-read (#338),to-read,,,,0,0
299807,Where Peachtree Meets Sweet Auburn: A Saga of Race and Family,Gary M. Pomerantz,"Pomerantz, Gary M.",,0140265090,9780140265095,0,4.29,Penguin Books,Paperback,688,1997,,,9/9/20,to-read,to-read (#337),to-read,,,,0,0
1232,"The Shadow of the Wind (The Cemetery of Forgotten Books, #1)",Carlos Ruiz Zafón,"Zafón, Carlos Ruiz",Lucia Graves,,,0,4.3,Penguin Books,Paperback,487,2005,2001,,8/26/20,to-read,to-read (#336),to-read,,,,0,0
53052177,"Cynical Theories: How Activist Scholarship Made Everything about Race, Gender, and Identity—and Why This Harms Everybody",Helen Pluckrose,"Pluckrose, Helen",James   Lindsay,1634312023,9781634312028,0,4.11,Pitchstone Publishing,Hardcover,348,2020,2020,,8/25/20,to-read,to-read (#335),to-read,,,,0,0
39971023,"White Kids: Growing Up with Privilege in a Racially Divided America (Critical Perspectives on Youth, 1)",Margaret A. Hagerman,"Hagerman, Margaret A.",,1479803685,9781479803682,0,4.16,NYU Press,Hardcover,261,2018,2018,,8/22/20,to-read,to-read (#334),to-read,,,,0,0
35013165,Mothers of Massive Resistance: White Women and the Politics of White Supremacy,Elizabeth Gillespie McRae,"McRae, Elizabeth Gillespie",,019027171X,9780190271718,0,4.09,Oxford University Press,Hardcover,352,2018,2018,,8/22/20,to-read,to-read (#333),to-read,,,,0,0
51531427,The Lost Education of Horace Tate: Uncovering the Hidden Heroes Who Fought for Justice in Schools,Vanessa Siddle Walker,"Walker, Vanessa Siddle",,1620976021,9781620976029,0,4.33,The New Press,Paperback,480,2020,2018,,8/22/20,to-read,to-read (#332),to-read,,,,0,0
275204,Cognitive Therapy: Basics and Beyond,Judith S. Beck,"Beck, Judith S.",,0898628474,9780898628470,0,4.22,The Guilford Press,Hardcover,338,1995,1995,,8/19/20,to-read,to-read (#331),to-read,,,,0,0
108380,Mind Over Mood: Change How You Feel By Changing the Way You Think,Dennis Greenberger,"Greenberger, Dennis",Christine Padesky,0898621283,9780898621280,0,3.96,The Guilford Press,Paperback,243,1995,1995,,8/19/20,to-read,to-read (#330),to-read,,,,0,0
46674,Feeling Good: The New Mood Therapy,David D. Burns,"Burns, David D.",,0380810336,9780380810338,0,4.06,Harper,Mass Market Paperback,736,2008,1980,,8/19/20,to-read,to-read (#329),to-read,,,,0,0
8146619,The Right Stuff,Tom Wolfe,"Wolfe, Tom",,,,0,4.23,,Kindle Edition,369,2004,1979,8/1/20,2/13/18,,,read,,,,1,0
43347603,The Yellow House,Sarah M. Broom,"Broom, Sarah M.",,0802125085,9780802125088,0,3.89,Grove Press,Hardcover,376,2019,2019,,6/30/20,to-read,to-read (#328),to-read,,,,0,0
14451357,Racecraft: The Soul of Inequality in American Life,Karen E. Fields,"Fields, Karen E.",Barbara J. Fields,1844679942,9781844679942,0,4.16,Verso,Hardcover,310,2012,2012,,6/30/20,to-read,to-read (#327),to-read,,,,0,0
413177,Beasts of No Nation,Uzodinma Iweala,"Iweala, Uzodinma",,0060798688,9780060798680,0,3.8,Harper Perennial,Paperback,142,2006,2005,,6/28/20,to-read,to-read (#325),to-read,,,,0,0
34846249,Locking Up Our Own: Crime and Punishment in Black America,James Forman Jr.,"Jr., James Forman",,0374712905,9780374712907,0,4.37,"Farrar, Straus and Giroux",Kindle Edition,322,2017,2017,,6/24/20,to-read,to-read (#324),to-read,,,,0,0
28525032,Liar,Rob Roberge,"Roberge, Rob",,0553448072,9780553448078,4,3.75,Crown,Kindle Edition,274,2016,2016,6/17/20,11/5/16,,,read,,,,1,0
7096,The Coming Fury,Bruce Catton,"Catton, Bruce",,1842122924,9781842122921,0,4.34,Phoenix,Paperback,566,2001,1961,,6/19/20,to-read,to-read (#323),to-read,,,,0,0
35100,Battle Cry of Freedom: The Civil War Era,James M. McPherson,"McPherson, James M.",,019516895X,9780195168952,0,4.39,Oxford University Press,Paperback,867,2003,1988,,6/19/20,to-read,to-read (#322),to-read,,,,0,0
8171378,The Warmth of Other Suns: The Epic Story of America's Great Migration,Isabel Wilkerson,"Wilkerson, Isabel",,0679444327,9780679444329,0,4.47,Random House,Hardcover,622,2010,2010,,6/16/20,to-read,to-read (#321),to-read,,,,0,0
51227088,"The Splendid and the Vile: A Saga of Churchill, Family, and Defiance During the Blitz",Erik Larson,"Larson, Erik",,,,0,4.3,Crown Publishing Group (NY),Hardcover,585,2020,2020,6/13/20,1/5/20,,,read,,,,1,0
66933,The Wretched of the Earth,Frantz Fanon,"Fanon, Frantz","Homi K. Bhabha, Richard Philcox, Jean-Paul Sartre",0802141323,9780802141323,0,4.33,Grove Press,Paperback,251,2005,1961,,6/9/20,to-read,to-read (#320),to-read,,,,0,0
8129768,This is Where I Leave You,Jonathan Tropper,"Tropper, Jonathan",,1101108983,9781101108987,0,3.88,Dutton,Kindle Edition,404,2009,2003,5/29/20,5/23/20,,,read,,,,1,0
43671669,"The Meritocracy Trap: How America's Foundational Myth Feeds Inequality, Dismantles the Middle Class, and Devours the Elite",Daniel Markovits,"Markovits, Daniel",,0735221995,9780735221994,0,3.83,Penguin Press,Hardcover,448,2019,2019,,5/23/20,to-read,to-read (#319),to-read,,,,0,0
285092,High Fidelity,Nick Hornby,"Hornby, Nick",,1573225517,9781573225519,0,3.9,Riverhead Books,Paperback,323,1996,1995,4/30/20,12/17/16,kindle,kindle (#53),read,,,,1,0
30687788,Ill Will,Dan Chaon,"Chaon, Dan",,0345476042,9780345476043,0,3.36,Ballantine Books,Hardcover,496,2017,2017,,3/26/20,to-read,to-read (#318),to-read,,,,0,0
14241,The Liars' Club,Mary Karr,"Karr, Mary",,0143035746,9780143035749,0,3.94,Penguin Books,Paperback,320,2005,1995,,3/26/20,to-read,to-read (#317),to-read,,,,0,0
6372225,2666,Roberto Bolaño,"Bolaño, Roberto",Natasha Wimmer,0312429215,9780312429218,0,4.21,Picador,Paperback,912,2009,2004,,3/26/20,to-read,to-read (#316),to-read,,,,0,0
35297272,Emergency Contact,Mary H.K. Choi,"Choi, Mary H.K.",,1534408967,9781534408968,0,3.63,Simon & Schuster Books for Young Readers,Hardcover,394,2018,2018,,3/26/20,to-read,to-read (#315),to-read,,,,0,0
4982,The Sirens of Titan,Kurt Vonnegut Jr.,"Jr., Kurt Vonnegut",Chris     Moore,,,0,4.15,Gollancz,Paperback,224,1999,1959,,3/26/20,to-read,to-read (#314),to-read,,,,0,0
29429295,How to Survive a Plague: The Inside Story of How Citizens and Science Tamed AIDS,David France,"France, David",,0307700631,9780307700636,0,4.44,Knopf,Hardcover,640,2016,2013,,3/26/20,to-read,to-read (#313),to-read,,,,0,0
29036,The Great Influenza: The Story of the Deadliest Pandemic in History,John M. Barry,"Barry, John M.",,0143036491,9780143036494,0,3.98,Penguin Books,Paperback,546,2005,2004,,3/24/20,to-read,to-read (#312),to-read,,,,0,0
328854,Motherless Brooklyn,Jonathan Lethem,"Lethem, Jonathan",,0345803396,9780345803399,0,3.86,Vintage,Paperback,311,2000,1999,3/13/20,10/31/19,,,read,,,,1,0
22822858,A Little Life,Hanya Yanagihara,"Yanagihara, Hanya",,0385539258,9780385539258,0,4.31,Doubleday,Hardcover,720,2015,2015,,3/11/20,to-read,to-read (#311),to-read,,,,0,0
18693771,"The Body Keeps the Score: Brain, Mind, and Body in the Healing of Trauma",Bessel van der Kolk,"Kolk, Bessel van der",,0670785938,9780670785933,0,4.38,Viking,Hardcover,464,2014,2014,,3/11/20,to-read,to-read (#310),to-read,,,,0,0
43726521,These Truths: A History of the United States,Jill Lepore,"Lepore, Jill",,0393357422,9780393357424,0,4.4,W. W. Norton & Company,Paperback,960,2019,2018,,3/11/20,to-read,to-read (#309),to-read,,,,0,0
7826803,"Wolf Hall (Thomas Cromwell, #1)",Hilary Mantel,"Mantel, Hilary",,0312429983,9780312429980,0,3.91,Picador,Paperback,604,2010,2009,,3/11/20,to-read,to-read (#308),to-read,,,,0,0
43126457,Trick Mirror: Reflections on Self-Delusion,Jia Tolentino,"Tolentino, Jia",,0525510540,9780525510543,0,4.03,Random House,Hardcover,303,2019,2019,,3/11/20,to-read,to-read (#307),to-read,,,,0,0
816,Cryptonomicon,Neal Stephenson,"Stephenson, Neal",,,,0,4.23,Avon,Mass Market Paperback,1152,2002,1999,,3/11/20,to-read,to-read (#306),to-read,,,,0,0
4722934,The Life You Can Save: Acting Now to End World Poverty,Peter Singer,"Singer, Peter",,1400067103,9781400067107,0,4.15,Random House (NY),Hardcover,224,2009,2009,3/3/20,2/2/20,,,read,,,,1,0
29584452,The Underground Railroad,Colson Whitehead,"Whitehead, Colson",,,,4,4.06,Doubleday,Kindle Edition,322,2016,2016,2/22/20,2/15/20,,,read,,,,1,0
33620321,"Sing, Unburied, Sing",Jesmyn Ward,"Ward, Jesmyn",,,,0,4.01,Scribner,Kindle Edition,299,2017,2017,2/15/20,6/1/19,,,read,,,,1,0
51112101,"Catch and Kill: Lies, Spies, and a Conspiracy to Protect Predators",Ronan Farrow,"Farrow, Ronan",,,,4,4.4,"Little, Brown and Company",Kindle Edition,465,2019,2019,11/2/19,10/25/19,,,read,,,,1,0
30231741,"He Calls Me By Lightning: The Life of Caliph Washington and the Forgotten Saga of Jim Crow, Southern Justice, and the Death Penalty",S. Jonathan Bass,"Bass, S. Jonathan",,1631492373,9781631492372,0,3.76,Liveright,Hardcover,432,2017,2017,2/2/20,1/29/20,,,read,,,,1,0
25733983,Lab Girl,Hope Jahren,"Jahren, Hope",,1101874937,9781101874936,4,3.98,Knopf,Hardcover,290,2016,2016,1/26/20,10/3/19,,,read,"This was a great book. Hilarity, beautiful vignettes, touching moments, tales of friendship, the raw realness of life.  Lots of goodness. Hope Jahren is quite the writer. ",,,1,0
38530663,Frederick Douglass: Prophet of Freedom,David W. Blight,"Blight, David W.",,1416590315,9781416590316,0,4.16,Simon & Schuster,Hardcover,888,2018,2018,,1/29/20,to-read,to-read (#305),to-read,,,,0,0
38820046,21 Lessons for the 21st Century,Yuval Noah Harari,"Harari, Yuval Noah",,0525512179,9780525512172,3,4.16,Random House,Hardcover,372,2018,2018,1/8/19,9/5/18,,,read,,,,1,0
14098,Mindfulness for Beginners: Reclaiming the Present Moment―and Your Life,Jon Kabat-Zinn,"Kabat-Zinn, Jon",,1591794641,9781591794646,3,3.78,Sounds True,ebook,170,2006,2006,1/10/19,1/8/19,,,read,,,,1,0
11363747,The Psychopath Test: A Journey Through the Madness Industry,Jon Ronson,"Ronson, Jon",,1101515163,9781101515167,4,3.95,Riverhead Books,Kindle Edition,272,2011,2011,1/19/19,1/11/19,,,read,,,,1,0
38376040,"The Border (Power of the Dog, #3)",Don Winslow,"Winslow, Don",,0062664514,9780062664518,3,4.47,William Morrow,Kindle Edition,768,2019,2019,3/14/19,9/24/18,,,read,,,,1,0
27276428,The Gene: An Intimate History,Siddhartha Mukherjee,"Mukherjee, Siddhartha",,,,4,4.36,Scribner,Hardcover,592,2016,2016,4/10/19,8/18/16,,,read,,,,1,0
659388,Nobody's Fool (Sully #1),Richard Russo,"Russo, Richard",,0679753338,9780679753339,3,4.11,Vintage,Paperback,549,1994,1993,5/9/19,4/25/19,,,read,,,,1,0
13031504,Empire Falls (Vintage Contemporaries),Richard Russo,"Russo, Richard",,,,3,3.94,Vintage,Kindle Edition,636,2011,2001,5/10/19,3/23/19,,,read,,,,1,0
28789644,Blood at the Root: A Racial Cleansing in America,Patrick Phillips,"Phillips, Patrick",,0393293017,9780393293012,4,4.31,W. W. Norton & Company,Hardcover,320,2016,2016,11/17/19,11/4/19,,,read,,,,1,0
34466963,Why We Sleep: Unlocking the Power of Sleep and Dreams,Matthew Walker,"Walker, Matthew",,,,3,4.38,Scribner,Hardcover,368,2017,2017,12/8/19,12/8/19,,,read,,,,1,0
20893477,How We Got to Now: Six Innovations That Made the Modern World,Steven Johnson,"Johnson, Steven",,1594632960,9781594632969,4,4.11,Riverhead Books,Hardcover,293,2014,2014,12/15/19,8/18/16,,,read,,,,1,0
36086,"The Ghost Map: The Story of London's Most Terrifying Epidemic—and How It Changed Science, Cities, and the Modern World",Steven Johnson,"Johnson, Steven",,1594489254,9781594489259,3,3.89,Riverhead Hardcover,Hardcover,299,2006,2006,12/21/19,12/21/19,,,read,,,,1,0
43284599,Conscious: A Brief Guide to the Fundamental Mystery of the Mind,Annaka Harris,"Harris, Annaka",,0062906739,9780062906731,3,3.83,Harper,Kindle Edition,105,2019,2019,12/22/19,5/13/19,,,read,,,,1,0
38313161,The Sense of an Ending,Julian Barnes,"Barnes, Julian",,,,2,3.74,Vintage,Kindle Edition,162,2011,2011,6/22/19,5/17/19,,,read,,,,1,0
18143977,All the Light We Cannot See,Anthony Doerr,"Doerr, Anthony",,1476746583,9781476746586,4,4.31,Scribner,Hardcover,544,2014,2014,7/17/19,6/7/19,,,read,,,,1,0
18875712,"Moral Tribes: Emotion, Reason, and the Gap Between Us and Them",Joshua D. Greene,"Greene, Joshua D.",,1101638672,,4,4.03,Penguin Books,Kindle Edition,425,2013,2013,9/2/19,12/7/16,,,read,,,,1,0
28820444,The Elephant in the Brain: Hidden Motives in Everyday Life,Kevin Simler,"Simler, Kevin",Robin Hanson,0190496010,9780190496012,3,3.98,Oxford University Press,ebook,408,2017,2017,9/29/19,3/14/18,,,read,,,,1,0
39999461,Never Enough: The Neuroscience and Experience of Addiction,Judith Grisel,"Grisel, Judith",,0385542844,9780385542845,4,4.13,Doubleday,Hardcover,243,2019,2019,9/13/19,9/4/19,,,read,,,,1,0
45864574,The Handmaid's Tale,Margaret Atwood,"Atwood, Margaret",,,,3,4.14,Houghton Mifflin Harcourt,Kindle Edition,311,2019,1985,12/31/19,12/8/17,,,read,,,,1,0
43582376,The Body: A Guide for Occupants,Bill Bryson,"Bryson, Bill",,0385539304,9780385539302,4,4.32,Doubleday Books,Hardcover,450,2019,2019,12/30/19,5/30/19,,,read,,,,1,0
49645708,بی‌حجاب: چگونه لیبرال‌های غرب بر آتش اسلام‌گرایی رادیکال می‌دمند,Yasmine Mohammed,"Mohammed, Yasmine",Rick Fabbro,1999240510,9781999240516,0,4.33,Free Hearts Free Minds,Kindle Edition,366,2019,2019,,11/14/19,to-read,to-read (#302),to-read,,,,0,0
44153249,How to Fight Anti-Semitism,Bari Weiss,"Weiss, Bari",,9780593136,,0,4.19,Crown,ebook,224,2019,2019,,11/14/19,to-read,to-read (#303),to-read,,,,0,0
96884,The Happiness Hypothesis: Finding Modern Truth in Ancient Wisdom,Jonathan Haidt,"Haidt, Jonathan",,0465028020,9780465028023,4,4.1,Basic Books,Paperback,297,2006,2006,11/10/19,1/22/19,books-to-buy-hardcopy,books-to-buy-hardcopy (#26),read,,,,1,0
9799,The Fortress of Solitude,Jonathan Lethem,"Lethem, Jonathan",,0571219357,9780571219353,0,3.84,Faber and Faber,Paperback,528,2005,2003,,10/31/19,to-read,to-read (#301),to-read,,,,0,0
41160292,Exhalation,Ted Chiang,"Chiang, Ted",,,,4,4.27,Knopf,Kindle Edition,368,2019,2019,10/16/19,10/1/19,,,read,,,,1,0
30142270,Happy: Why more or less everything is absolutely fine,Derren Brown,"Brown, Derren",,0593076206,9780593076200,0,4.06,Bantam Press,Paperback,448,2017,2016,,10/2/19,to-read,to-read (#300),to-read,,,,0,0
3679,On Beauty,Zadie Smith,"Smith, Zadie",,0143037749,9780143037743,0,3.78,Penguin Books,Paperback,445,2006,2005,,9/21/19,to-read,to-read (#299),to-read,,,,0,0
44667183,"The Madness of Crowds: Gender, Race and Identity",Douglas Murray,"Murray, Douglas",,1635579988,9781635579987,0,4.21,Bloomsbury Continuum,Hardcover,293,2019,2019,,9/20/19,to-read,to-read (#298),to-read,,,,0,0
42270835,The Nickel Boys,Colson Whitehead,"Whitehead, Colson",,,,4,4.26,Doubleday,Kindle Edition,213,2019,2019,9/12/19,5/17/19,,,read,,,,1,0
34912895,The Great Alone,Kristin Hannah,"Hannah, Kristin",,,,3,4.44,St. Martin's Press,Kindle Edition,435,2018,2018,9/11/19,9/7/19,,,read,,,,1,0
83580,"How We Believe: Science, Skepticism, and the Search for God",Michael Shermer,"Shermer, Michael",,0805074791,9780805074796,0,3.97,Holt Paperbacks,Paperback,330,2003,1999,,7/29/19,to-read,to-read (#297),to-read,,,,0,0
25816925,The Evolution of Everything: How New Ideas Emerge,Matt Ridley,"Ridley, Matt",,0062296000,9780062296009,0,3.92,Harper,Hardcover,368,2015,2015,,6/6/19,to-read,to-read (#296),to-read,,,,0,0
33258453,Lie to Me,J.T. Ellison,"Ellison, J.T.",,0778330958,9780778330950,2,3.79,MIRA,Paperback,413,2017,2017,6/6/19,6/2/19,,,read,,,,1,0
29430746,Heavy,Kiese Laymon,"Laymon, Kiese",,1501125656,9781501125652,0,4.48,Scribner,Hardcover,241,2018,2018,,6/1/19,to-read,to-read (#295),to-read,,,,0,0
10846336,Salvage the Bones,Jesmyn Ward,"Ward, Jesmyn",,1608195228,9781608195220,0,3.96,Bloomsbury,Hardcover,261,2011,2011,,6/1/19,to-read,to-read (#294),to-read,,,,0,0
989563,Leaving Atlanta,Tayari Jones,"Jones, Tayari",,0446690899,9780446690898,0,4.05,Grand Central Publishing,Paperback,257,2003,2002,,6/1/19,to-read,to-read (#293),to-read,,,,0,0
9749711,Silver Sparrow,Tayari Jones,"Jones, Tayari",,1565129903,9781565129900,0,3.91,Algonquin Books,Hardcover,340,2011,2011,,6/1/19,to-read,to-read (#292),to-read,,,,0,0
33590210,An American Marriage,Tayari Jones,"Jones, Tayari",,1616201347,9781616201340,4,3.94,Algonquin Books,Hardcover,308,2018,2018,6/1/19,5/29/19,,,read,,,,1,0
414062,The Best and the Brightest,David Halberstam,"Halberstam, David",,0449908704,9780449908709,0,4.27,Ballantine Books,Paperback,688,1993,1969,,5/10/19,to-read,to-read (#291),to-read,,,,0,0
43848929,Talking to Strangers: What We Should Know About the People We Don't Know,Malcolm Gladwell,"Gladwell, Malcolm",,0316478520,9780316478526,0,4,"Little, Brown and Company",Hardcover,388,2019,2019,,5/5/19,to-read,to-read (#290),to-read,,,,0,0
271543,The Bang-Bang Club: Snapshots from a Hidden War,Greg Marinovich,"Marinovich, Greg",João Silva,0465044131,9780465044139,0,4.25,Basic Books,Paperback,254,2001,2000,,4/26/19,to-read,to-read (#289),to-read,,,,0,0
35133922,Educated,Tara Westover,"Westover, Tara",,0399590501,9780399590504,4,4.47,Random House,Hardcover,352,2018,2018,4/24/19,4/15/19,,,read,,,,1,0
414298,Straight Man,Richard Russo,"Russo, Richard",,0375701907,9780375701900,4,4,Vintage,Paperback,391,1998,1997,3/28/19,3/23/19,,,read,,,,1,0
42410904,"The Hitchhiker's Guide to the Galaxy (Hitchhiker's Guide, #1)",Douglas Adams,"Adams, Douglas",,,,0,4.23,Del Rey,Kindle Edition,208,2007,1979,,1/19/19,stopped-reading,stopped-reading (#10),stopped-reading,,,,0,0
40732550,Mrs. Fletcher,Tom Perrotta,"Perrotta, Tom",,,,4,3.36,Scribner; Reprint edition,Kindle Edition,337,2017,2017,2/24/19,8/1/17,,,read,,,,1,0
10762469,The Leftovers,Tom Perrotta,"Perrotta, Tom",,0312358342,9780312358341,4,3.43,St. Martin's Press,Hardcover,355,2011,2011,2/15/19,8/1/17,,,read,,,,1,0
33776105,"Anxiety Relief for Kids On-the-Spot Strategies to Help Your Child Overcome Worry, Panic, and Avoidance",Bridget Flynn Walker,"Walker, Bridget Flynn",,1626259534,9781626259539,0,3.75,New Harbinger Publications,Paperback,216,2017,2017,,2/9/19,"parenting, to-read","parenting (#3), to-read (#288)",to-read,,,,0,0
5378359,Helping Your Anxious Child: A Step-by-Step Guide for Parents,Ronald M. Rapee,"Rapee, Ronald M.","Ann Wignall, Susan H. Spence, Heidi J. Lyneham, Vanessa Cobham",1572245751,9781572245754,0,3.79,New Harbinger Publications,Paperback,296,2008,2000,,2/9/19,"parenting, to-read, 2024-bookshelf","parenting (#2), to-read (#287), 2024-bookshelf (#142)",to-read,,,,0,0
10353369,The Whole-Brain Child: Revolutionary Strategies to Nurture Your Child's Developing Mind,Daniel J. Siegel,"Siegel, Daniel J.",Tina Payne Bryson,0553807919,9780553807912,0,4.27,Delacorte Press,Hardcover,192,2011,2011,,11/7/16,"to-read, parenting","to-read (#232), parenting (#1)",to-read,,,,0,0
4591,Genome: The Autobiography of a Species in 23 Chapters,Matt Ridley,"Ridley, Matt",,0060894083,9780060894085,0,4.06,Harper Perennial,Paperback,344,2006,1999,,1/30/19,to-read,to-read (#286),to-read,,,,0,0
17662487,"Nudge: Improving Decisions About Health, Wealth, and Happiness",Richard H. Thaler,"Thaler, Richard H.",,1101655097,9781101655092,0,3.84,Penguin Books,Kindle Edition,324,2009,2008,,12/7/16,to-read,to-read (#285),to-read,,,,0,0
36613747,How to Change Your Mind: The New Science of Psychedelics,Michael Pollan,"Pollan, Michael",,0241294223,9780241294222,4,4.27,ALLEN LANE,Hardcover,480,2018,2018,8/7/18,6/1/18,,,read,,,,1,0
24040556,Mindware: Tools for Smart Thinking,Richard E.  Nisbett,"Nisbett, Richard E.",,0385680996,9780385680998,4,3.76,Doubleday Canada,Hardcover,336,2015,2015,12/22/18,9/12/16,,,read,,,,1,0
26150770,"The Big Picture: On the Origins of Life, Meaning, and the Universe Itself",Sean Carroll,"Carroll, Sean",,0525954821,9780525954828,5,4.18,Dutton,Hardcover,480,2016,2016,1/27/18,1/4/18,books-to-buy-hardcopy,books-to-buy-hardcopy (#25),read,,,,1,0
32191710,Astrophysics for People in a Hurry,Neil deGrasse Tyson,"Tyson, Neil deGrasse",,0393609391,9780393609394,3,4.08,W. W. Norton & Company,Hardcover,223,2017,2017,2/6/18,1/28/18,,,read,,,,1,0
6667514,The Checklist Manifesto: How to Get Things Right,Atul Gawande,"Gawande, Atul",,0805091742,9780805091748,3,4.04,Metropolitan Books,Hardcover,208,2009,2009,2/13/18,2/2/18,,,read,,,,1,0
22573850,Getting Things Done: The Art of Stress-Free Productivity,David    Allen,"Allen, David",James Fallows,0698161866,9780698161863,4,4.01,Penguin Group,Kindle Edition,352,2015,2001,3/14/18,3/1/18,,,read,,,,1,0
26083308,"The DevOps Handbook: How to Create World-Class Agility, Reliability, and Security in Technology Organizations",Gene Kim,"Kim, Gene","Patrick Debois, John Willis, Jez Humble",1942788002,9781942788003,4,4.3,IT Revolution Press,Paperback,442,2016,2015,4/30/18,3/22/18,,,read,,,,1,0
24432150,Palace of Treason (Red Sparrow Trilogy #2),Jason  Matthews,"Matthews, Jason",,,,3,4.2,Scribner,Kindle Edition,481,2015,2015,9/11/18,7/1/18,,,read,,,,1,0
4687,The Cider House Rules,John Irving,"Irving, John",,0786226749,9780786226740,5,4.16,Thorndike Press,Hardcover,1064,2000,1985,,8/28/18,,,read,,,,1,0
36556202,The Coddling of the American Mind: How Good Intentions and Bad Ideas Are Setting up a Generation for Failure,Jonathan Haidt,"Haidt, Jonathan",Greg Lukianoff,0735224900,9780735224902,4,4.24,Penguin Press,Kindle Edition,352,2018,2018,11/11/18,9/5/18,,,read,,,,1,0
41016100,The Coming Storm,Michael   Lewis,"Lewis, Michael",,,,3,3.82,Audible Studios,Audible Audio,3,2018,2018,9/10/18,9/8/18,,,read,,,,1,0
31215121,"The Kremlin's Candidate (Red Sparrow Trilogy, #3)",Jason  Matthews,"Matthews, Jason",,,,4,4.17,Scribner,Kindle Edition,449,2018,2018,11/30/18,9/17/18,,,read,,,,1,0
30183198,History of Wolves,Emily Fridlund,"Fridlund, Emily",,0802125875,9780802125873,0,3.41,Grove Atlantic,Hardcover,288,2017,2017,,2/6/18,stopped-reading,stopped-reading (#9),stopped-reading,,,,0,0
42360874,The Last Stone,Mark Bowden,"Bowden, Mark",,0802147305,9780802147301,0,3.71,Atlantic Monthly Press,Hardcover,352,2019,2019,,1/1/19,to-read,to-read (#283),to-read,,,,0,0
35294963,Selfie: How the West Became Self-Obsessed,Will Storr,"Storr, Will",,1447283678,9781447283676,0,3.92,Picador,Kindle Edition,416,2017,2017,,12/6/18,to-read,to-read (#281),to-read,,,,0,0
37976541,Bad Blood: Secrets and Lies in a Silicon Valley Startup,John Carreyrou,"Carreyrou, John",,,,4,4.41,Knopf,Hardcover,339,2018,2018,8/23/18,8/8/18,,,read,,,,1,0
40109421,The Fifth Risk,Michael   Lewis,"Lewis, Michael",,1324002646,9781324002642,4,4.09,W. W. Norton & Company,Hardcover,221,2018,2018,10/16/18,10/2/18,,,read,,,,1,0
40901227,Fear: Trump in the White House,Bob Woodward,"Woodward, Bob",,150117553X,9781501175534,3,3.87,Simon & Schuster,Kindle Edition,357,2018,2018,9/16/18,9/11/18,,,read,,,,1,0
6633912,The Good Soldiers,David Finkel,"Finkel, David",,0374165734,9780374165734,0,4.22,Sarah Crichton Books,Hardcover,287,2009,2009,,8/8/18,to-read,to-read (#280),to-read,,,,0,0
17450194,Red Sparrow (Red Sparrow Trilogy #1),Jason  Matthews,"Matthews, Jason",,,,4,3.95,Scribner,Kindle Edition,448,2013,2013,7/1/18,4/20/18,,,read,,,,1,0
9577857,1984,George Orwell,"Orwell, George",,,,5,4.19,Houghton Mifflin Harcourt,Kindle Edition,258,2013,1949,6/16/18,6/1/18,,,read,,,,1,0
14096,"Wherever You Go, There You Are: Mindfulness Meditation in Everyday Life",Jon Kabat-Zinn,"Kabat-Zinn, Jon",,1401307787,9781401307783,0,4.13,Balance,Paperback,304,2005,1994,,5/9/18,to-read,to-read (#279),to-read,,,,0,0
2168851,Head Trip,Jeff  Warren,"Warren, Jeff",,1851685618,9781851685615,0,4.12,Oneworld,Hardcover,240,2007,2007,,5/9/18,to-read,to-read (#278),to-read,,,,0,0
113934,The Goal: A Process of Ongoing Improvement,Eliyahu M. Goldratt,"Goldratt, Eliyahu M.",Jeff Cox,0884271781,9780884271789,0,4.08,North River Press,Paperback,384,2004,1984,,3/22/18,to-read,to-read (#277),to-read,,,,0,0
34272471,"Altered Traits: Science Reveals How Meditation Changes Your Mind, Brain, and Body",Daniel Goleman,"Goleman, Daniel",Richard J. Davidson,0399184384,9780399184383,0,3.91,Avery,Hardcover,336,2017,2017,,2/19/18,to-read,to-read (#276),to-read,,,,0,0
32335759,The Human Predicament: A Candid Guide to Life's Biggest Questions,David Benatar,"Benatar, David",,0190633816,9780190633813,0,4.02,Oxford University Press,Hardcover,264,2017,,,2/19/18,to-read,to-read (#275),to-read,,,,0,0
17689433,Mindfulness: A Practical Guide to Awakening,Joseph Goldstein,"Goldstein, Joseph",,162203063X,9781622030637,0,4.38,Sounds True,Hardcover,480,2013,2013,,2/19/18,to-read,to-read (#274),to-read,,,,0,0
36064445,Skin in the Game: The Hidden Asymmetries in Daily Life,Nassim Nicholas Taleb,"Taleb, Nassim Nicholas",,0241300657,9780241300657,0,3.91,Allen Lane,Paperback,272,2018,2018,,2/12/18,to-read,to-read (#273),to-read,,,,0,0
22535480,"Elon Musk: Tesla, SpaceX, and the Quest for a Fantastic Future",Ashlee Vance,"Vance, Ashlee",,0062301268,9780062301260,0,4.14,Ecco,ebook,416,2015,2015,,8/22/15,to-read,to-read (#169),to-read,,,,0,0
23602561,"The Cartel (Power of the Dog, #2)",Don Winslow,"Winslow, Don",,1101874996,9781101874998,4,4.36,Knopf,Hardcover,616,2015,2015,1/10/18,12/28/17,,,read,,,,1,0
11762,White Noise,Don DeLillo,"DeLillo, Don",,0140283307,9780140283303,0,3.86,Penguin Books,Paperback,310,1999,1985,,8/9/15,stopped-reading,stopped-reading (#8),stopped-reading,,,,0,0
33516538,Behave: The Biology of Humans at Our Best and Worst,Robert M. Sapolsky,"Sapolsky, Robert M.",,0735222789,9780735222786,4,4.4,Penguin Books,Kindle Edition,798,2017,2017,11/14/17,5/11/17,,,read,,,,1,0
32075859,The Force,Don Winslow,"Winslow, Don",,0062664417,9780062664419,0,4.11,William Morrow,Hardcover,496,2017,2017,,12/28/17,paused-and-may-try-again-perhaps,paused-and-may-try-again-perhaps (#3),paused-and-may-try-again-perhaps,,,,0,0
36113496,The Hearts of Men,Nickolas Butler,"Butler, Nickolas",,,,4,3.83,Ecco,Kindle Edition,405,2017,2017,12/25/17,12/21/17,,,read,,,,1,0
28512671,"Everybody Lies: Big Data, New Data, and What the Internet Can Tell Us About Who We Really Are",Seth Stephens-Davidowitz,"Stephens-Davidowitz, Seth",Steven Pinker,0062390856,9780062390851,3,3.91,Dey Street Books,Hardcover,338,2017,2017,12/21/17,12/8/17,,,read,,,,1,0
11976774,Who's in Charge? Free Will and the Science of the Brain,Michael S. Gazzaniga,"Gazzaniga, Michael S.",,0061906107,9780061906107,0,4,Ecco,Hardcover,260,2011,2011,,9/25/16,to-read,to-read (#226),to-read,,,,0,0
80226,Doubt: A History,Jennifer Michael Hecht,"Hecht, Jennifer Michael",,0060097957,9780060097950,0,4.08,HarperOne,Paperback,576,2004,2003,,2/5/16,to-read,to-read (#198),to-read,,,,0,0
30901608,Hit Makers: The Science of Popularity in an Age of Distraction,Derek   Thompson,"Thompson, Derek",,110198032X,9781101980323,0,3.9,Penguin Press,Hardcover,307,2017,2017,,11/14/17,to-read,to-read (#265),to-read,,,,0,0
21853621,The Nightingale,Kristin Hannah,"Hannah, Kristin",,0312577222,9780312577223,0,4.64,St. Martin's Press,Hardcover,564,2015,2015,,11/14/17,to-read,to-read (#272),to-read,,,,0,0
27209433,White Trash: The 400-Year Untold History of Class in America,Nancy Isenberg,"Isenberg, Nancy",,0670785970,9780670785971,0,3.76,Viking Pr,Hardcover,460,2016,2016,,4/7/17,to-read,to-read (#253),to-read,,,,0,0
34272565,Life 3.0: Being Human in the Age of Artificial Intelligence,Max Tegmark,"Tegmark, Max",Rob Shapiro,0451485076,9780451485076,0,4,Random House Audio Publishing Group,Audio CD,384,2017,2017,,8/4/17,to-read,to-read (#261),to-read,,,,0,0
35623545,"Directorate S: The C.I.A. and America's Secret Wars in Afghanistan and Pakistan, 2001-2016",Steve Coll,"Coll, Steve",,052555730X,9780525557302,0,4.21,Penguin Books,ebook,784,2018,2018,,9/28/17,to-read,to-read (#262),to-read,,,,0,0
513367,In Search of Schrödinger's Cat: Quantum Physics and Reality,John Gribbin,"Gribbin, John",,0553341030,9780553342536,0,4.06,Bantam,Paperback,320,1984,1984,,12/8/17,to-read,to-read (#269),to-read,,,,0,0
16094641,The Nonsense of Free Will: Facing Up to a False Belief,Richard Oerton,"Oerton, Richard",,1780882874,9781780882871,0,4.31,Matador,Paperback,240,2012,2012,,12/8/17,to-read,to-read (#268),to-read,,,,0,0
6957758,Confession of a Buddhist Atheist,Stephen Batchelor,"Batchelor, Stephen",,0385527063,9780385527064,0,3.91,Spiegel & Grau,Hardcover,320,2010,2010,,12/8/17,to-read,to-read (#271),to-read,,,,0,0
90557,Buddhism without Beliefs: A Contemporary Guide to Awakening,Stephen Batchelor,"Batchelor, Stephen",,1573226564,9781573226561,0,4.01,Riverhead Books,Paperback,127,1998,1997,,12/8/17,to-read,to-read (#270),to-read,,,,0,0
51904,"Freedom and Neurobiology: Reflections on Free Will, Language, and Political Power",John R. Searle,"Searle, John R.",,0231137524,9780231137522,0,3.54,Columbia University Press,Hardcover,113,2007,2005,,12/8/17,to-read,to-read (#267),to-read,,,,0,0
30254065,Lincoln in the Bardo,George Saunders,"Saunders, George",,,,4,3.75,Random House,Kindle Edition,368,2017,2017,12/8/17,5/23/17,,,read,,,,1,0
34928122,Artemis,Andy Weir,"Weir, Andy",,0553448129,9780553448122,3,3.69,Crown,Hardcover,305,2017,2017,11/21/17,11/14/17,,,read,"I loved The Martian and I was excited to read Artemis. I have no gripes with the plot and enjoyed the science-based color throughout the book (web browsing latency, coffee's low boiling point, etc.). But the dialog was downright awful. Cringe worthy. I went back and forth between giving this book 2 or 3 stars. I made it to the end which in and of itself means it wasn't terrible. And it certainly had its moments. If it wasn't for the face-palm-inducing dialog it would have gotten 4 stars. But, it had said dialog and that dialog heavily distracted from the goodness of the plot. Given this I went with 3 stars. And when reading some of the more obnoxious commentary from Jazz, I debated whether 2 was more deserving. In the end, 3 won out, but it was close. ",,,1,0
32289,A Primate's Memoir: A Neuroscientist's Unconventional Life Among the Baboons,Robert M. Sapolsky,"Sapolsky, Robert M.",,0743202414,9780743202411,0,4.38,Scribner,Paperback,304,2002,2001,,11/14/17,to-read,to-read (#266),to-read,,,,0,0
28747,CivilWarLand in Bad Decline,George Saunders,"Saunders, George",,0099595818,9780099595816,0,4.21,Vintage,Paperback,179,1997,1996,,11/3/17,to-read,to-read (#264),to-read,,,,0,0
50902,Foreskin's Lament,Shalom Auslander,"Auslander, Shalom",,1594489556,9781594489556,0,3.87,Riverhead Hardcover,Hardcover,320,2007,2007,,11/2/17,to-read,to-read (#263),to-read,,,,0,0
18302455,"The Circle (The Circle, #1)",Dave Eggers,"Eggers, Dave",,,,3,3.43,Knopf,Hardcover,493,2013,2013,10/29/17,9/2/17,,,read,,,,1,0
6334,Never Let Me Go,Kazuo Ishiguro,"Ishiguro, Kazuo",,1400078776,9781400078776,4,3.85,Vintage Books ,Paperback,288,2010,2005,10/22/17,10/15/17,,,read,,,,1,0
13259270,Free Will,Sam Harris,"Harris, Sam",,1451683405,9781451683400,4,3.86,Free Press,Paperback,96,2012,2012,9/5/17,3/9/14,,,read,,,,1,0
56627,Stumbling on Happiness,Daniel Todd Gilbert,"Gilbert, Daniel Todd",,1400077427,9781400077427,4,3.83,Vintage,Paperback,263,2007,2006,9/1/17,10/29/15,,,read,,,,1,0
31138556,Homo Deus: A History of Tomorrow,Yuval Noah Harari,"Harari, Yuval Noah",,,,4,4.2,Harper,Kindle Edition,450,2017,2015,8/3/17,7/6/17,,,read,,,,1,1
37426,Little Children,Tom Perrotta,"Perrotta, Tom",,0312315732,9780312315733,0,3.64,St. Martin's Griffin,Paperback,355,2005,2004,,8/1/17,to-read,to-read (#260),to-read,,,,0,0
30780235,The Knowledge Illusion: Why We Never Think Alone,Steven Sloman,"Sloman, Steven",Philip Fernbach,039918435X,9780399184352,3,3.84,Riverhead Books,Hardcover,304,2017,2017,7/3/17,6/15/17,,,read,,,,1,0
34083908,On Tyranny: Twenty Lessons from the Twentieth Century,Timothy Snyder,"Snyder, Timothy",,0804190127,9780804190121,5,4.21,Crown,Kindle Edition,110,2017,2017,6/18/17,6/17/17,,,read,"<strong>Short little book filled with greatness</strong><br/><br/>Well written book filled with a mix of ""to dos"" intertwined with valuable historical references. Highly recommended to all who cherish a healthy society. Whether obtaining or maintaining, it doesn't happen without all of our hard work. ",,,1,0
33511418,The Way of the Strangers,Graeme Wood,"Wood, Graeme",,0812988760,9780812988765,0,4.13,Random House,Kindle Edition,370,2016,2016,,6/15/17,to-read,to-read (#259),to-read,,,,0,0
34928902,Huế 1968: A Turning Point of the American War in Vietnam,Mark Bowden,"Bowden, Mark",,080212769X,9780802127006,0,4.33,Atlantic Monthly Press,Hardcover,610,2017,2017,,6/14/17,to-read,to-read (#258),to-read,,,,0,0
18627528,Naked Statistics: Stripping the Dread from the Data,Charles Wheelan,"Wheelan, Charles",,,,4,3.95,W. W. Norton & Company,Kindle Edition,300,2013,2012,5/28/17,1/27/17,,,read,,,,1,0
20696006,Being Mortal: Medicine and What Matters in the End,Atul Gawande,"Gawande, Atul",,0805095152,9780805095159,4,4.49,Metropolitan Books,Hardcover,282,2014,2014,6/1/17,8/19/16,,,read,,,,1,0
20575425,Wolf in White Van,John Darnielle,"Darnielle, John",,0374292086,9780374292089,0,3.72,"Farrar, Straus and Giroux",Hardcover,211,2014,2014,,5/23/17,to-read,to-read (#257),to-read,,,,0,0
16101059,Someone Could Get Hurt: A Memoir of Twenty-First-Century Parenthood,Drew Magary,"Magary, Drew",,159240832X,9781592408320,0,3.9,Gotham,Hardcover,245,2013,2013,,5/13/17,to-read,to-read (#256),to-read,,,,0,0
75416,The Reckoning,David Halberstam,"Halberstam, David",,0380721473,9780380721474,0,4.43,Avon Books,Paperback,800,1994,1986,,5/4/17,to-read,to-read (#255),to-read,,,,0,0
8854815,Why Does the World Exist?: An Existential Detective Story,Jim Holt,"Holt, Jim",,0871404095,9780871404091,3,3.81,Liveright Publishing Corporation,Hardcover,279,2012,2011,4/26/17,10/23/15,,,read,,,,1,0
30759299,Revolution for Dummies: Laughing through the Arab Spring,Bassem Youssef,"Youssef, Bassem",,0062446916,9780062446916,0,4.19,Dey Street Books,Kindle Edition,289,2017,2017,,4/8/17,to-read,to-read (#254),to-read,,,,0,0
29610119,"The Memory Illusion: Remembering, Forgetting, and the Science of False Memory",Julia  Shaw,"Shaw, Julia",,,,0,3.93,Cornerstone Digital,Kindle Edition,319,2016,2016,,4/6/17,to-read,to-read (#252),to-read,,,,0,0
8664353,"Unbroken: A World War II Story of Survival, Resilience and Redemption",Laura Hillenbrand,"Hillenbrand, Laura",,1400064163,9781400064168,0,4.39,Random House,Hardcover,475,2010,2010,,4/6/17,to-read,to-read (#251),to-read,,,,0,0
29,The Mother Tongue: English and How It Got That Way,Bill Bryson,"Bryson, Bill",,0380715430,9780380715435,0,3.91,William Morrow Paperbacks,Paperback,270,1991,1990,,8/19/16,to-read,to-read (#222),to-read,,,,0,0
22318398,Future Crimes,Marc Goodman,"Goodman, Marc",,0385539002,9780385539005,0,3.93,Doubleday,Hardcover,393,2015,2015,,4/15/15,stopped-reading,stopped-reading (#7),stopped-reading,,,,0,0
17349805,Consciousness and the Social Brain,Michael S.A. Graziano,"Graziano, Michael S.A.",,0199928649,9780199928644,0,4.15,Oxford University Press,Hardcover,280,2013,2013,,4/2/15,paused-and-may-try-again-perhaps,paused-and-may-try-again-perhaps (#2),paused-and-may-try-again-perhaps,,,,0,0
18377967,The Myth of Mirror Neurons: The Real Neuroscience of Communication and Cognition,Gregory Hickok,"Hickok, Gregory",,0393089614,9780393089615,0,3.78,W. W. Norton & Company,Hardcover,304,2014,2014,,3/27/15,paused-and-may-try-again-perhaps,paused-and-may-try-again-perhaps (#1),paused-and-may-try-again-perhaps,,,,0,0
17349,The Demon-Haunted World: Science as a Candle in the Dark,Carl Sagan,"Sagan, Carl",Ann Druyan,0345409469,9780345409461,0,4.29,Ballantine Books,Paperback,459,1997,1995,,2/26/14,"to-read, kindle","to-read (#73), kindle (#48)",to-read,,,,0,0
900892,A Random Walk Down Wall Street,Burton G. Malkiel,"Malkiel, Burton G.",,0393325350,9780393325355,0,4.14,W. W. Norton & Company,Paperback,464,2003,1973,,3/5/17,to-read,to-read (#250),to-read,,,,0,0
3323374,Inspired: How To Create Products Customers Love,Marty Cagan,"Cagan, Marty",,0981690408,9780981690407,0,4.24,SVPG Press,Hardcover,242,2008,2008,,12/17/16,to-read,to-read (#245),to-read,,,,0,0
840,The Design of Everyday Things,Donald A. Norman,"Norman, Donald A.",,0465067107,9780465067107,0,4.15,Basic Books,Paperback,257,2002,1988,,4/14/16,to-read,to-read (#201),to-read,,,,0,0
18693884,How Not to Be Wrong: The Power of Mathematical Thinking,Jordan Ellenberg,"Ellenberg, Jordan",,1594205221,9781594205224,4,3.95,Penguin Press,Hardcover,480,2014,2014,3/17/17,10/23/15,,,read,,,,1,0
91017,Rubicon: The Last Years of the Roman Republic,Tom Holland,"Holland, Tom",,1400078970,9781400078974,0,4.22,Anchor Books,Paperback,408,2005,2003,,2/24/17,to-read,to-read (#249),to-read,,,,0,0
25733966,Smarter Faster Better: The Secrets of Being Productive in Life and Business,Charles Duhigg,"Duhigg, Charles",,081299339X,9780812993394,3,3.9,Random House,Hardcover,400,2016,2016,2/24/17,8/16/16,,,read,,,,1,0
978689,They Thought They Were Free: The Germans 1933-45,Milton Sanford Mayer,"Mayer, Milton Sanford",,0226511928,9780226511924,0,4.12,Phoenix Books/University of Chicago Press,Paperback,346,1966,1955,,2/7/17,to-read,to-read (#248),to-read,,,,0,0
25814289,Dark Territory: The Secret History of Cyber War,Fred  Kaplan,"Kaplan, Fred",,1476763259,9781476763255,4,3.9,Simon & Schuster,Hardcover,339,2016,2016,2/1/17,8/18/16,,,read,,,,1,0
22889752,The Upright Thinkers: The Human Journey from Living in Trees to Understanding the Cosmos,Leonard Mlodinow,"Mlodinow, Leonard",,0307908232,9780307908230,4,4.13,Pantheon,Hardcover,352,2015,2015,1/18/17,12/7/16,,,read,,,,1,0
55403,Black Hawk Down: A Story of Modern War,Mark Bowden,"Bowden, Mark",,0871137380,9780871137388,0,4.3,Atlantic Monthly Press,Hardcover,386,1999,1999,,12/17/16,"kindle, to-read","kindle (#40), to-read (#247)",to-read,,,,0,0
2429135,"The Girl with the Dragon Tattoo (Millennium, #1)",Stieg Larsson,"Larsson, Stieg",Reg Keeland,0670069019,9780670069019,0,4.17,Viking Canada,Hardcover,480,2008,2005,,12/17/16,"kindle, to-read","kindle (#50), to-read (#246)",to-read,,,,0,0
30334134,The Undoing Project: A Friendship That Changed Our Minds,Michael   Lewis,"Lewis, Michael",,0393254593,9780393254594,4,3.99,W. W. Norton & Company,Hardcover,362,2016,2016,12/26/16,12/7/16,books-to-buy-hardcopy,books-to-buy-hardcopy (#1),read,,,,1,0
25100707,Misbehaving: The Making of Behavioral Economics,Richard H. Thaler,"Thaler, Richard H.",,0393246779,9780393246773,4,4.16,W. W. Norton & Company,Kindle Edition,434,2015,2016,12/28/16,8/18/16,,,read,,,,1,0
6098718,Wired for War: The Robotics Revolution and Conflict in the 21st Century,P.W. Singer,"Singer, P.W.",,1594201986,9781594201981,4,3.97,Penguin Press,Hardcover,499,2009,2009,1/26/14,12/21/13,"favorites, books-to-buy-hardcopy, kindle","favorites (#21), books-to-buy-hardcopy (#19), kindle (#64)",read,,,,1,0
8920565,Wild Bill Donovan: The Spymaster Who Created the OSS and Modern American Espionage,Douglas C. Waller,"Waller, Douglas C.",,1416567445,9781416567448,0,3.76,Simon & Schuster,Hardcover,480,2011,2011,,12/17/16,"kindle, to-read","kindle (#63), to-read (#244)",to-read,,,,0,0
2936415,Where Men Win Glory: The Odyssey of Pat Tillman,Jon Krakauer,"Krakauer, Jon",,0385522266,9780385522267,4,4.08,Doubleday,Hardcover,383,2009,2009,,2/21/14,kindle,kindle (#62),read,,,,1,0
42512,We Were Soldiers Once... and Young: Ia Drang - The Battle that Changed the War in Vietnam,Harold G. Moore,"Moore, Harold G.",Joseph L. Galloway,034547581X,9780345475817,0,4.33,Presidio Press,Paperback,480,2004,1991,,11/28/14,"to-read, kindle","to-read (#138), kindle (#60)",to-read,,,,0,0
9791,A Walk in the Woods: Rediscovering America on the Appalachian Trail,Bill Bryson,"Bryson, Bill",,0307279464,9780307279460,5,4.07,Vintage,Mass Market Paperback,397,2006,1998,6/21/15,5/18/15,"favorites, kindle","favorites (#4), kindle (#59)",read,,,,1,0
9827912,Incognito: The Secret Lives of the Brain,David Eagleman,"Eagleman, David",,0307377334,9780307377333,4,4.08,Pantheon,Hardcover,290,2011,2011,11/8/15,8/16/15,"favorites, kindle","favorites (#3), kindle (#56)",read,,,,1,0
168642,In Cold Blood,Truman Capote,"Capote, Truman",,0679745580,9780679745587,4,4.09,Vintage,Paperback,343,1994,1959,6/9/15,10/4/13,"books-to-buy-hardcopy, kindle","books-to-buy-hardcopy (#20), kindle (#55)",read,,,,1,0
7332753,Hitch 22: A Memoir,Christopher Hitchens,"Hitchens, Christopher",,0446540331,9780446540339,4,4.02,Twelve,Hardcover,435,2010,2010,,10/4/13,"kindle, favorites, books-to-buy-hardcopy","kindle (#30), favorites (#22), books-to-buy-hardcopy (#24)",read,,,,1,0
358936,A History of the Jews,Paul  Johnson,"Johnson, Paul",,0060915331,9780060915339,0,4.16,Harper & Row,Paperback,644,1988,1987,,12/17/16,"kindle, to-read","kindle (#54), to-read (#243)",to-read,,,,0,0
6772529,"The Hidden Brain: How Our Unconscious Minds Elect Presidents, Control Markets, Wage Wars, and Save Our Lives",Shankar Vedantam,"Vedantam, Shankar",,0385525214,9780385525213,0,3.98,Spiegel & Grau,Hardcover,270,2010,2009,,12/17/16,"kindle, to-read","kindle (#52), to-read (#242)",to-read,,,,0,0
9274707,Harlem: The Four Hundred Year History from Dutch Village to Capital of Black America,Jonathan Gill,"Gill, Jonathan",,0802119107,9780802119100,0,3.83,Grove Press,Hardcover,448,2011,2011,,12/17/16,"kindle, to-read","kindle (#51), to-read (#241)",to-read,,,,0,0
208405,Death of Innocence: The Story of the Hate Crime That Changed America,Mamie Till-Mobley,"Till-Mobley, Mamie",Christopher Benson,0812970470,9780812970470,0,4.43,One World/Ballantine,Paperback,320,2004,2003,,12/17/16,"kindle, to-read","kindle (#47), to-read (#240)",to-read,,,,0,0
7905092,Freedom,Jonathan Franzen,"Franzen, Jonathan",,0374158460,9780374158460,5,3.79,"Farrar, Straus and Giroux",Hardcover,562,2010,2010,11/26/10,12/21/10,"favorites, kindle","favorites (#26), kindle (#46)",read,,,,1,0
161744,Common Sense,Thomas Paine,"Paine, Thomas",George Vafiadis,0143036254,9780143036258,0,4,Penguin,Paperback,104,2005,1776,,12/17/16,"kindle, to-read","kindle (#44), to-read (#239)",to-read,,,,0,0
13484112,The Command: Deep Inside The President's Secret Army,Marc Ambinder,"Ambinder, Marc",,,,0,3.66,Wiley and Sons,Kindle Edition,71,2012,2012,3/1/12,11/12/14,kindle,kindle (#43),read,,,,1,0
135479,Cat’s Cradle,Kurt Vonnegut Jr.,"Jr., Kurt Vonnegut",,,,0,4.15,Penguin,Paperback,306,1999,1963,,6/29/14,"to-read, kindle","to-read (#92), kindle (#42)",to-read,,,,0,0
8445273,Brain Rules for Baby: How to Raise a Smart and Happy Child from Zero to Five,John Medina,"Medina, John",,0979777763,9780979777769,0,4.3,Pear Press,Audiobook,299,2010,2010,6/28/14,4/12/14,kindle,kindle (#41),read,,,,1,0
138349,Before the Storm: Barry Goldwater and the Unmaking of the American Consensus,Rick Perlstein,"Perlstein, Rick",,0809028581,9780809028580,0,4.24,Hill and Wang,Paperback,672,2002,2001,,12/17/16,"to-read, kindle","to-read (#238), kindle (#37)",to-read,,,,0,0
1885,Pride and Prejudice,Jane Austen,"Austen, Jane",Anna Quindlen,1441341706,9781441341709,0,4.29,Modern Library,Paperback,279,2023,1813,,12/17/16,"kindle, not-for-me","kindle (#35), not-for-me (#17)",not-for-me,,,,0,0
21348,Aesop’s Fables,Aesop,"Aesop, Aesop","Laura Harris, V.S. Vernon Jones, Edward Julius Detmold, G.K. Chesterton, Laura   Gibbs",0192840509,9780192840509,0,4.05,Oxford University Press,Paperback,352,2003,-560,,12/17/16,"not-for-me, kindle","not-for-me (#16), kindle (#36)",not-for-me,,,,0,0
26530355,Misbehaving: The Making of Behavioral Economics,Richard H. Thaler,"Thaler, Richard H.",,039335279X,9780393352795,0,4.16,W. W. Norton & Company,Paperback,358,2016,2016,,12/17/16,"books-to-buy-hardcopy, kindle","books-to-buy-hardcopy (#23), kindle (#32)",read,,,,1,0
7624086,"Hellhound on His Trail: The Stalking of Martin Luther King, Jr. and the International Hunt for His Assassin",Hampton Sides,"Sides, Hampton",,0385523920,9780385523929,4,4.33,Doubleday,Hardcover,397,2010,2010,11/5/13,10/4/13,"favorites, books-to-buy-hardcopy","favorites (#25), books-to-buy-hardcopy (#22)",read,,,,1,0
13588394,The Signal and the Noise: Why So Many Predictions Fail—But Some Don't,Nate Silver,"Silver, Nate",,159420411X,9781594204111,4,3.97,Penguin,Hardcover,544,2012,2012,5/31/14,10/4/13,"favorites, books-to-buy-hardcopy","favorites (#23), books-to-buy-hardcopy (#21)",read,,,,1,0
1301,Moneyball,Michael   Lewis,"Lewis, Michael",,0393324818,9780393324815,4,4.26,W. W. Norton & Company,Paperback,317,2004,2003,12/17/13,12/21/13,"favorites, books-to-buy-hardcopy","favorites (#20), books-to-buy-hardcopy (#18)",read,,,,1,0
8034188,Where Good Ideas Come From: The Natural History of Innovation,Steven Johnson,"Johnson, Steven",,1594487715,9781594487712,4,4,Riverhead Books,Hardcover,326,2010,2010,3/8/14,2/21/14,"favorites, books-to-buy-hardcopy","favorites (#18), books-to-buy-hardcopy (#17)",read,,,,1,0
1566053,The Portable Atheist: Essential Readings for the Nonbeliever,Christopher Hitchens,"Hitchens, Christopher",,0306816083,9780306816086,0,4.03,Da Capo Press/Perseus Books (Philadelphia),Paperback,525,2007,2007,4/12/14,2/21/14,books-to-buy-hardcopy,books-to-buy-hardcopy (#16),read,,,,1,0
13425592,"Devil in the Grove: Thurgood Marshall, the Groveland Boys, and the Dawn of a New America",Gilbert King,"King, Gilbert",,0062097717,9780062097712,4,4.4,Harper,ebook,434,2012,2012,4/27/14,3/16/14,"favorites, books-to-buy-hardcopy","favorites (#13), books-to-buy-hardcopy (#15)",read,This is a very good book and highly recommended.  It is a well told story and a story that needs to be told. ,,,1,0
8213519,The Big Short: Inside the Doomsday Machine,Michael   Lewis,"Lewis, Michael",,0393078191,9780393078190,4,4.3,W. W. Norton & Company,Kindle Edition,287,2010,2010,,7/5/14,"kindle, books-to-buy-hardcopy","kindle (#17), books-to-buy-hardcopy (#13)",read,,,,1,0
6323016,Boyd: The Fighter Pilot Who Changed the Art of War,Robert Coram,"Coram, Robert",,,,4,4.18,,Kindle Edition,320,,,,7/5/14,"kindle, favorites, books-to-buy-hardcopy","kindle (#12), favorites (#11), books-to-buy-hardcopy (#12)",read,,,,1,0
681941,The Moral Animal: Why We Are the Way We Are - The New Science of Evolutionary Psychology,Robert Wright,"Wright, Robert",,0679763996,9780679763994,3,4.08,Vintage,Paperback,496,1995,1994,9/30/14,7/5/14,"books-to-buy-hardcopy, 2024-bookshelf","books-to-buy-hardcopy (#11), 2024-bookshelf (#129)",read,,,,1,0
61535,The Selfish Gene,Richard Dawkins,"Dawkins, Richard",,0199291152,9780199291151,3,4.16,Oxford University Press,Paperback,360,2006,1976,3/17/15,6/29/14,books-to-buy-hardcopy,books-to-buy-hardcopy (#10),read,,,,1,0
23692271,Sapiens: A Brief History of Humankind,Yuval Noah Harari,"Harari, Yuval Noah",,,,5,4.35,Vintage,Paperback,512,2015,2011,7/25/15,5/18/15,"favorites, books-to-buy-hardcopy","favorites (#5), books-to-buy-hardcopy (#8)",read,,,,1,0
4069,Man’s Search for Meaning,Viktor E. Frankl,"Frankl, Viktor E.","Harold S. Kushner, William J. Winslade, Isle Lasch",080701429X,9780807014295,4,4.38,Beacon Press,Paperback,165,2006,1946,11/17/15,9/25/15,books-to-buy-hardcopy,books-to-buy-hardcopy (#7),read,,,,1,0
8574712,The Tell-Tale Brain: A Neuroscientist's Quest for What Makes Us Human,V.S. Ramachandran,"Ramachandran, V.S.",,0393077829,9780393077827,4,4.15,W. W. Norton & Company,Hardcover,384,2011,2010,1/5/16,10/29/15,books-to-buy-hardcopy,books-to-buy-hardcopy (#6),read,,,,1,0
13058637,Subliminal: How Your Unconscious Mind Rules Your Behavior,Leonard Mlodinow,"Mlodinow, Leonard",,0307378217,9780307378217,4,4.06,Pantheon Books,Hardcover,260,2012,2012,11/11/16,10/29/15,books-to-buy-hardcopy,books-to-buy-hardcopy (#5),read,,,,1,0
9938498,"In the Garden of Beasts: Love, Terror, and an American Family in Hitler's Berlin",Erik Larson,"Larson, Erik",,0307408841,9780307408846,4,3.89,Crown,Hardcover,448,2011,2011,1/21/16,1/5/16,"favorites, books-to-buy-hardcopy","favorites (#2), books-to-buy-hardcopy (#4)",read,,,,1,0
23995360,Superforecasting: The Art and Science of Prediction,Philip E. Tetlock,"Tetlock, Philip E.",Dan Gardner,0804136696,9780804136693,4,4.08,Crown,Hardcover,352,2015,2015,9/27/16,9/12/16,books-to-buy-hardcopy,books-to-buy-hardcopy (#3),read,,,,1,0
15992204,The Righteous Mind: Why Good People are Divided by Politics and Religion,Jonathan Haidt,"Haidt, Jonathan",,0307907031,9780307907035,4,4.2,Pantheon,Kindle Edition,530,2012,2012,11/24/16,9/26/16,books-to-buy-hardcopy,books-to-buy-hardcopy (#2),read,,,,1,0
13372977,Private Empire: ExxonMobil and American Power,Steve Coll,"Coll, Steve",,1594203350,9781594203350,0,3.99,The Penguin Press,Hardcover,685,2012,2012,,12/10/16,to-read,to-read (#237),to-read,,,,0,0
4487598,The Bonobo and the Atheist: In Search of Humanism Among the Primates,Frans de Waal,"Waal, Frans de",Jonathan        Davis,0393073777,9780393073775,0,4.15,W. W. Norton & Company,Hardcover,289,2013,2013,,12/7/16,to-read,to-read (#236),to-read,,,,0,0
225880,Descartes' Baby: How the Science of Child Development Explains What Makes Us Human,Paul Bloom,"Bloom, Paul",,0465007864,9780465007868,0,3.89,Basic Books,Paperback,288,2005,2004,,12/7/16,to-read,to-read (#235),to-read,,,,0,0
8520362,The Grand Design,Stephen Hawking,"Hawking, Stephen",Leonard Mlodinow,0553805371,9780553805376,0,4.06,Bantam,Hardcover,199,2010,2010,,12/7/16,to-read,to-read (#234),to-read,,,,0,0
18667960,"A Troublesome Inheritance: Genes, Race and Human History",Nicholas Wade,"Wade, Nicholas",,1594204462,9781594204463,0,3.73,Penguin Press,Hardcover,288,2014,2014,,11/27/16,to-read,to-read (#233),to-read,,,,0,0
10794666,Welcome to Your Child's Brain: How the Mind Grows from Conception to College,Sandra Aamodt,"Aamodt, Sandra",Sam Wang,1596916494,9781596916494,0,3.82,Bloomsbury USA,Hardcover,336,2011,2011,,11/7/16,to-read,to-read (#231),to-read,,,,0,0
289467,Lean Thinking: Banish Waste and Create Wealth in Your Corporation,James P. Womack,"Womack, James P.",Daniel T. Jones,0743249275,9780743249270,0,3.92,Free Press,Hardcover,396,2003,1996,,10/16/16,to-read,to-read (#230),to-read,,,,0,0
93903,The Machine That Changed the World : The Story of Lean Production,James P. Womack,"Womack, James P.","Daniel T. Jones, Daniel Roos",0060974176,9780060974176,0,4.04,Harper Perennial,Paperback,323,1991,1990,,10/16/16,to-read,to-read (#229),to-read,,,,0,0
26720236,Grit: The Power of Passion and Perseverance,Angela Duckworth,"Duckworth, Angela",,,,0,4.08,Scribner,Kindle Edition,353,2016,2016,,10/14/16,to-read,to-read (#228),to-read,,,,0,0
26530386,"The Vital Question: Energy, Evolution, and the Origins of Complex Life",Nick Lane,"Lane, Nick",,0393352978,9780393352979,0,4.18,W. W. Norton & Company,Paperback,368,2016,2015,,10/14/16,to-read,to-read (#227),to-read,,,,0,0
113714,Psychology of Intelligence Analysis,Richards J. Heuer Jr.,"Jr., Richards J. Heuer",,1594546797,9781594546792,0,4.28,Novinka Books,Paperback,216,2005,1999,,9/25/16,to-read,to-read (#225),to-read,,,,0,0
6687247,Too Big to Fail: The Inside Story of How Wall Street and Washington Fought to Save the Financial System from Crisis — and Themselves,Andrew Ross Sorkin,"Sorkin, Andrew Ross",,0670021253,9780670021253,3,4.15,Viking,Hardcover,600,2009,2009,9/19/16,8/19/16,,,read,,,,1,0
2707124,My Father's Country: Story of a German Family,Wibke Bruhns,"Bruhns, Wibke",Shaun Whiteside,,,0,4.01,Vintage,Paperback,363,2008,2004,,9/12/16,to-read,to-read (#224),to-read,,,,0,0
30136324,The Best of Adam Sharp,Graeme Simsion,"Simsion, Graeme",,1925355373,9781925355376,0,3.09,Text Publishing ,Paperback,372,2016,2016,,8/19/16,to-read,to-read (#223),to-read,,,,0,0
835623,How the Mind Works,Steven Pinker,"Pinker, Steven",,0393318486,9780393318487,0,3.99,W. W. Norton  Company,Paperback,660,1999,1997,,8/18/16,to-read,to-read (#221),to-read,,,,0,0
7108725,Start with Why: How Great Leaders Inspire Everyone to Take Action,Simon Sinek,"Sinek, Simon",,1591842808,9781591842804,0,4.1,Portfolio,Hardcover,256,2009,2009,,8/18/16,to-read,to-read (#220),to-read,,,,0,0
22934531,Widgets: The 12 New Rules for Managing Your Employees As If They're Real People,Rodd Wagner,"Wagner, Rodd",,0071847790,9780071847797,0,3.79,McGraw Hill,Hardcover,256,2015,2015,,8/18/16,to-read,to-read (#215),to-read,,,,0,0
24911006,Missoula: Rape and the Justice System in a College Town,Jon Krakauer,"Krakauer, Jon",,0385538731,9780385538732,0,4.11,Doubleday,Hardcover,368,2015,2015,,8/18/16,to-read,to-read (#219),to-read,,,,0,0
21865097,One Million Steps: A Marine Platoon at War,Bing West,"West, Bing",,1400068746,9781400068746,0,4.23,Random House,Hardcover,320,2014,2014,,8/18/16,to-read,to-read (#217),to-read,,,,0,0
4271,About a Boy,Nick Hornby,"Hornby, Nick","Udo Wachtveitl, Julian Rhind-Tutt, Christophe Mercier, Federica Pedrotti",0140285679,9780140285673,0,3.8,Penguin Books,Mass Market Paperback,307,2000,1998,,8/18/16,to-read,to-read (#216),to-read,,,,0,0
781182,Barbarians at the Gate: The Fall of RJR Nabisco,Bryan Burrough,"Burrough, Bryan",John Helyar,0060536357,9780060536350,0,4.28,HarperBus,Paperback,592,2005,1989,,10/4/13,to-read,to-read (#9),to-read,,,,0,0
10644930,11/22/63,Stephen        King,"King, Stephen",,1451627289,9781451627282,0,4.34,Scribner,Hardcover,849,2011,2011,,10/4/13,to-read,to-read (#6),to-read,,,,0,0
20613654,Fives and Twenty-Fives,Michael Pitre,"Pitre, Michael",,162040754X,9781620407547,0,4.06,Bloomsbury USA,Hardcover,380,2014,2014,,8/18/16,to-read,to-read (#214),to-read,,,,0,0
5933841,Inherent Vice,Thomas Pynchon,"Pynchon, Thomas",,1594202249,9781594202247,0,3.78,Penguin Press,Hardcover,369,2009,2009,,8/18/16,to-read,to-read (#213),to-read,,,,0,0
216363,The Man in the High Castle,Philip K. Dick,"Dick, Philip K.",,0679740678,9780679740674,0,3.6,Vintage,Paperback,259,1992,1962,,8/18/16,to-read,to-read (#212),to-read,,,,0,0
7841446,"In the Plex: How Google Thinks, Works, and Shapes Our Lives",Steven Levy,"Levy, Steven",,1416596585,9781416596585,0,3.84,Simon & Schuster,Hardcover,432,2011,2011,,8/18/16,to-read,to-read (#211),to-read,,,,0,0
10884,Einstein: His Life and Universe,Walter Isaacson,"Isaacson, Walter",,0743264738,9780743264730,0,4.17,Simon & Schuster,Hardcover,675,2007,2007,,8/18/16,to-read,to-read (#210),to-read,,,,0,0
20527133,"Superintelligence: Paths, Dangers, Strategies",Nick Bostrom,"Bostrom, Nick",,0199678111,9780199678112,0,3.86,Oxford University Press,Hardcover,352,2014,2014,,8/18/16,to-read,to-read (#209),to-read,,,,0,0
19286583,"Level Zero Heroes: The Story of U.S. Marine Special Operations in Bala Murghab, Afghanistan",Michael Golembesky,"Golembesky, Michael",John R. Bruning,1250030404,9781250030405,0,4.31,St. Martin's Press,Hardcover,320,2014,2014,,8/18/16,to-read,to-read (#208),to-read,,,,0,0
11256415,"Inferno: The World at War, 1939-1945",Max Hastings,"Hastings, Max",,0307273598,9780307273598,0,4.35,Knopf,Hardcover,729,2011,2011,,8/18/16,to-read,to-read (#207),to-read,,,,0,0
22928874,Rise of the Robots: Technology and the Threat of a Jobless Future,Martin Ford,"Ford, Martin",,0465059996,9780465059997,4,3.97,Basic Books,Hardcover,352,2015,2015,8/11/16,8/22/15,,,read,,,,1,0
9681098,"The Fifth Witness (The Lincoln Lawyer, #4; Harry Bosch Universe, #23)",Michael    Connelly,"Connelly, Michael",,0316069353,9780316069359,3,4.23,"Little, Brown and Company",Hardcover,421,2011,2011,5/25/16,5/16/16,,,read,,,,1,0
17571564,"Hyperbole and a Half: Unfortunate Situations, Flawed Coping Mechanisms, Mayhem, and Other Things That Happened",Allie Brosh,"Brosh, Allie",,1451666179,9781451666175,0,4.17,Touchstone Books,Paperback,371,2013,2013,,5/22/16,to-read,to-read (#206),to-read,,,,0,0
21844019,"The Rosie Effect (Don Tillman, #2)",Graeme Simsion,"Simsion, Graeme",Maciej Potulny,1922182109,9781922182104,0,3.63,Text Publishing Company,Paperback,415,2014,2014,,12/8/14,to-read,to-read (#140),to-read,,,,0,0
6411016,Matterhorn,Karl Marlantes,"Marlantes, Karl",,0979528534,9780979528538,0,4.26,El Leon Literary Arts,Paperback,663,2009,2010,,5/16/16,to-read,to-read (#205),to-read,,,,0,0
19631,Birds of America: Stories,Lorrie Moore,"Moore, Lorrie",,0312241224,9780312241223,0,4.1,Picador,Paperback,308,1999,1998,,5/8/16,to-read,to-read (#204),to-read,,,,0,0
7783191,The Invisible Gorilla: And Other Ways Our Intuitions Deceive Us,Christopher Chabris,"Chabris, Christopher",Daniel Simons,0307459659,9780307459657,0,3.91,Harmony,Hardcover,320,2010,2010,,5/6/16,to-read,to-read (#203),to-read,,,,0,0
24612233,The Master Algorithm: How the Quest for the Ultimate Learning Machine Will Remake Our World,Pedro Domingos,"Domingos, Pedro",,0465065708,9780465065707,0,3.74,Basic Books,Hardcover,352,2015,2015,,5/2/16,to-read,to-read (#202),to-read,,,,0,0
7069,The World According to Garp,John Irving,"Irving, John",,0345915593,9780345915597,5,4.1,Ballantine Books,Hardcover,610,1999,1978,,4/15/16,favorites,favorites (#27),read,,,,1,0
11297044,Steve Jobs,Walter Isaacson,"Isaacson, Walter",,,,4,4.15,Simon & Schuster Digital Sales,Kindle Edition,656,2011,2011,,1/3/14,favorites,favorites (#19),read,,,,1,0
1845,Into the Wild,Jon Krakauer,"Krakauer, Jon",,0385486804,9780385486804,4,4.01,Anchor Books,Paperback,207,1997,1996,9/25/15,2/21/14,favorites,favorites (#17),read,,,,1,0
87119,The Assassins’ Gate: America in Iraq,George Packer,"Packer, George",,0374530556,9780374530556,4,4.05,"Farrar, Straus and Giroux",Paperback,512,2006,2005,,2/21/14,favorites,favorites (#16),read,,,,1,0
29358,Charlie Wilson's War: The Extraordinary Story of How the Wildest Man in Congress and a Rogue CIA Agent Changed the History of our Times,George Crile,"Crile, George",,0802141242,9780802141248,4,4,Grove Press,Paperback,560,2004,2003,,2/21/14,favorites,favorites (#15),read,,,,1,0
3559,From Beirut to Jerusalem,Thomas L. Friedman,"Friedman, Thomas L.",,0385413726,9780385413725,5,4.14,Anchor,Paperback,541,1995,1989,,7/5/14,favorites,favorites (#10),read,,,,1,0
21,A Short History of Nearly Everything,Bill Bryson,"Bryson, Bill",,076790818X,9780767908184,5,4.22,Crown,Paperback,544,2004,2003,1/23/15,11/6/14,favorites,favorites (#8),read,,,,1,0
21480734,Dataclysm: Who We Are (When We Think No One's Looking),Christian Rudder,"Rudder, Christian",,0385347375,9780385347372,4,3.73,Crown,Hardcover,304,2014,2014,,5/18/15,favorites,favorites (#6),read,,,,1,0
18007564,The Martian,Andy Weir,"Weir, Andy",,0804139024,9780804139021,5,4.42,Ballantine Books,Hardcover,384,2014,2011,2/22/16,2/21/16,favorites,favorites (#1),read,,,,1,0
13078769,Running Lean: Iterate from Plan A to a Plan That Works,Ash Maurya,"Maurya, Ash",,1449305172,9781449305178,0,4.08,O'Reilly Media,Paperback,235,2012,2012,,4/9/16,to-read,to-read (#200),to-read,,,,0,0
789376,The Nuremberg Trial,Ann Tusa,"Tusa, Ann",John Tusa,0815412622,9780815412625,0,4.09,Cooper Square Press,Paperback,536,2003,1984,,4/9/16,to-read,to-read (#199),to-read,,,,0,0
5752,The Blank Slate: The Modern Denial of Human Nature,Steven Pinker,"Pinker, Steven",,0142003344,9780142003343,3,4.09,Penguin Books,Paperback,560,2003,2002,2/5/16,7/5/14,,,read,,,,1,0
16144853,Leaders Eat Last: Why Some Teams Pull Together and Others Don't,Simon Sinek,"Sinek, Simon",,1591845327,9781591845324,0,4.1,Portfolio,Hardcover,350,2014,2014,,2/2/16,to-read,to-read (#197),to-read,,,,0,0
22895696,The Whites,Harry Brandt,"Brandt, Harry",Richard Price,0805093990,9780805093995,0,3.64,Henry Holt and Co.,Hardcover,333,2015,2015,,12/10/15,to-read,to-read (#196),to-read,,,,0,0
311504,Riding Rockets,Mike Mullane,"Mullane, Mike",,0743276833,9780743276832,0,4.2,Scribner,Paperback,382,2007,2006,,12/10/15,to-read,to-read (#195),to-read,,,,0,0
4894,Who Moved My Cheese? An Amazing Way to Deal with Change in Your Work and in Your Life...,Spencer Johnson,"Johnson, Spencer",Kenneth H. Blanchard,0091883768,9780091883768,0,3.86,Vermilion,Hardcover,98,2002,1999,,12/10/15,to-read,to-read (#194),to-read,,,,0,0
15014,Crucial Conversations: Tools for Talking When Stakes are High,Kerry Patterson,"Patterson, Kerry","Stephen R. Covey, Joseph Grenny, Ron McMillan, Al Switzler",0071401946,9780071401944,0,4.07,McGraw-Hill,Paperback,240,2002,2002,,12/10/15,to-read,to-read (#193),to-read,,,,0,0
10639,The Paradox of Choice: Why More Is Less,Barry Schwartz,"Schwartz, Barry",,0060005696,9780060005696,0,3.84,Harper Perennial,Paperback,265,2005,2004,,12/10/15,to-read,to-read (#192),to-read,,,,0,0
78991,Zoom,Istvan Banyai,"Banyai, Istvan",,0140557741,9780140557749,0,4.3,Puffin Books,Paperback,64,1998,1995,,12/10/15,"children-books, not-for-me","children-books (#15), not-for-me (#15)",not-for-me,,,,0,0
13558930,The Wide Lens,Ron Adner,"Adner, Ron",,0670921688,9780670921683,0,4.13,Penguin Putnam,Paperback,288,2012,2012,,12/10/15,to-read,to-read (#191),to-read,,,,0,0
13598053,"Internal Time: Chronotypes, Social Jet Lag, and Why You're So Tired",Till Roenneberg,"Roenneberg, Till",,0674065859,9780674065857,0,3.7,Harvard University Press,Hardcover,288,2012,2010,,12/10/15,to-read,to-read (#190),to-read,,,,0,0
17331349,Think Like a Freak,Steven D. Levitt,"Levitt, Steven D.",Stephen J. Dubner,0062218360,9780062218360,0,3.86,William Morrow,Kindle Edition,0,2014,2014,,12/9/15,to-read,to-read (#189),to-read,,,,0,0
101438,Skunk Works: A Personal Memoir of My Years at Lockheed,Ben R. Rich,"Rich, Ben R.",Leo Janos,,,0,4.46,"Back Bay Books/Little, Brown & Co. (NY)",Paperback,382,1996,1994,,12/9/15,to-read,to-read (#188),to-read,,,,0,0
821914,Everything and More: A Compact History of Infinity,David Foster Wallace,"Wallace, David Foster",,0393003388,9780393003383,0,3.73,W. W. Norton & Company,Hardcover,319,2003,2003,,12/9/15,to-read,to-read (#187),to-read,,,,0,0
2368565,Of Them That Left a Name Behind: A History of the Starnes Family's First 125 Years and Beyond in America,H. Gerald Starnes,"Starnes, H. Gerald",,0788421417,9780788421419,0,5,Heritage Books,Hardcover,785,2007,2002,,12/9/15,to-read,to-read (#186),to-read,,,,0,0
16181775,"The Rosie Project (Don Tillman, #1)",Graeme Simsion,"Simsion, Graeme",,1476729085,9781476729084,4,4.01,Simon & Schuster,Hardcover,292,2013,2013,12/2/15,12/8/14,,,read,"I enjoyed this book immensely. Don Tillman is a fantastic character. Funny and endearing book. Highly recommended.  <br/><br/>Below is a short excerpt that I see as a great example of Don Tillman hilariousness (this betrays no plot and is in the first 50 pages, so I don't think its a spoiler)....<br/>‘I’m wearing a jacket.’<br/>‘I’m afraid we require something a little more formal, sir.’<br/>The hotel employee indicated his own jacket as an example. In defense of what followed, I submit the Oxford English Dictionary definition of ‘jacket’: 1(a) An outer garment for the upper part of the body.  I also note that the word ‘jacket’ appears on the care instructions for my relatively new and perfectly clean Gore-Tex ‘jacket’. But it seemed his definition of jacket was limited to ‘conventional suit jacket’. <br/>‘We would be happy to lend you one, sir. In this style.’ <br/>‘You have a supply of jackets? In every possible size?’ I did not add that the need to maintain such an inventory was surely evidence of their failure to communicate the rule clearly, and that it would be more efficient to improve their wording or abandon the rule altogether. Nor did I mention that the cost of jacket purchase and cleaning must add to the price of their meals. Did their customers know that they were subsidizing a jacket warehouse? <br/>…My Gore-Tex jacket, the high-technology garment that had protected me in rain and snowstorms, was being irrationally, unfairly and obstructively contrasted with the official’s essentially decorative woolen equivalent. I had paid $1,015 for it, including $120 extra for the customized reflective yellow. I outlined my argument. <br/>‘My jacket is superior to yours by all reasonable criteria: impermeability to water, visibility in low light, storage capacity.’ I unzipped the jacket to display the internal pockets and continued, ‘Speed of drying, resistance to food stains, hood ...’ <br/>And it goes on... but you get the idea.  Good stuff!",,,1,0
22749750,The Turner House,Angela Flournoy,"Flournoy, Angela",,0544303164,9780544303164,0,3.64,Houghton Mifflin Harcourt,Hardcover,341,2015,2015,,11/27/15,to-read,to-read (#185),to-read,,,,0,0
22237161,The Sellout,Paul Beatty,"Beatty, Paul",,0374260508,9780374260507,0,3.75,"Farrar, Straus and Giroux",Hardcover,289,2015,2015,,11/27/15,to-read,to-read (#184),to-read,,,,0,0
22444789,Delicious Foods,James Hannaham,"Hannaham, James",,0316284947,9780316284943,0,3.81,"Little, Brown",Hardcover,371,2015,2015,,11/27/15,to-read,to-read (#183),to-read,,,,0,0
26570149,Brain and Behavior: A Cognitive Neuroscience Perspective,David Eagleman,"Eagleman, David",Jonathan Downar,0195377680,9780195377682,0,4.26,Oxford University Press,Hardcover,688,2015,2015,,11/25/15,to-read,to-read (#182),to-read,,,,0,0
22557272,The Girl on the Train,Paula Hawkins,"Hawkins, Paula",,1594633665,9781594633669,3,3.96,Riverhead Books,Hardcover,336,2015,2015,11/4/15,9/6/15,,,read,,,,1,0
4948826,Sum: Forty Tales from the Afterlives,David Eagleman,"Eagleman, David",,0307377342,9780307377340,0,4.12,Pantheon,Hardcover,110,2009,2009,,11/2/15,to-read,to-read (#181),to-read,,,,0,0
15818077,"The Secrets of Happy Families: Improve Your Mornings, Rethink Family Dinner, Fight Smarter, Go Out and Play, and Much More",Bruce Feiler,"Feiler, Bruce",,0061778737,9780061778735,0,3.98,William Morrow,Hardcover,292,2013,2013,,11/1/15,to-read,to-read (#180),to-read,,,,0,0
6666101,The Mindfulness Solution: Everyday Practices for Everyday Problems,Ronald D. Siegel,"Siegel, Ronald D.",,1606232940,9781606232941,0,4.04,The Guilford Press,Paperback,356,2010,2009,,11/1/15,to-read,to-read (#179),to-read,,,,0,0
25620915,Killing a King: The Assassination of Yitzhak Rabin and the Remaking of Israel,Dan Ephron,"Ephron, Dan",,0393242102,9780393242102,0,4.33,W. W. Norton & Company,Kindle Edition,311,2015,2015,,10/29/15,to-read,to-read (#178),to-read,,,,0,0
20518974,Star Stuff: Carl Sagan and the Mysteries of the Cosmos,Stephanie Roth Sisson,"Sisson, Stephanie Roth",,1596439602,9781596439603,0,4.12,Roaring Brook Press,Hardcover,42,2014,2014,,10/23/15,"not-for-me, children-books","not-for-me (#14), children-books (#14)",not-for-me,,,,0,0
13624682,Big Questions from Little People: And Simple Answers from Great Minds,Gemma Elwin Harris,"Harris, Gemma Elwin",,0062223224,9780062223227,0,3.88,Ecco,Hardcover,336,2012,2012,,10/23/15,"not-for-me, children-books","not-for-me (#13), children-books (#13)",not-for-me,,,,0,0
13584764,You Are Stardust,Elin Kelsey,"Kelsey, Elin",Soyeon Kim,1926973356,9781926973357,0,4.3,Owlkids,Hardcover,32,2012,2011,,10/23/15,"not-for-me, children-books","not-for-me (#12), children-books (#12)",not-for-me,,,,0,0
21423950,"Ah-Ha to Zig-Zag: 31 Objects from Cooper Hewitt, Smithsonian Design Museum",Maira Kalman,"Kalman, Maira",,0847843777,9780847843770,0,4.01,Skira Rizzoli,Hardcover,48,2014,2014,,10/23/15,"not-for-me, children-books","not-for-me (#11), children-books (#11)",not-for-me,,,,0,0
7022939,How to Do Nothing with Nobody All Alone by Yourself: A Timeless Activity Guide to Self-Reliant Play and Joyful Solitude,Robert Paul Smith,"Smith, Robert Paul","Elinor Goulding Smith, Paul     Collins",0982053959,9780982053959,0,3.84,Tin House Books,Hardcover,130,2010,1958,,10/23/15,"not-for-me, children-books","not-for-me (#10), children-books (#10)",not-for-me,,,,0,0
22281031,Evolution: A Colouring Book,Annu Kilpelainen,"Kilpelainen, Annu",,1908714166,9781908714169,0,3.43,Cicada Books,Novelty Book,32,2014,2014,,10/23/15,"not-for-me, children-books","not-for-me (#9), children-books (#9)",not-for-me,,,,0,0
20821124,Once Upon an Alphabet: Short Stories for all the Letters,Oliver Jeffers,"Jeffers, Oliver",,0399167919,9780399167911,0,4.27,Philomel Books,Hardcover,112,2014,2014,,10/23/15,"not-for-me, children-books","not-for-me (#8), children-books (#8)",not-for-me,,,,0,0
21535526,Hug Me,Simona Ciraolo,"Ciraolo, Simona",,1909263494,9781909263499,0,4.02,Flying Eye Books,Hardcover,32,2014,2014,,10/23/15,"not-for-me, children-books","not-for-me (#7), children-books (#7)",not-for-me,,,,0,0
20821299,The Book with No Pictures,B.J. Novak,"Novak, B.J.",,0803741715,9780803741713,0,4.35,Rocky Pond Books,Hardcover,48,2014,2014,,10/23/15,"not-for-me, children-books","not-for-me (#6), children-books (#6)",not-for-me,,,,0,0
17802786,I Wonder,Annaka Harris,"Harris, Annaka",John Rowe,1940051045,9781940051048,0,4.18,Four Elephants Press,Hardcover,32,2013,2013,,10/23/15,"not-for-me, children-books","not-for-me (#5), children-books (#5)",not-for-me,,,,0,0
18122696,Me & Dog,Gene Weingarten,"Weingarten, Gene",,1442494131,9781442494138,0,3.74,Simon & Schuster Books for Young Readers,Hardcover,48,2014,2014,,10/23/15,"not-for-me, children-books","not-for-me (#4), children-books (#4)",not-for-me,,,,0,0
6860562,Older Than the Stars,Karen C. Fox,"Fox, Karen C.",Nancy Davis,1570917876,9781570917875,0,4.31,Charlesbridge,Hardcover,32,2010,2010,,10/23/15,"not-for-me, children-books","not-for-me (#3), children-books (#3)",not-for-me,,,,0,0
17465651,Professor Astro Cat's Frontiers of Space,Dominic Walliman,"Walliman, Dominic",Ben Newman,1909263079,9781909263079,0,4.5,Flying Eye Books,Hardcover,64,2013,2013,,10/23/15,"not-for-me, children-books","not-for-me (#2), children-books (#2)",not-for-me,,,,0,0
61505,A Little History of the World,E.H. Gombrich,"Gombrich, E.H.",,0300108834,9780300108835,0,4.11,Yale University Press,Hardcover,284,2005,1936,,10/23/15,"children-books, not-for-me","children-books (#1), not-for-me (#1)",not-for-me,,,,0,0
25111109,Avenue of Mysteries,John Irving,"Irving, John",,1451664168,9781451664164,0,3.27,Simon & Schuster,Hardcover,460,2015,2015,,10/23/15,to-read,to-read (#177),to-read,,,,0,0
27607,Mortals,Norman Rush,"Rush, Norman",,0679737111,9780679737117,0,3.78,Vintage,Paperback,736,2004,2003,,10/23/15,to-read,to-read (#176),to-read,,,,0,0
51783,The Conquest of Happiness,Bertrand Russell,"Russell, Bertrand",,0415378478,9780415378475,0,4.02,Routledge,Paperback,183,1976,1930,,10/23/15,to-read,to-read (#175),to-read,,,,0,0
15751404,"David and Goliath: Underdogs, Misfits, and the Art of Battling Giants",Malcolm Gladwell,"Gladwell, Malcolm",,0316204366,9780316204361,3,3.97,"Little, Brown and Company",Hardcover,305,2013,2013,10/13/15,9/29/15,,,read,,,,1,0
8520610,Quiet: The Power of Introverts in a World That Can't Stop Talking,Susan Cain,"Cain, Susan",,0307352145,9780307352149,0,4.08,"Crown Publishing Group/Random House, Inc.",Hardcover,333,2012,2012,,9/25/15,to-read,to-read (#174),to-read,,,,0,0
18050143,"Zero to One: Notes on Startups, or How to Build the Future",Peter Thiel,"Thiel, Peter",Blake  Masters,0804139296,9780804139298,0,4.15,Crown Currency,Hardcover,195,2014,2014,,9/25/15,to-read,to-read (#173),to-read,,,,0,0
19395553,Our Mathematical Universe: My Quest for the Ultimate Nature of Reality,Max Tegmark,"Tegmark, Max",,1846144760,9781846144769,0,4.19,Allen Lane,Hardcover,432,2014,2012,,9/25/15,to-read,to-read (#172),to-read,,,,0,0
24396871,"The Pentagon's Brain: An Uncensored History of DARPA, America's Top-Secret Military Research Agency",Annie Jacobsen,"Jacobsen, Annie",,0316371769,9780316371766,0,3.98,"Little, Brown and Company",Hardcover,560,2015,2015,,8/29/15,to-read,to-read (#171),to-read,,,,0,0
146487,The Great American Novel,Philip Roth,"Roth, Philip",Werner Schmitz,3499223112,9783499223112,0,3.6,Rowohlt Taschenbuch,Paperback,448,2002,1973,,8/25/15,to-read,to-read (#170),to-read,,,,0,0
1659305,"Bearing the Cross: Martin Luther King, Jr., And The Southern Christian Leadership Conference",David J. Garrow,"Garrow, David J.",,0688166326,9780688166328,0,4.34,Harper Perennial,Paperback,800,1999,1986,,8/12/15,to-read,to-read (#168),to-read,,,,0,0
22149221,American Heritage History of World War II,Stephen E. Ambrose,"Ambrose, Stephen E.",Cyrus Leo Sulzberger II,1612307779,9781612307770,0,4.36,American Heritage / New Word City,Kindle Edition,506,2014,1997,,7/5/14,"to-read, kindle","to-read (#99), kindle (#3)",to-read,,,,0,0
763362,The One Minute Manager,Kenneth H. Blanchard,"Blanchard, Kenneth H.",Spencer Johnson,0688014291,9780688014292,2,3.95,William Morrow,Hardcover,111,2003,1981,,7/25/15,,,read,,,,1,0
22749719,Ghost Fleet: A Novel of the Next World War,P.W. Singer,"Singer, P.W.",August Cole,0544142845,9780544142848,0,3.76,Eamon Dolan/Houghton Mifflin Harcourt,Hardcover,404,2015,2015,,7/25/15,to-read,to-read (#167),to-read,,,,0,0
11761,Underworld,Don DeLillo,"DeLillo, Don",,0330369954,9780330369954,0,3.94,Picador,Paperback,827,1999,1997,,6/30/15,to-read,to-read (#166),to-read,,,,0,0
413,Mason & Dixon,Thomas Pynchon,"Pynchon, Thomas",,0312423209,9780312423209,0,4.12,Picador USA,Paperback,773,2004,1997,,6/30/15,to-read,to-read (#165),to-read,,,,0,0
63697,The Man Who Mistook His Wife for a Hat and Other Clinical Tales,Oliver Sacks,"Sacks, Oliver",,,,3,4.05,Touchstone,Paperback,243,1998,1985,6/7/15,7/5/14,,,read,,,,1,0
21936838,"Data-ism: The Revolution Transforming Decision Making, Consumer Behavior, and Almost Everything Else",Steve Lohr,"Lohr, Steve",,0062226819,9780062226815,0,3.46,Harper Business,Hardcover,256,2015,2015,,6/1/15,to-read,to-read (#164),to-read,,,,0,0
22609334,Our Kids: The American Dream in Crisis,Robert D. Putnam,"Putnam, Robert D.",,1476769893,9781476769899,0,4.04,Simon & Schuster,Hardcover,386,2015,2015,,5/31/15,to-read,to-read (#162),to-read,,,,0,0
20613511,On Immunity: An Inoculation,Eula Biss,"Biss, Eula",,1555976891,9781555976897,0,3.94,Graywolf Press,Hardcover,205,2014,2014,,5/31/15,to-read,to-read (#161),to-read,,,,0,0
17298300,Should We Eat Meat?: Evolution and Consequences of Modern Carnivory,Vaclav Smil,"Smil, Vaclav",,1118278720,9781118278727,0,3.53,Wiley-Blackwell,Paperback,288,2013,2013,,5/31/15,to-read,to-read (#160),to-read,,,,0,0
11256979,The Magic of Reality: How We Know What's Really True,Richard Dawkins,"Dawkins, Richard",Dave McKean,1439192812,9781439192818,0,4.05,Free Press,Hardcover,271,2011,2011,,5/31/15,to-read,to-read (#159),to-read,,,,0,0
3153910,The Art of Racing in the Rain,Garth Stein,"Stein, Garth",,1554681723,9781554681723,0,4.23,Harper Collins,Hardcover,336,2008,2008,,5/14/15,to-read,to-read (#158),to-read,,,,0,0
12958803,When God Talks Back: Understanding the American Evangelical Relationship with God,T.M. Luhrmann,"Luhrmann, T.M.",,0307264793,9780307264794,0,3.93,Knopf,Hardcover,464,2012,2012,,5/3/15,to-read,to-read (#157),to-read,,,,0,0
8414134,The Spiritual Doorway in the Brain: A Neurologist's Search for the God Experience,Kevin   Nelson,"Nelson, Kevin",,0525951881,9780525951889,0,3.78,Dutton,Hardcover,336,2010,2010,,5/3/15,to-read,to-read (#156),to-read,,,,0,0
10847,Under the Banner of Heaven: A Story of Violent Faith,Jon Krakauer,"Krakauer, Jon",,0330419129,9780330419123,4,4.01,Pan MacMillan,Paperback,400,2004,2003,5/1/15,7/5/14,,,read,,,,1,0
18693669,The Organized Mind: Thinking Straight in the Age of Information Overload,Daniel J. Levitin,"Levitin, Daniel J.",,052595418X,9780525954187,0,3.65,Dutton,Hardcover,528,2014,2014,,4/27/15,to-read,to-read (#155),to-read,,,,0,0
12609433,The Power of Habit: Why We Do What We Do in Life and Business,Charles Duhigg,"Duhigg, Charles",,1400069289,9781400069286,3,4.14,Random House,Hardcover,375,2012,2012,3/27/15,12/21/14,,,read,,,,1,0
375802,"Ender’s Game (Ender's Saga, #1)",Orson Scott Card,"Card, Orson Scott",,0812550706,9780812550702,0,4.31,Tor,Mass Market Paperback,324,2004,1985,,4/20/15,to-read,to-read (#154),to-read,,,,0,0
15818671,American Sniper: The Autobiography of the Most Lethal Sniper in U.S. Military History,Chris Kyle,"Kyle, Chris","Scott McEwen, Jim DeFelice",0062238868,9780062238863,0,4.03,William Morrow Paperbacks,Mass Market Paperback,448,2013,2012,,10/4/13,to-read,to-read (#3),to-read,,,,0,0
6792458,The New Jim Crow: Mass Incarceration in the Age of Colorblindness,Michelle Alexander,"Alexander, Michelle",,,,0,4.52,The New Press Inc.,Hardcover,290,2010,2010,,3/27/15,to-read,to-read (#153),to-read,,,,0,0
51536,The Shame of the Nation,Jonathan Kozol,"Kozol, Jonathan",,1400052459,9781400052455,0,4.14,Three Rivers Press,Paperback,423,2005,2005,,3/27/15,to-read,to-read (#152),to-read,,,,0,0
7949430,Freedom Summer: The Savage Season of 1964 That Made Mississippi Burn and Made America a Democracy,Bruce Watson,"Watson, Bruce",,0670021709,9780670021703,0,4.2,Viking,Hardcover,384,2010,2010,,3/27/15,to-read,to-read (#151),to-read,,,,0,0
22749994,Funny Girl,Nick Hornby,"Hornby, Nick",,1594205418,9781594205415,0,3.41,Riverhead Books,Hardcover,452,2015,2014,,2/6/15,to-read,to-read (#150),to-read,,,,0,0
13153693,Ghettoside: A True Story of Murder in America,Jill Leovy,"Leovy, Jill",,0385529988,9780385529983,0,4.07,One World,Hardcover,366,2015,2015,,1/10/15,to-read,to-read (#148),to-read,,,,0,0
20893380,Does Santa Exist?: A Philosophical Investigation,Eric Kaplan,"Kaplan, Eric",,0525954392,9780525954392,0,3.33,Dutton,Hardcover,288,2014,2014,,12/17/14,to-read,to-read (#147),to-read,,,,0,0
1713426,Predictably Irrational: The Hidden Forces That Shape Our Decisions,Dan Ariely,"Ariely, Dan",,,,0,4.12,HarperCollins Canada ,Hardcover,247,2008,2008,,12/13/14,to-read,to-read (#146),to-read,,,,0,0
526593,Desperate Characters,Paula Fox,"Fox, Paula",Jonathan Franzen,039331894X,9780393318944,0,3.53,W. W. Norton & Company,Paperback,156,1999,1970,,12/8/14,to-read,to-read (#145),to-read,,,,0,0
428,Play It As It Lays,Joan Didion,"Didion, Joan",,0374529949,9780374529949,0,3.91,"Farrar, Straus and Giroux",Paperback,231,2005,1970,,12/8/14,to-read,to-read (#144),to-read,,,,0,0
12568,Trout Fishing in America / The Pill vs. the Springhill Mine Disaster / In Watermelon Sugar,Richard Brautigan,"Brautigan, Richard",,0395500761,9780395500767,0,4.15,Houghton Mifflin/Seymour Lawrence,Paperback,400,1989,1967,,12/8/14,to-read,to-read (#143),to-read,,,,0,0
38462,Giovanni’s Room,James Baldwin,"Baldwin, James",,,,0,4.34,Penguin,Paperback,159,2000,1956,,12/8/14,to-read,to-read (#142),to-read,,,,0,0
129344,Speedboat,Renata Adler,"Adler, Renata",,0060971436,9780060971434,0,3.77,Harper Perennial,Paperback,192,1988,1976,,12/8/14,to-read,to-read (#141),to-read,,,,0,0
18222878,The Rise of Superman: Decoding the Science of Ultimate Human Performance,Steven Kotler,"Kotler, Steven",,1477800832,9781477800836,0,3.92,New Harvest,Hardcover,256,2014,2014,,11/28/14,to-read,to-read (#139),to-read,,,,0,0
18825,Money,Martin Amis,"Amis, Martin",,0099461889,9780099461883,0,3.7,Vintage,Paperback,394,2005,1984,,11/25/14,to-read,to-read (#136),to-read,,,,0,0
31487,"Unweaving the Rainbow: Science, Delusion and the Appetite for Wonder",Richard Dawkins,"Dawkins, Richard",,0618056734,9780618056736,0,4.01,Mariner Books,Paperback,352,2000,2000,,11/16/14,to-read,to-read (#135),to-read,,,,0,0
55563,The Journalist and the Murderer,Janet Malcolm,"Malcolm, Janet",Ian Jack,1862076375,9781862076372,0,3.8,Granta Books,Paperback,163,2004,1990,,11/16/14,to-read,to-read (#134),to-read,,,,0,0
18881773,"Armored Bears, Volume Two: The German 3rd Panzer Division in World War II",Traditionsverband der Ehemaligen Dritten Panzer-Division,"Panzer-Division, Traditionsverband der Ehemaligen Dritten",,0811749665,9780811749664,0,3.33,Stackpole Books,Kindle Edition,675,2013,2013,,7/5/14,"kindle, to-read","kindle (#8), to-read (#133)",to-read,,,,0,0
7785194,The Moral Landscape: How Science Can Determine Human Values,Sam Harris,"Harris, Sam",,1439171211,9781439171219,0,3.9,Free Press,Hardcover,291,2010,2010,,11/6/14,"to-read, kindle","to-read (#126), kindle (#29)",to-read,,,,0,0
11649458,Lancelot,Walker Percy,"Percy, Walker",,,,0,3.72,,Kindle Edition,276,,1977,7/28/14,7/5/14,kindle,kindle (#1),read,,,,1,0
18919193,Capote: A Biography (Books Into Film),Gerald Clarke,"Clarke, Gerald",,0795331177,9780795331176,0,4.16,RosettaBooks,Kindle Edition,632,2013,1988,,11/12/14,"to-read, kindle","to-read (#129), kindle (#27)",to-read,,,,0,0
19228960,Trying to Save Piggy Sneed: 20th Anniversary Edition,John Irving,"Irving, John",,1611455464,9781611455465,0,3.38,Arcade,Kindle Edition,460,2013,1993,,11/12/14,"to-read, kindle","to-read (#132), kindle (#24)",to-read,,,,0,0
13535210,Confront and Conceal: Obama's Secret Wars and Surprising Use of American Power,David E. Sanger,"Sanger, David E.",,,,0,3.97,Crown,Kindle Edition,496,2012,2012,,11/12/14,"stopped-reading, kindle","stopped-reading (#6), kindle (#23)",stopped-reading,,,,0,0
17380034,Just Babies: The Origins of Good and Evil,Paul Bloom,"Bloom, Paul",,0307886840,9780307886842,4,3.72,Crown,Hardcover,273,2013,2013,6/14/14,3/9/14,,,read,,,,1,0
40102,Blink: The Power of Thinking Without Thinking,Malcolm Gladwell,"Gladwell, Malcolm","Barry Fox, Irina Henegar",0316010669,9780316010665,4,3.96,Back Bay Books,Paperback,296,2007,2005,6/14/14,10/4/13,,,read,,,,1,0
315788,The Birth Partner,Penny Simkin,"Simkin, Penny",,1558321950,9781558321953,0,4.33,Harvard Common Pr,Paperback,337,2001,1989,,11/12/14,,,read,,,,1,0
20448184,@War: The Rise of the Military-Internet Complex,Shane Harris,"Harris, Shane",,0544251792,9780544251793,0,3.77,Eamon Dolan/Houghton Mifflin Harcourt,Hardcover,288,2014,2014,,11/10/14,to-read,to-read (#128),to-read,,,,0,0
13530973,Antifragile: Things That Gain from Disorder,Nassim Nicholas Taleb,"Taleb, Nassim Nicholas",,1400067820,9781400067824,0,4.1,Random House,Hardcover,426,2012,2012,,11/6/14,to-read,to-read (#127),to-read,,,,0,0
2068,Darwin's Dangerous Idea: Evolution and the Meanings of Life,Daniel C. Dennett,"Dennett, Daniel C.",,068482471X,9780684824710,0,4.07,Simon & Schuster,Paperback,588,1996,1995,,11/6/14,to-read,to-read (#125),to-read,,,,0,0
23158207,How Google Works,Eric Schmidt,"Schmidt, Eric",Jonathan Rosenberg,,,3,4.05,Grand Central Publishing,Kindle Edition,286,2014,2014,11/6/14,9/30/14,,,read,,,,1,0
20821027,The Invisible History of the Human Race: How DNA and History Shape Our Identities and Our Futures,Christine Kenneally,"Kenneally, Christine",,0670025550,9780670025558,0,3.81,Viking,Hardcover,355,2014,2014,,9/30/14,to-read,to-read (#124),to-read,,,,0,0
15814872,No Easy Day: The Firsthand Account of the Mission That Killed Osama Bin Laden,Mark Owen,"Owen, Mark",Kevin Maurer,0525953728,9780525953722,0,4.03,DUTTON Books,Hardcover,316,2012,2012,,8/8/14,stopped-reading,stopped-reading (#5),stopped-reading,,,,0,0
6340873,The Evolution of God,Robert Wright,"Wright, Robert",,0316734918,9780316734912,0,3.94,"Little, Brown and Company",Hardcover,567,2009,2009,,8/10/14,to-read,to-read (#123),to-read,,,,0,0
711901,Lone Survivor: The Eyewitness Account of Operation Redwing and the Lost Heroes of SEAL Team 10,Marcus Luttrell,"Luttrell, Marcus",Patrick Robinson,0316067598,9780316067591,3,4.34,"Little, Brown and Company",Hardcover,390,2007,2006,8/8/14,8/6/14,,,read,,,,1,0
16142053,"Going Clear: Scientology, Hollywood, and the Prison of Belief",Lawrence Wright,"Wright, Lawrence",,0307700666,9780307700667,0,4.04,Alfred A. Knopf,Hardcover,430,2013,2013,,10/4/13,stopped-reading,stopped-reading (#4),stopped-reading,,,,0,0
13623911,Viper Pilot: A Memoir of Air Combat,Dan Hampton,"Hampton, Dan",,0062130358,9780062130358,3,4.1,William Morrow,Hardcover,336,2012,2012,8/6/14,7/24/14,,,read,,,,1,0
8682,Jitterbug Perfume,Tom Robbins,"Robbins, Tom",,1842430351,9781842430354,0,4.23,No Exit Press,Paperback,342,2001,1984,,7/31/14,to-read,to-read (#122),to-read,,,,0,0
18498559,Tibetan Peach Pie: A True Account of an Imaginative Life,Tom Robbins,"Robbins, Tom",,006226740X,9780062267405,0,3.9,Ecco,Hardcover,384,2014,2014,,7/31/14,to-read,to-read (#121),to-read,,,,0,0
66559,Sharp Objects,Gillian Flynn,"Flynn, Gillian",,0307341542,9780307341549,0,4.01,Shaye Areheart Books,Hardcover,254,2006,2006,,5/29/14,stopped-reading,stopped-reading (#3),stopped-reading,,,,0,0
6346975,Moonwalking with Einstein: The Art and Science of Remembering Everything,Joshua Foer,"Foer, Joshua",,159420229X,9781594202292,0,3.88,"Penguin Press HC, The",Hardcover,307,2011,2011,7/10/14,10/4/13,,,read,,,,1,0
6551,Herzog,Saul Bellow,"Bellow, Saul",Philip Roth,0142437298,9780142437292,0,3.76,Penguin Classics,Paperback,371,2003,1964,,7/5/14,to-read,to-read (#120),to-read,,,,0,0
20604826,Flash Boys,Michael   Lewis,"Lewis, Michael",,0393244660,9780393244663,0,4.14,W. W. Norton & Company,Hardcover,274,2014,2014,,7/5/14,to-read,to-read (#119),to-read,,,,0,0
18007533,One More Thing: Stories and Other Stories,B.J. Novak,"Novak, B.J.",,0385351836,9780385351836,0,3.67,Knopf,Hardcover,288,2014,2014,,7/5/14,to-read,to-read (#118),to-read,,,,0,0
52376,In America,Susan Sontag,"Sontag, Susan",,0312273207,9780312273200,0,3.34,St. Martins Press-3PL,Paperback,398,2001,2000,,7/5/14,to-read,to-read (#117),to-read,,,,0,0
256008,"Lonesome Dove (Lonesome Dove, #1)",Larry McMurtry,"McMurtry, Larry",,067168390X,9780671683900,0,4.55,Pocket Books,Mass Market Paperback,960,1999,1985,,7/5/14,to-read,to-read (#116),to-read,,,,0,0
113206,Lenin's Tomb: The Last Days of the Soviet Empire,David Remnick,"Remnick, David",,0679751254,9780679751250,0,4.26,Vintage,Paperback,588,1994,1994,,7/5/14,to-read,to-read (#115),to-read,,,,0,0
11650,American Pastoral,Philip Roth,"Roth, Philip",,,,0,3.94,Vintage,Paperback,432,1998,1997,,7/5/14,to-read,to-read (#114),to-read,,,,0,0
15148,Ralph Ellison: A Biography,Arnold Rampersad,"Rampersad, Arnold",,0375408274,9780375408274,0,4.2,Knopf,Hardcover,672,2007,2007,,7/5/14,to-read,to-read (#113),to-read,,,,0,0
11654,Sabbath's Theater,Philip Roth,"Roth, Philip",,0679772596,9780679772590,0,3.89,Vintage,Paperback,451,1996,1995,,7/5/14,to-read,to-read (#112),to-read,,,,0,0
7937653,The Mind's Eye,Oliver Sacks,"Sacks, Oliver",,033050889X,9780330508896,0,3.93,Picador USA,Hardcover,263,2010,2010,,7/5/14,to-read,to-read (#111),to-read,,,,0,0
14456,Awakenings,Oliver Sacks,"Sacks, Oliver",,0375704051,9780375704055,0,4.09,Vintage,Paperback,464,1999,1973,,7/5/14,to-read,to-read (#110),to-read,,,,0,0
1297985,Musicophilia: Tales of Music and the Brain,Oliver Sacks,"Sacks, Oliver",,0676979785,9780676979787,0,3.95,Knopf Canada,Hardcover,400,2007,2007,,7/5/14,to-read,to-read (#109),to-read,,,,0,0
13330771,Hallucinations,Oliver Sacks,"Sacks, Oliver",,0307957241,9780307957245,0,3.93,Knopf,Hardcover,326,2012,2012,,7/5/14,to-read,to-read (#108),to-read,,,,0,0
852768,Honorable Men: My Life In The CIA,William E. Colby,"Colby, William E.",Peter Forbath,0671228757,9780671228750,4,3.82,Simon & Schuster,Hardcover,493,1978,1978,,7/5/14,,,read,,,,1,0
16003,Of Paradise and Power: America and Europe in the New World Order,Robert Kagan,"Kagan, Robert",,1400034183,9781400034185,4,3.58,Vintage,Paperback,176,2004,2003,,7/5/14,,,read,,,,1,0
18626864,The Art of War,Sun Tzu,"Tzu, Sun",,,,0,3.95,Adams Media,Kindle Edition,82,2009,-400,,7/5/14,"to-read, kindle","to-read (#107), kindle (#21)",to-read,,,,0,0
9148762,"Rabbit, Run",John Updike,"Updike, John",,,,0,3.59,,Kindle Edition,,,1960,,7/5/14,"to-read, kindle","to-read (#106), kindle (#20)",to-read,,,,0,0
9295171,Breakfast of Champions,Kurt Vonnegut Jr.,"Jr., Kurt Vonnegut",,,,5,4.07,The Dial Press,Kindle Edition,322,2009,1973,,7/5/14,kindle,kindle (#19),read,,,,1,0
8144264,"Game Change: Obama and the Clintons, McCain and Palin, and the Race of a Lifetime",John Heilemann,"Heilemann, John",Mark Halperin,0061966207,9780061966200,4,4.13,HarperCollins e-books,Kindle Edition,476,2010,2010,,7/5/14,kindle,kindle (#16),read,,,,1,0
6072636,"The End of Faith: Religion, Terror, and the Future of Reason",Sam Harris,"Harris, Sam",,,,4,3.9,W. W. Norton & Company,Kindle Edition,352,2005,2004,,7/5/14,kindle,kindle (#15),read,,,,1,0
11138014,The Triple Agent: The al-Qaeda Mole who Infiltrated the CIA,Joby Warrick,"Warrick, Joby",,0385534191,9780385534192,4,4.1,Vintage,Kindle Edition,0,2011,2011,,7/5/14,kindle,kindle (#14),read,,,,1,0
13114351,How to Be Black,Baratunde R. Thurston,"Thurston, Baratunde R.",,,,4,3.9,Harper,Kindle Edition,275,2012,2012,,7/5/14,kindle,kindle (#13),read,,,,1,0
13369449,The Operators: The Wild and Terrifying Inside Story of America's War in Afghanistan,Michael Hastings,"Hastings, Michael",,1101575484,9781101575482,4,3.93,Blue Rider Press,Kindle Edition,427,2012,2011,,7/5/14,kindle,kindle (#11),read,,,,1,0
18623099,The Price of Politics,Bob Woodward,"Woodward, Bob",,1451651120,9781451651126,0,3.61,Simon & Schuster,Kindle Edition,450,2012,2012,,7/5/14,"kindle, to-read","kindle (#9), to-read (#104)",to-read,,,,0,0
19094299,Tip O'Neill and the Democratic Century: A Biography,John A. Farrell,"Farrell, John A.",,,,0,4.31,,Kindle Edition,802,2013,2001,,7/5/14,"to-read, kindle","to-read (#103), kindle (#7)",to-read,,,,0,0
8727908,Being Wrong: Adventures in the Margin of Error,Kathryn Schulz,"Schulz, Kathryn",,,,0,3.94,,Kindle Edition,420,,2010,,7/5/14,"to-read, kindle","to-read (#102), kindle (#6)",to-read,,,,0,0
15824980,Thin Wire: A Mother's Journey Through Her Daughter's Heroin Addiction,Christine Lewry,"Lewry, Christine",,,,0,3.95,Matador,Kindle Edition,345,2012,2012,,7/5/14,"to-read, kindle","to-read (#101), kindle (#5)",to-read,,,,0,0
18800079,Digital Disruption: Unleashing the Next Wave of Innovation,James McQuivey,"McQuivey, James",Josh Bernoff,1477850120,9781477850121,0,3.59,Amazon Publishing,Kindle Edition,256,2013,2012,,7/5/14,"to-read, kindle","to-read (#100), kindle (#4)",to-read,,,,0,0
18730272,"Open: How We’ll Work, Live and Learn In The Future",David  Price,"Price, David",,,,0,3.87,Crux Publishing,Kindle Edition,190,2013,2013,,7/5/14,"to-read, kindle","to-read (#98), kindle (#2)",to-read,,,,0,0
133572,And Baby Makes Three: The Six-Step Plan for Preserving Marital Intimacy and Rekindling Romance After Baby Arrives,John M. Gottman,"Gottman, John M.",Julie Schwartz Gottman,1400097371,9781400097371,0,3.8,Crown Publishing Group (NY),Hardcover,272,2007,2007,,7/5/14,to-read,to-read (#97),to-read,,,,0,0
213186,Raising An Emotionally Intelligent Child: The Heart of Parenting,John M. Gottman,"Gottman, John M.",Joan DeClaire,0684838656,9780684838656,0,4.18,Simon & Schuster,Paperback,240,1998,1997,,7/5/14,to-read,to-read (#96),to-read,,,,0,0
51790,Religion and Science,Bertrand Russell,"Russell, Bertrand",Michael Ruse,0195115511,9780195115512,0,3.96,Oxford University Press,Paperback,272,1997,1935,,6/29/14,to-read,to-read (#95),to-read,,,,0,0
37813,Letters from the Earth: Uncensored Writings,Mark Twain,"Twain, Mark",Bernard DeVoto,0060518650,9780060518653,0,4.18,Harper Perennial Modern Classics,Paperback,321,2004,1962,,6/29/14,to-read,to-read (#94),to-read,,,,0,0
117047,The Blind Watchmaker: Why the Evidence of Evolution Reveals a Universe Without Design,Richard Dawkins,"Dawkins, Richard",,0141026162,9780141026169,0,4.09,Penguin,Paperback,466,2006,1986,,6/29/14,to-read,to-read (#93),to-read,,,,0,0
14743,The God Delusion,Richard Dawkins,"Dawkins, Richard",,0618680004,9780618680009,0,3.9,Houghton Mifflin Co.,Hardcover,374,2006,2006,,6/29/14,to-read,to-read (#91),to-read,,,,0,0
2067,Breaking the Spell: Religion as a Natural Phenomenon,Daniel C. Dennett,"Dennett, Daniel C.",,067003472X,9780670034727,0,3.89,Viking Adult,Hardcover,464,2006,2006,,6/29/14,to-read,to-read (#90),to-read,,,,0,0
5886881,Dark Places,Gillian Flynn,"Flynn, Gillian",,0307341569,9780307341563,0,3.95,Shaye Areheart Books,Hardcover,424,2009,2009,,5/29/14,to-read,to-read (#89),to-read,,,,0,0
132779,Vengeance: The True Story of an Israeli Counter-Terrorist Team,George Jonas,"Jonas, George",,0743291646,9780743291644,0,4.12,Simon & Schuster,Paperback,388,2005,1984,,5/25/14,to-read,to-read (#88),to-read,,,,0,0
10256723,Ghost in the Wires: My Adventures as the World's Most Wanted Hacker,Kevin D. Mitnick,"Mitnick, Kevin D.","Steve Wozniak, William L. Simon",0316037702,9780316037709,0,3.96,"Little, Brown and Company",Hardcover,413,2011,2011,,2/8/14,stopped-reading,stopped-reading (#2),stopped-reading,,,,0,0
6732019,Rework,Jason Fried,"Fried, Jason",David Heinemeier Hansson,0307463745,9780307463746,0,3.98,Crown Currency,Hardcover,279,2010,2010,,2/21/14,stopped-reading,stopped-reading (#1),stopped-reading,,,,0,0
81227,Infidel,Ayaan Hirsi Ali,"Ali, Ayaan Hirsi",,0743289684,9780743289689,0,4.2,Free Press,Hardcover,353,2007,2006,,4/12/14,to-read,to-read (#87),to-read,,,,0,0
17986421,The New New Thing: A Silicon Valley Story,Michael   Lewis,"Lewis, Michael",,0393347818,9780393347814,0,3.75,W. W. Norton & Company,Paperback,349,2014,1999,,3/31/14,to-read,to-read (#86),to-read,,,,0,0
97409,Native Guard: Poems,Natasha Trethewey,"Trethewey, Natasha",,0618872655,9780618872657,0,4.2,Ecco,Paperback,64,2007,2006,,3/23/14,to-read,to-read (#85),to-read,,,,0,0
8717024,Beyond Katrina: A Meditation on the Mississippi Gulf Coast,Natasha Trethewey,"Trethewey, Natasha",,0820333816,9780820333816,0,3.93,Univ of Georgia Pr,Hardcover,127,2010,2010,,3/23/14,to-read,to-read (#84),to-read,,,,0,0
13429607,Thrall,Natasha Trethewey,"Trethewey, Natasha",,0547571607,9780547571607,0,4.13,Ecco,Hardcover,84,2012,2012,,3/23/14,to-read,to-read (#83),to-read,,,,0,0
8753495,The Fiery Trial: Abraham Lincoln and American Slavery,Eric Foner,"Foner, Eric",,0393066185,9780393066180,0,4.18,W. W. Norton & Company,Hardcover,336,2010,2010,,3/16/14,to-read,to-read (#82),to-read,,,,0,0
2319745,Slavery by Another Name: The Re-Enslavement of Black Americans from the Civil War to World War II,Douglas A. Blackmon,"Blackmon, Douglas A.",,0385506252,9780385506250,0,4.38,Doubleday Books,Hardcover,480,2008,2008,,3/16/14,to-read,to-read (#80),to-read,,,,0,0
46787,Uncle Tom’s Cabin,Harriet Beecher Stowe,"Stowe, Harriet Beecher",,,,0,3.91,Wordsworth Classics,Paperback,438,1999,1852,,3/16/14,to-read,to-read (#79),to-read,,,,0,0
417640,A Bright Shining Lie: John Paul Vann and America in Vietnam,Neil Sheehan,"Sheehan, Neil",,0679724141,9780679724148,0,4.24,Vintage,Paperback,896,1989,1988,,3/15/14,to-read,to-read (#78),to-read,,,,0,0
18478222,Twelve Years a Slave,Solomon Northup,"Northup, Solomon","Karolyn Smardz Frost, Sue Eakin, Joseph Logsdon, Eric Ashley Hairston",0989794806,9780989794800,0,4.22,Eakin Films & Publishing,ebook,363,2013,1853,,3/14/14,to-read,to-read (#77),to-read,,,,0,0
1976714,God's Problem: How the Bible Fails to Answer Our Most Important Question - Why We Suffer,Bart D. Ehrman,"Ehrman, Bart D.",,0061173975,9780061173974,0,3.94,HarperOne,Hardcover,304,2008,2008,,2/26/14,to-read,to-read (#76),to-read,,,,0,0
51364,Misquoting Jesus: The Story Behind Who Changed the Bible and Why,Bart D. Ehrman,"Ehrman, Bart D.",,0060859512,9780060859510,0,3.93,HarperOne,Paperback,266,2007,2005,,2/26/14,to-read,to-read (#75),to-read,,,,0,0
30009,Asimov's Guide to the Bible: The Old and New Testaments (2 Vol.),Isaac Asimov,"Asimov, Isaac",Rafael Palacios,,,0,4.19,Wings,Hardcover,1295,1981,1968,,2/26/14,to-read,to-read (#74),to-read,,,,0,0
567249,Darwin: The Life of a Tormented Evolutionist,Adrian J. Desmond,"Desmond, Adrian J.",James R. Moore,0393311503,9780393311501,0,4.27,W. W. Norton & Company,Paperback,886,1994,1991,,2/25/14,to-read,to-read (#72),to-read,,,,0,0
6377338,A Fiery Peace in a Cold War: Bernard Schriever and the Ultimate Weapon,Neil Sheehan,"Sheehan, Neil",,0679422846,9780679422846,0,3.87,Random House,Hardcover,560,2009,2009,,2/21/14,to-read,to-read (#71),to-read,,,,0,0
3468711,Godless: How an Evangelical Preacher Became One of America's Leading Atheists,Dan Barker,"Barker, Dan",Richard Dawkins,1569756775,9781569756775,0,3.97,Ulysses Press,Paperback,392,2008,2008,,2/21/14,to-read,to-read (#70),to-read,,,,0,0
17098,Isaac Newton,James Gleick,"Gleick, James",,1400032954,9781400032952,0,3.79,Vintage,Paperback,272,2004,2003,,2/21/14,to-read,to-read (#69),to-read,,,,0,0
20949,American Caesar: Douglas MacArthur 1880-1964,William Manchester,"Manchester, William",,0316544981,9780316544986,0,4.09,"Little, Brown & Company (Boston/Toronto)",Hardcover,811,1978,1978,,2/21/14,to-read,to-read (#68),to-read,,,,0,0
102180,Gideon's Spies: The Secret History of the Mossad,Gordon Thomas,"Thomas, Gordon",,0312339135,9780312339135,0,3.93,St. Martin's Griffin,Paperback,480,2005,1999,,2/21/14,to-read,to-read (#67),to-read,,,,0,0
86342,Fiasco: The American Military Adventure in Iraq,Thomas E. Ricks,"Ricks, Thomas E.",,159420103X,9781594201035,4,4.09,The Penguin Press,Hardcover,482,2006,2006,,2/21/14,,,read,,,,1,0
9076,Guests of the Ayatollah: The First Battle in America's War With Militant Islam,Mark Bowden,"Bowden, Mark",,0871139251,9780871139252,0,4.16,Atlantic Monthly Press,Hardcover,680,2006,2006,,2/21/14,to-read,to-read (#66),to-read,,,,0,0
46347,All the Shah's Men: An American Coup and the Roots of Middle East Terror,Stephen Kinzer,"Kinzer, Stephen",,0471678783,9780471678786,4,4.29,"John Wiley & Sons (Hoboken, NJ)",Paperback,272,2004,2003,,2/21/14,,,read,,,,1,0
18728,No Ordinary Time: Franklin and Eleanor Roosevelt: The Home Front in World War II,Doris Kearns Goodwin,"Goodwin, Doris Kearns",,0684804484,9780684804484,0,4.2,Simon & Schuster,Paperback,633,1995,1994,,2/21/14,to-read,to-read (#65),to-read,,,,0,0
2199,Team of Rivals: The Political Genius of Abraham Lincoln,Doris Kearns Goodwin,"Goodwin, Doris Kearns",,,,0,4.28,Simon & Schuster,Paperback,916,2006,2005,,2/21/14,to-read,to-read (#64),to-read,,,,0,0
300845,A Religious Orgy in Tennessee: A Reporter's Account of the Scopes Monkey Trial,H.L. Mencken,"Mencken, H.L.",Art Winslow,1933633174,9781933633176,0,4.18,Melville House,Paperback,206,2006,2006,,2/18/14,to-read,to-read (#63),to-read,,,,0,0
6987558,Don't Blink,James  Patterson,"Patterson, James",Howard Roughan,1846054729,9781846054723,3,3.85,Century,Hardcover,387,2010,2010,2/7/14,2/8/14,,,read,,,,1,0
8664248,"The $1,000 Genome: The Revolution in DNA Sequencing and the New Era of Personalized Medicine",Kevin Davies,"Davies, Kevin",,1416569596,9781416569596,0,3.45,Free Press,Hardcover,352,2010,2010,,2/8/14,to-read,to-read (#62),to-read,,,,0,0
522776,"The Wolf of Wall Street (The Wolf of Wall Street, #1)",Jordan Belfort,"Belfort, Jordan",,0553805460,9780553805468,0,3.74,Bantam,Hardcover,528,2007,2007,,1/26/14,to-read,to-read (#61),to-read,,,,0,0
154472,The Great War and Modern Memory,Paul Fussell,"Fussell, Paul",,0195133323,9780195133325,0,4.13,Oxford University Press,Paperback,368,2000,1975,,1/16/14,to-read,to-read (#60),to-read,,,,0,0
6713205,The War After Armageddon,Ralph Peters,"Peters, Ralph",,0765323559,9780765323552,0,3.49,Forge Books,Hardcover,384,2009,2009,,1/15/14,to-read,to-read (#59),to-read,,,,0,0
1402326,Traitor,Ralph Peters,"Peters, Ralph",,0811731073,9780811731072,0,3.57,Stackpole Books,Paperback,,2004,1999,,1/15/14,to-read,to-read (#58),to-read,,,,0,0
18490752,Duty: Memoirs of a Secretary at War,Robert M. Gates,"Gates, Robert M.",,0307959473,9780307959478,0,3.91,Knopf,Hardcover,640,2014,2014,,1/15/14,to-read,to-read (#57),to-read,,,,0,0
13152679,True Believers,Kurt Andersen,"Andersen, Kurt",,1400067200,9781400067206,0,3.6,Random House,Hardcover,448,2012,2012,,1/13/14,to-read,to-read (#56),to-read,,,,0,0
11600163,The Litigators,John Grisham,"Grisham, John",,1444729705,9781444729702,3,3.89,London : Hodder & Stoughton,Hardcover,385,2011,2011,12/29/13,12/29/13,,,read,,,,1,0
8442457,Gone Girl,Gillian Flynn,"Flynn, Gillian",,,,0,4.14,Weidenfeld & Nicolson,Hardcover,399,2012,2012,11/15/13,11/5/13,,,read,,,,1,0
7933437,The Confession,John Grisham,"Grisham, John",,0385528043,9780385528047,0,3.91,Doubleday,Hardcover,418,2010,2010,,12/2/13,,,read,,,,1,0
17707705,Double Down: Game Change 2012,Mark Halperin,"Halperin, Mark",John Heilemann,1594204403,9781594204401,0,3.88,Penguin Press,Hardcover,476,2013,2013,,11/9/13,to-read,to-read (#55),to-read,,,,0,0
17288658,Days of Fire: Bush and Cheney in the White House,Peter Baker,"Baker, Peter",,0385525184,9780385525183,0,4.11,Doubleday,Hardcover,816,2013,2013,,11/9/13,to-read,to-read (#54),to-read,,,,0,0
2569072,The Big Sort: Why the Clustering of Like-Minded America is Tearing Us Apart,Bill  Bishop,"Bishop, Bill",,0618689354,9780618689354,0,3.84,Houghton Mifflin Harcourt,Hardcover,384,2008,2008,,11/9/13,to-read,to-read (#53),to-read,,,,0,0
677288,Strange Angel: The Otherworldly Life of Rocket Scientist John Whiteside Parsons,George Pendle,"Pendle, George",,0156031795,9780156031790,0,3.98,Mariner Books,Paperback,350,2006,2005,,11/5/13,to-read,to-read (#52),to-read,,,,0,0
17262205,The System: The Glory and Scandal of Big-Time College Football,Jeff Benedict,"Benedict, Jeff",Armen Keteyian,0385536615,9780385536615,0,4.05,Doubleday,Hardcover,416,2013,2013,,10/4/13,to-read,to-read (#51),to-read,,,,0,0
79356,Pillar of Fire: America in the King Years 1963-65,Taylor Branch,"Branch, Taylor",,0684848090,9780684848099,0,4.35,Simon & Schuster,Paperback,768,1999,1998,,10/4/13,to-read,to-read (#49),to-read,,,,0,0
95777,At Canaan's Edge: America in the King Years 1965-68,Taylor Branch,"Branch, Taylor",,0684857138,9780684857138,0,4.43,Simon  Schuster,Paperback,1039,2007,2006,,10/4/13,to-read,to-read (#50),to-read,,,,0,0
99199,Parting the Waters: Martin Luther King and the Civil Rights Movement 1954-63,Taylor Branch,"Branch, Taylor",,0333529456,9780333529454,0,4.36,Papermac,Paperback,1062,1990,1988,,10/4/13,to-read,to-read (#48),to-read,,,,0,0
12745226,The Cartel: Inside the Rise and Imminent Fall of the NCAA,Taylor Branch,"Branch, Taylor",,,,0,3.97,Byliner Inc.,Nook,0,2011,2011,,10/4/13,to-read,to-read (#47),to-read,,,,0,0
44246,"Stars in Their Courses: The Gettysburg Campaign, June-July 1863",Shelby Foote,"Foote, Shelby",,0679601120,9780679601128,0,4.45,Modern Library (NY),Hardcover,290,1994,1994,,10/4/13,to-read,to-read (#46),to-read,,,,0,0
373593,"The Civil War, Vol. 2: Fredericksburg to Meridian",Shelby Foote,"Foote, Shelby",,039474621X,9780394746210,0,4.53,Vintage Books,Paperback,976,1986,1963,,10/4/13,to-read,to-read (#44),to-read,,,,0,0
44236,"The Civil War, Vol. 1: Fort Sumter to Perryville",Shelby Foote,"Foote, Shelby",,0394746236,9780394746234,0,4.44,Vintage Books,Paperback,856,1986,1958,,10/4/13,to-read,to-read (#43),to-read,,,,0,0
46676,When Bad Things Happen to Good People,Harold S. Kushner,"Kushner, Harold S.",,1400034728,9781400034727,0,4.02,Anchor,Paperback,176,2004,1981,,10/4/13,to-read,to-read (#42),to-read,,,,0,0
5809,V.,Thomas Pynchon,"Pynchon, Thomas",Carlos Martín Ramírez,2020418770,9782020418775,0,3.97,Seuil,Mass Market Paperback,640,2001,1963,,10/4/13,to-read,to-read (#41),to-read,,,,0,0
8834784,All the Devils are Here: The Hidden History of the Financial Crisis,Bethany McLean,"McLean, Bethany",Joe Nocera,1591843634,9781591843634,0,4.04,Portfolio/Penguin,Hardcover,380,2010,2010,,10/4/13,to-read,to-read (#40),to-read,,,,0,0
18989,"Tinker, Tailor, Soldier, Spy",John Le Carré,"Carré, John Le",,0743457900,9780743457903,0,4.06,Scribner,Paperback,379,2002,1974,,10/4/13,to-read,to-read (#39),to-read,,,,0,0
13366259,The Yellow Birds,Kevin Powers,"Powers, Kevin",,0316219363,9780316219365,0,3.74,"Little, Brown and Company",Hardcover,226,2012,2012,,10/4/13,to-read,to-read (#38),to-read,,,,0,0
11473590,The Unmaking of Israel,Gershom Gorenberg,"Gorenberg, Gershom",,0061985082,9780061985089,0,4.12,Harper,Hardcover,336,2011,2011,,10/4/13,to-read,to-read (#37),to-read,,,,0,0
208327,The Triumph and Tragedy of Lyndon Johnson: The White House Years,Joseph A. Califano Jr.,"Jr., Joseph A. Califano",,0671792091,9780671792091,0,3.95,Touchstone Books,Paperback,398,1992,1991,,10/4/13,to-read,to-read (#36),to-read,,,,0,0
2612,The Tipping Point: How Little Things Can Make a Big Difference,Malcolm Gladwell,"Gladwell, Malcolm",,0316346624,9780316346627,0,4.01,Time Warner Book Group,Paperback,301,2002,2002,,10/4/13,to-read,to-read (#35),to-read,,,,0,0
7495395,The Quants: How a New Breed of Math Whizzes Conquered Wall Street and Nearly Destroyed It,Scott Patterson,"Patterson, Scott",,0307453375,9780307453372,0,3.88,Crown Business,Hardcover,337,2010,2010,,10/4/13,to-read,to-read (#34),to-read,,,,0,0
6050300,The Increment,David Ignatius,"Ignatius, David",,0393065049,9780393065046,0,3.92,W. W. Norton & Company,Hardcover,400,2009,2009,,10/4/13,to-read,to-read (#33),to-read,,,,0,0
7880458,The Icarus Syndrome: A History of American Hubris,Peter Beinart,"Beinart, Peter",,0061456462,9780061456466,0,4,Harper,Hardcover,496,2010,2010,,10/4/13,to-read,to-read (#32),to-read,,,,0,0
12696971,The Crisis of Zionism,Peter Beinart,"Beinart, Peter",,0805094121,9780805094121,0,3.88,Times Books,Hardcover,304,2012,2012,,10/4/13,to-read,to-read (#31),to-read,,,,0,0
7748,Fear and Loathing on the Campaign Trail '72,Hunter S. Thompson,"Thompson, Hunter S.",,0446698229,9780446698221,0,4.13,Grand Central Publishing,Paperback,481,2006,1973,,10/4/13,to-read,to-read (#30),to-read,,,,0,0
86615,Bush at War,Bob Woodward,"Woodward, Bob",,074346107X,9780743461078,0,3.52,Simon & Schuster,Paperback,416,2003,2002,,10/4/13,,,read,,,,1,0
27507,Plan of Attack: The Definitive Account of the Decision to Invade Iraq,Bob Woodward,"Woodward, Bob",,0743255488,9780743255486,0,3.71,Simon & Schuster,Paperback,496,2004,2004,,10/4/13,,,read,,,,1,0
9297629,Obama's Wars,Bob Woodward,"Woodward, Bob",,143917251X,9781439172513,0,3.82,Simon & Schuster,Unknown Binding,464,2010,2011,,10/4/13,,,read,,,,1,0
6750,The Broom of the System,David Foster Wallace,"Wallace, David Foster",,0142002429,9780142002421,0,3.85,Penguin Books,Paperback,467,2004,1987,,10/4/13,to-read,to-read (#28),to-read,,,,0,0
9975779,"Portrait of a Spy (Gabriel Allon, #11)",Daniel Silva,"Silva, Daniel",,0062072188,9780062072184,0,4.26,Harper,Hardcover,448,2011,2011,,10/4/13,to-read,to-read (#27),to-read,,,,0,0
3228917,Outliers: The Story of Success,Malcolm Gladwell,"Gladwell, Malcolm",,0316017922,9780316017923,0,4.19,"Little, Brown and Company",Hardcover,309,2008,2008,,10/4/13,,,read,,,,1,0
2393575,Nixonland: The Rise of a President and the Fracturing of America,Rick Perlstein,"Perlstein, Rick",,0743243021,9780743243025,0,4.25,Scribner,Hardcover,881,2008,2008,,10/4/13,to-read,to-read (#26),to-read,,,,0,0
43369,God Is Not Great: How Religion Poisons Everything,Christopher Hitchens,"Hitchens, Christopher",,0446579807,9780446579803,0,3.96,Twelve Books,Hardcover,307,2007,2007,,10/4/13,to-read,to-read (#25),to-read,,,,0,0
30551,Why Orwell Matters,Christopher Hitchens,"Hitchens, Christopher",,0465030505,9780465030507,0,3.95,Basic Books,Paperback,211,2003,2002,,10/4/13,to-read,to-read (#24),to-read,,,,0,0
13529055,Mortality,Christopher Hitchens,"Hitchens, Christopher",,1455502758,9781455502752,0,4.12,Twelve,Hardcover,104,2012,2012,,10/4/13,to-read,to-read (#22),to-read,,,,0,0
13049569,"The Passage of Power (The Years of Lyndon Johnson, #4)",Robert A. Caro,"Caro, Robert A.",,0679405070,9780679405078,0,4.39,Knopf,Hardcover,712,2012,2012,,10/4/13,to-read,to-read (#21),to-read,,,,0,0
86525,"Master of the Senate (The Years of Lyndon Johnson, #3)",Robert A. Caro,"Caro, Robert A.",,0394720954,9780394720951,0,4.42,Vintage,Paperback,1167,2003,2002,,10/4/13,to-read,to-read (#20),to-read,,,,0,0
208324,"Means of Ascent (The Years of Lyndon Johnson, #2)",Robert A. Caro,"Caro, Robert A.",,067973371X,9780679733713,0,4.27,Vintage,Paperback,522,1991,1990,,10/4/13,to-read,to-read (#19),to-read,,,,0,0
86524,"The Path to Power (The Years of Lyndon Johnson, #1)",Robert A. Caro,"Caro, Robert A.",,0679729453,9780679729457,0,4.41,Vintage,Paperback,882,1990,1982,,10/4/13,to-read,to-read (#18),to-read,,,,0,0
16981,Invisible Man,Ralph Ellison,"Ellison, Ralph",,,,0,3.92,Vintage,Paperback,581,1995,1952,,10/4/13,to-read,to-read (#17),to-read,,,,0,0
9861642,I'll Never Get Out of This World Alive,Steve Earle,"Earle, Steve",,0618820965,9780618820962,0,3.67,Houghton Mifflin Harcourt,Hardcover,256,2011,2011,,10/4/13,to-read,to-read (#16),to-read,,,,0,0
666215,How to Be Alone,Jonathan Franzen,"Franzen, Jonathan",,0312422164,9780312422165,0,3.58,Picador,Paperback,306,2003,2002,,10/4/13,to-read,to-read (#15),to-read,,,,0,0
6402364,"SuperFreakonomics: Global Cooling, Patriotic Prostitutes And Why Suicide Bombers Should Buy Life Insurance",Steven D. Levitt,"Levitt, Steven D.",Stephen J. Dubner,0060889578,9780060889579,0,4,William Morrow,Hardcover,270,2009,2009,,10/4/13,,,read,,,,1,0
1202,Freakonomics: A Rogue Economist Explores the Hidden Side of Everything,Steven D. Levitt,"Levitt, Steven D.",Stephen J. Dubner,0061234001,9780061234002,0,4.01,William Morrow,Hardcover,268,2006,2005,,10/4/13,,,read,,,,1,0
325022,Lyndon B. Johnson: Portrait of a President,Robert Dallek,"Dallek, Robert",,0195159217,9780195159219,0,3.8,"Oxford University Press, U.S.A.",Paperback,420,2005,2004,,10/4/13,to-read,to-read (#14),to-read,,,,0,0
581529,"Lone Star Rising: Vol. 1: Lyndon Johnson and His Times, 1908-1960",Robert Dallek,"Dallek, Robert",,0195054350,9780195054354,0,4.15,Oxford University Press,Hardcover,752,1991,1991,,10/4/13,to-read,to-read (#13),to-read,,,,0,0
387971,Flawed Giant: Lyndon Johnson and His Times 1961-1973,Robert Dallek,"Dallek, Robert",,0195132386,9780195132380,0,4,Oxford University Press,Paperback,784,1999,1998,,10/4/13,to-read,to-read (#12),to-read,,,,0,0
13151308,China Airborne,James M. Fallows,"Fallows, James M.",,0375422110,9780375422119,0,3.87,Pantheon,Hardcover,288,2012,2012,,10/4/13,to-read,to-read (#11),to-read,,,,0,0
9846665,Bloodmoney,David Ignatius,"Ignatius, David",,0393078116,9780393078114,0,3.85,W. W. Norton & Company,Hardcover,384,2011,2011,,10/4/13,to-read,to-read (#10),to-read,,,,0,0
28212,"And the Band Played On: Politics, People, and the AIDS Epidemic",Randy Shilts,"Shilts, Randy",William Greider,0312241356,9780312241353,0,4.38,Stonewall Inn Editions,Paperback,660,2000,1987,,10/4/13,to-read,to-read (#8),to-read,,,,0,0
13330444,All That Is,James Salter,"Salter, James",,1400043131,9781400043132,0,3.37,Knopf,Hardcover,290,2013,2013,,10/4/13,to-read,to-read (#7),to-read,,,,0,0
5462,Term Sheets & Valuations: An Inside Look at the Intricacies of Term Sheets & Valuations (Bigwig Briefs),Alex Wilmerding,"Wilmerding, Alex",,1587620685,9781587620683,0,3.85,Aspatore Books,Paperback,106,2006,2003,,10/4/13,to-read,to-read (#5),to-read,,,,0,0
15869172,Venture Deals: Be Smarter Than Your Lawyer and Venture Capitalist,Brad Feld,"Feld, Brad","Jason Mendelson, Dick Costolo",1118443616,9781118443613,0,4.11,John Wiley & Sons Inc,Hardcover,236,2013,2011,,10/4/13,to-read,to-read (#4),to-read,,,,0,0
11366506,"The Business of Venture Capital: Insights from Leading Practitioners on the Art of Raising a Fund, Deal Structuring, Value Creation, and Exit Strategies",Mahendra Ramsinghani,"Ramsinghani, Mahendra",,0470874449,9780470874448,0,4.34,John Wiley & Sons Inc,Hardcover,392,2011,2011,,10/4/13,to-read,to-read (#2),to-read,,,,0,0
79885,"The Lincoln Lawyer (The Lincoln Lawyer, #1; Harry Bosch Universe, #16)",Michael    Connelly,"Connelly, Michael",,0739465511,9780739465516,3,4.22,"Little, Brown",Paperback,404,2005,2005,9/30/13,10/4/13,,,read,,,,1,0
12829,The Twenty-Seventh City,Jonathan Franzen,"Franzen, Jonathan",,0312420145,9780312420147,0,3.14,Picador,Paperback,528,2001,1988,,12/21/10,to-read,to-read (#1),to-read,,,,0,0