Title,Authors,Contributors,ISBN/UID,Format,Read Status,Date Added,Last Date Read,Dates Read,Read Count,Moods,Pace,Character- or Plot-Driven?,Strong Character Development?,Loveable Characters?,Diverse Characters?,Flawed Characters?,Star Rating,Review,Content Warnings,Content Warning Description,Tags,Owned?
A Rumor of War,Philip Caputo,"",9780812430561,,read,2025/01/02,"","",1,"",,,,,,,,,"",,2024-bookshelf,No
"Seeing Ourselves: Classic, Contemporary, and Cross-Cultural Readings in Sociology","Nijole V. Benokraitis, John J. Macionis","",,,to-read,2025/01/02,"","",0,"",,,,,,,,,"",,2024-bookshelf,No
Plan of Attack,Bob Woodward,"",9780743255486,paperback,read,2013/10/04,"","",1,"",,,,,,,,,"",,"",No
Leaders Eat Last: Why Some Teams Pull Together and Others Don't,Simon Sinek,"",9781591845324,hardcover,to-read,2016/02/02,"","",0,"",,,,,,,,,"",,"",No
Dark Territory: The Secret History of Cyber War,Fred Kaplan,"",9781476763255,hardcover,read,2016/08/18,2017/02/01,2017/02/01,1,"",,,,,,,4.0,,"",,"",No
Shuggie Bain,Douglas Stuart,"",9780802148049,hardcover,read,2022/07/11,2023/03/04,2023/03/04,1,"",,,,,,,4.0,,"",,"",No
The Bean Trees,Barbara Kingsolver,"",9780812474947,hardcover,read,2023/07/18,2023/07/27,2023/07/27,1,"",,,,,,,,,"",,"",No
Made for Love,Alissa Nutting,"",9780062280558,hardcover,to-read,2025/07/23,"","",0,"",,,,,,,,,"",,"",No
"Data-Ism: The Revolution Transforming Decision Making, Consumer Behavior, and Almost Everything Else",Steve Lohr,"",9780062226815,hardcover,to-read,2015/06/01,"","",0,"",,,,,,,,,"",,"",No
Lone Survivor: The Eyewitness Account of Operation Redwing and the Lost Heroes of Seal Team 10,Marcus Luttrell,"",9780316067591,hardcover,read,2014/08/06,2014/08/08,2014/08/08,1,"",,,,,,,3.0,,"",,"",No
Hiroshima,John Hersey,"",9780679721031,paperback,to-read,2021/03/11,"","",0,"",,,,,,,,,"",,"",No
Crucial Conversations: Tools for Talking When Stakes are High,Kerry Patterson,"Joseph Grenny, Al Switzler, Ron McMillan, Stephen R. Covey",9780071401944,paperback,to-read,2015/12/10,"","",0,"",,,,,,,,,"",,"",No
"The Ghost Map: The Story of London's Most Terrifying Epidemic—and How It Changed Science, Cities, and the Modern World",Steven Johnson,"",9781594489259,hardcover,read,2019/12/21,2019/12/21,2019/12/21,1,"",,,,,,,3.0,,"",,"",No
"The Vital Question: Energy, Evolution, and the Origins of Complex Life",Nick Lane,"",9780393352979,paperback,to-read,2016/10/14,"","",0,"",,,,,,,,,"",,"",No
Seven Brief Lessons on Physics,Carlo Rovelli,"Simon Carnell (Translator), Erica Segre (Translator)",9780399184413,hardcover,to-read,2023/02/23,"","",0,"",,,,,,,,,"",,"",No
The God Delusion,Richard Dawkins,"",9780618680009,hardcover,to-read,2014/06/29,"","",0,"",,,,,,,,,"",,"",No
The Tipping Point,Malcolm Gladwell,"",9780316346627,paperback,to-read,2013/10/04,"","",0,"",,,,,,,,,"",,"",No
@War: The Rise of the Military-Internet Complex,Shane Harris,"",9780544251793,hardcover,to-read,2014/11/10,"","",0,"",,,,,,,,,"",,"",No
Revolutionary Road,Richard Yates,"",9780099518785,paperback,read,2025/06/14,2025/06/24,2025/06/15-2025/06/24,1,"",,,,,,,,,"",,"",No
Alan Turing: The Enigma,Andrew Hodges,Douglas R. Hofstadter,9780691155647,paperback,to-read,2025/01/03,"","",0,"",,,,,,,,,"",,2024-bookshelf,No
The People We Keep,Allison Larkin,"",9781982171292,hardcover,to-read,2024/04/04,"","",0,"",,,,,,,,,"",,eclipse-drive-2024,No
"Stony the Road: Reconstruction, White Supremacy, and the Rise of Jim Crow",Henry Louis Gates Jr.,"",9780525559535,hardcover,read,2022/07/29,2022/08/28,2022/08/28,1,"",,,,,,,,,"",,"",No
CivilWarLand in Bad Decline,George Saunders,"",9780099595816,paperback,to-read,2017/11/03,"","",0,"",,,,,,,,,"",,"",No
American Sniper: The Autobiography of the Most Lethal Sniper in U.S. Military History,"Chris Kyle, Scott McEwen, Jim DeFelice","",9780062238863,paperback,to-read,2013/10/04,"","",0,"",,,,,,,,,"",,"",No
The Icarus Syndrome: A History of American Hubris,Peter Beinart,"",,,to-read,2013/10/04,"","",0,"",,,,,,,,,"",,"",No
A Gentleman in Moscow,Amor Towles,"",B01AYBWPUM,digital,read,2019/05/17,2021/09/12,2021/09/12,1,"",,,,,,,,,"",,2024-bookshelf,No
"Hateship, Friendship, Courtship, Loveship, Marriage: Stories",Alice Munro,"",9780375727436,paperback,to-read,2024/12/15,"","",0,"",,,,,,,,,"",,"",No
The Plague,Albert Camus,Stuart Gilbert (Translator),8176062650,paperback,to-read,2021/09/06,"","",0,"",,,,,,,,,"",,"",No
London Falling: A Mysterious Death in a Gilded City and a Family’s Search for Truth,Patrick Radden Keefe,"",9781035056286,digital,to-read,2026/01/07,"","",0,"",,,,,,,,,"",,"",No
Israel and the Arab World,Aharon Cohen,"",9780807002452,paperback,to-read,2025/01/02,"","",0,"",,,,,,,,,"",,2024-bookshelf,No
Bush at War,Bob Woodward,"",9780743461078,paperback,read,2013/10/04,"","",1,"",,,,,,,,,"",,"",No
The Man Who Mistook His Wife for a Hat and Other Clinical Tales,Oliver Sacks,"","",audio,read,2014/07/05,2015/06/07,2015/06/07,1,"",,,,,,,3.0,,"",,"",No
Invisible Man,Ralph Ellison,"",9780307917249,audio,to-read,2013/10/04,"","",0,"",,,,,,,,,"",,"",No
The Enigma of Reason,"Hugo Mercier, Dan Sperber","",9780674368309,,to-read,2021/04/20,"","",0,"",,,,,,,,,"",,"",No
Speak No Evil,Uzodinma Iweala,"",9780061284922,hardcover,read,2020/06/14,2020/06/28,2020/06/28,1,"",,,,,,,,,"",,"",No
"Invisible Child: Poverty, Survival, and Hope in an American City",Andrea Elliott,"",9780812986945,hardcover,to-read,2021/12/23,"","",0,"",,,,,,,,,"",,"",No
A Walk in the Woods: Rediscovering America on the Appalachian Trail,Bill Bryson,"",9780307279460,paperback,read,2015/05/18,2015/06/21,2015/06/21,1,"",,,,,,,5.0,,"",,"kindle, favorites",No
Homo Deus: A History of Tomorrow,Yuval Noah Harari,"","",digital,read,2017/07/06,2017/08/03,2017/08/03,1,"",,,,,,,4.0,,"",,"",Yes
Eight Days in May: The Final Collapse of the Third Reich,Volker Ullrich,Jefferson Chase,9781631498282,digital,read,2024/12/29,2025/01/26,2024/12/29-2025/01/26,1,"",,,,,,,,,"",,"",No
Stalingrad,Antony Beevor,"",9780140284584,paperback,to-read,2023/11/21,"","",0,"",,,,,,,,,"",,"",No
"River of the Gods: Genius, Courage, and Betrayal in the Search for the Source of the Nile",Candice Millard,Paul Michael (Narrator),9780525524076,audio,to-read,2024/06/30,"","",0,"",,,,,,,,,"",,"",No
Symphony for the City of the Dead: Dmitri Shostakovich and the Siege of Leningrad,M.T. Anderson,"",9780763680541,digital,to-read,2023/11/21,"","",0,"",,,,,,,,,"",,"",No
Godwin,Joseph O'Neill,"",9780593701324,hardcover,to-read,2024/07/09,"","",0,"",,,,,,,,,"",,"",No
The Pentagon Papers,George C. Herring,"",9780070283800,hardcover,to-read,2025/01/02,"","",0,"",,,,,,,,,"",,2024-bookshelf,No
Lolita,Vladimir Nabokov,"",0140264078,paperback,to-read,2021/09/26,"","",0,"",,,,,,,,,"",,"",No
"Bearing the Cross: Martin Luther King, JR., and the Southern Christian Leadership Conference",David J. Garrow,"",9780688166328,paperback,to-read,2015/08/12,"","",0,"",,,,,,,,,"",,"",No
Sea of Tranquility,Emily St. John Mandel,"","",digital,read,2022/06/13,2022/08/05,2022/08/05,1,"",,,,,,,3.0,,"",,"",No
The Righteous Mind: Why Good People Are Divided by Politics and Religion,Jonathan Haidt,"",9780307907035,digital,read,2016/09/26,2016/11/24,2016/11/24,1,"",,,,,,,4.0,,"",,books-to-buy-hardcopy,No
In the Distance,Hernan Diaz,"",9781566894883,paperback,to-read,2023/05/09,"","",0,"",,,,,,,,,"",,"",No
"American Zion: Cliven Bundy, God & Public Lands in the West",Betsy Gaines Quammen,"",9781948814140,paperback,to-read,2024/05/27,"","",0,"",,,,,,,,,"",,"",No
L.A. Confidential,James Ellroy,Carlo Oliva,9788804606710,paperback,to-read,2022/11/09,"","",0,"",,,,,,,,,"",,"",No
A Good Man Is Hard to Find and Other Stories,Flannery O'Connor,"",9780358139560,paperback,read,2025/08/18,2025/09/05,2025/08/13-2025/09/05,1,"dark, emotional, funny, reflective",medium,Plot,It's complicated,It's complicated,No,It's complicated,4.0,"","","","",No
No Country for Old Men,Cormac McCarthy,"",B004FV4T8E,digital,read,2022/09/12,2022/09/26,2022/09/26,1,"",,,,,,,,,"",,"",No
Asimov's Guide to the Bible: The Old and New Testaments,"Isaac Asimov, Rafael Palacios","",,hardcover,to-read,2014/02/26,"","",0,"",,,,,,,,,"",,"",No
How the Mind Works,Steven Pinker,"",9780393318487,paperback,to-read,2016/08/18,"","",0,"",,,,,,,,,"",,"",No
The Oxford Companion to American Military History,"","",9780195071986,hardcover,to-read,2025/01/02,"","",0,"",,,,,,,,,"",,2024-bookshelf,No
The Song of the Cell: An Exploration of Medicine and the New Human,Siddhartha Mukherjee,"",9781982117351,hardcover,to-read,2024/01/05,"","",0,"",,,,,,,,,"",,"",No
Happy: Why More or Less Everything is Absolutely Fine,Derren Brown,"",9780593076200,paperback,to-read,2019/10/02,"","",0,"",,,,,,,,,"",,"",No
Helping Your Anxious Child: A Step-By-Step Guide for Parents,"Ronald Rapee, Susan Spence, Ann Wignall","",9781572245754,paperback,to-read,2019/02/09,"","",0,"",,,,,,,,,"",,"parenting, 2024-bookshelf",No
Locking Up Our Own: Crime and Punishment in Black America,James Forman Jr.,"",9780374712907,digital,to-read,2020/06/24,"","",0,"",,,,,,,,,"",,"",No
The Lincoln Lawyer,Michael Connelly,"",9780739465516,paperback,read,2013/10/04,2013/09/30,2013/09/30,1,"",,,,,,,3.0,,"",,"",No
Native Guard,Natasha Trethewey,"",9780618872657,paperback,to-read,2014/03/23,"","",0,"",,,,,,,,,"",,"",No
Easy Chain,Evan Dara,"",9780980226607,paperback,to-read,2020/11/13,"","",0,"",,,,,,,,,"",,"",No
The Illustrated a Brief History of Time: Updated and Expanded Edition,Stephen Hawking,"",9780553103748,hardcover,read,2025/01/02,"","",1,"",,,,,,,,,"",,2024-bookshelf,No
In Cold Blood,Truman Capote,"",9780679745587,paperback,read,2013/10/04,2015/06/09,2015/06/09,1,"",,,,,,,4.0,,"",,"kindle, books-to-buy-hardcopy",No
Severance,Ling Ma,"",9780374261597,hardcover,to-read,2025/06/14,"","",0,"",,,,,,,,,"",,"",No
The Communist Manifesto,Karl Marx,"Friedrich Engels, Martin Malia",9780451527103,paperback,to-read,2025/01/02,"","",0,"",,,,,,,,,"",,2024-bookshelf,No
Vengeance: The True Story of an Israeli Counter-Terrorist Team,George Jonas,"",9780743291644,paperback,to-read,2014/05/25,"","",0,"",,,,,,,,,"",,"",No
"Sing, Unburied, Sing",Jesmyn Ward,"",9784861828034,paperback,read,2019/06/01,2020/02/15,2020/02/15,1,"",,,,,,,,,"",,"",No
Subliminal: How Your Unconscious Mind Rules Your Behavior,Leonard Mlodinow,"",9780307378217,hardcover,read,2015/10/29,2016/11/11,2016/11/11,1,"",,,,,,,4.0,,"",,books-to-buy-hardcopy,No
The Wolf of Wall Street,Jordan Belfort,"",9780553805468,hardcover,to-read,2014/01/26,"","",0,"",,,,,,,,,"",,"",No
"The Phoenix Project: A Novel about It, Devops, and Helping Your Business Win","George Spafford, Gene Kim, Kevin Behr","",9781942788324,digital,read,2020/10/10,2020/10/24,2020/10/24,1,"",,,,,,,,,"",,"",No
Rise of the Vulcans: The History of Bush's War Cabinet,James Mann,"",9780143034896,paperback,to-read,2025/01/02,"","",0,"",,,,,,,,,"",,2024-bookshelf,No
Snow Crash,Neal Stephenson,"",9780593599730,hardcover,to-read,2024/10/29,"","",0,"",,,,,,,,,"",,"",No
Maus II: A Survivor's Tale: And Here My Troubles Began,Art Spiegelman,"",9780679729778,paperback,to-read,2025/01/02,"","",0,"",,,,,,,,,"",,2024-bookshelf,No
In Search of Memory: The Emergence of a New Science of Mind,Eric R. Kandel,"",9780393058635,hardcover,to-read,2021/03/11,"","",0,"",,,,,,,,,"",,"",No
A Grief Observed,C.S. Lewis,Mark Bowen (Narrator),4069828220379,audio,to-read,2025/01/02,"","",0,"",,,,,,,,,"",,2024-bookshelf,No
The War After Armageddon,Ralph Peters,"",9780765323552,,to-read,2014/01/15,"","",0,"",,,,,,,,,"",,"",No
The Order of Time,Carlo Rovelli,"",9780735216105,hardcover,read,2025/10/01,2025/10/31,2025/09/29-2025/10/31,1,"",,,,,,,,,"",,"",No
Suttree,Cormac McCarthy,"",9780679736325,paperback,to-read,2020/11/13,"","",0,"",,,,,,,,,"",,"",No
Sum: Forty Tales from the Afterlives,David Eagleman,"",9780307377340,hardcover,to-read,2015/11/02,"","",0,"",,,,,,,,,"",,"",No
Evil: Inside Human Violence and Cruelty,Roy F. Baumeister,"",9780716735670,paperback,to-read,2021/04/11,"","",0,"",,,,,,,,,"",,"",No
How Google Works,"Jonathan Rosenberg, Eric Schmidt","",9781455582327,paperback,read,2014/09/30,2014/11/06,2014/11/06,1,"",,,,,,,3.0,,"",,"",No
Chasing Ghosts: Unconventional Warfare in American History,John J. Tierney,"",9781597970150,hardcover,to-read,2025/01/02,"","",0,"",,,,,,,,,"",,2024-bookshelf,No
Doing Business in China: How to Profit in the World's Fastest Growing Market,Ted Plafker,"",9780446696968,paperback,to-read,2025/01/02,"","",0,"",,,,,,,,,"",,2024-bookshelf,No
Portrait of a Spy,Daniel Silva,"",9780062072184,hardcover,to-read,2013/10/04,"","",0,"",,,,,,,,,"",,"",No
The Way of Zen,Alan Watts,"",9780375705106,paperback,read,2024/12/04,2024/12/05,2024/12/05,1,"",,,,,,,,,"",,"",No
The Cider House Rules,John Irving,"",9780786226740,hardcover,read,2018/08/28,"","",1,"",,,,,,,5.0,,"",,"",No
Factotum,Charles Bukowski,"",9780876852637,paperback,to-read,2025/06/17,"","",0,"",,,,,,,,,"",,"",No
Ilium,Lea Carpenter,"",9780593536605,hardcover,to-read,2024/01/16,"","",0,"",,,,,,,,,"",,"",No
The Circle,Dave Eggers,"",9780241146484,hardcover,read,2017/09/02,2017/10/29,2017/10/29,1,"",,,,,,,3.0,,"",,"",No
"Waging a Good War: A Military History of the Civil Rights Movement, 1954-1968",Thomas E. Ricks,"",9780374605162,hardcover,read,2022/10/02,2023/10/07,2023/10/07,1,"",,,,,,,4.0,,"",,"",No
No One Goes Alone,Erik Larson,Julian Rhind-Tutt (Narrator),9780593557945,audio,read,2024/01/01,2024/01/04,2024/01/04,1,"",,,,,,,,,"",,"",No
Neorealism and Its Critics,"","",9780231063494,paperback,to-read,2025/01/02,"","",0,"",,,,,,,,,"",,2024-bookshelf,No
Private Empire: ExxonMobil and American Power,Steve Coll,"","",digital,to-read,2016/12/10,"","",0,"",,,,,,,,,"",,"",No
The Autobiography of Malcolm X: As Told to Alex Haley,Malcolm X,"",9789990065169,,read,2013/12/21,"","",1,"",,,,,,,4.0,,"",,2024-bookshelf,No
Europe's Classical Balance of Power: A Case History of the Theory and Practice of One of the Great Concepts of European Statecraft,Edward Gulick,"",9780393004137,paperback,to-read,2025/01/02,"","",0,"",,,,,,,,,"",,2024-bookshelf,No
Trouble in Mind: Black Southerners in the Age of Jim Crow,Leon F. Litwack,"",9780375702631,paperback,to-read,2020/10/07,"","",0,"",,,,,,,,,"",,"",No
Resistance and Betrayal: The Death and Life of the Greatest Hero of the French Resistance,Patrick Marnham,"",,,to-read,2025/11/15,"","",0,"",,,,,,,,,"",,"",No
Mindfulness: A Practical Guide to Awakening,Joseph Goldstein,"",9781622030637,hardcover,to-read,2018/02/19,"","",0,"",,,,,,,,,"",,"",No
"Armored Bears, Volume Two: The German 3rd Panzer Division in World War II",Veterans of the 3rd Panzer Division,"",9780811749664,digital,to-read,2014/07/05,"","",0,"",,,,,,,,,"",,kindle,No
Honeydew,Tess Gunty,"","",digital,to-read,2025/09/07,"","",0,"",,,,,,,,,"",,"",No
The Tragedy of Great Power Politics,John J. Mearsheimer,"",9780393323962,paperback,to-read,2025/01/02,"","",0,"",,,,,,,,,"",,2024-bookshelf,No
The Brethren: Inside the Supreme Court,"Bob Woodward, Scott Armstrong","",9780743274029,paperback,to-read,2025/06/29,"","",0,"",,,,,,,,,"",,"",No
Trying to Save Piggy Sneed,John Irving,"",9781611455465,paperback,to-read,2014/11/12,"","",0,"",,,,,,,,,"",,kindle,No
Descartes' Baby: How the Science of Child Development Explains What Makes Us Human,Paul Bloom,"",9780465007868,paperback,to-read,2016/12/07,"","",0,"",,,,,,,,,"",,"",No
Fiasco: The American Military Adventure in Iraq,Thomas E. Ricks,"",9781594201035,hardcover,read,2014/02/21,"","",1,"",,,,,,,4.0,,"",,"",No
Smiley's People,John le Carré,"",9780743455800,paperback,to-read,2022/01/22,"","",0,"",,,,,,,,,"",,"",No
Originals: How Non-Conformists Move the World,Adam M. Grant,"",9780525429562,hardcover,to-read,2021/01/12,"","",0,"",,,,,,,,,"",,"",No
Killshot,Elmore Leonard,"",9780060512248,paperback,to-read,2022/07/11,"","",0,"",,,,,,,,,"",,"",No
Pillar of Fire: America in the King Years 1963-65,Taylor Branch,"",9780684848099,paperback,to-read,2013/10/04,"","",0,"",,,,,,,,,"",,"",No
A Nietzsche Reader,Friedrich Nietzsche,R.J. Hollingdale (Translator),9780140443295,paperback,to-read,2025/01/02,"","",0,"",,,,,,,,,"",,2024-bookshelf,No
Outline,Rachel Cusk,"",9780571233625,hardcover,paused,2025/12/17,"","",0,"",,,,,,,,,"",,"",No
The Cellist of Sarajevo,Steven Galloway,"",9781594489860,hardcover,to-read,2025/01/02,"","",0,"",,,,,,,,,"",,2024-bookshelf,No
Endurance: Shackleton's Incredible Voyage,Alfred Lansing,"",9780786706211,paperback,read,2024/01/05,2024/05/30,2024/05/30,1,"",,,,,,,4.0,,"",,"",No
How to Be Black,Baratunde R. Thurston,"",9780062098047,digital,read,2014/07/05,"","",1,"",,,,,,,4.0,,"",,kindle,No
The Complete Pelican Shakespeare,William Shakespeare,"",9780141000589,hardcover,to-read,2025/01/02,"","",0,"",,,,,,,,,"",,2024-bookshelf,No
Just Deserts: Debating Free Will,Daniel C. Dennett,Gregg D. Caruso,9781509545773,digital,to-read,2021/04/11,"","",0,"",,,,,,,,,"",,"",No
Military Intelligence Blunders,John Hughes-Wilson,"",9780786707157,paperback,to-read,2025/01/02,"","",0,"",,,,,,,,,"",,2024-bookshelf,No
In the Kingdom of Ice: The Grand and Terrible Polar Voyage of the USS Jeannette,Hampton Sides,"",9780385535373,hardcover,to-read,2024/06/30,"","",0,"",,,,,,,,,"",,"",No
"When Paris Went Dark: The City of Light Under German Occupation, 1940-1944",Ronald C. Rosbottom,"",9780316217446,hardcover,read,2024/11/25,2024/12/28,2024/12/28,1,"",,,,,,,,,"",,"",No
"We Are Bellingcat: Global Crime, Online Sleuths, and the Bold Future of News",Eliot Higgins,"",9781635577303,hardcover,to-read,2022/01/23,"","",0,"",,,,,,,,,"",,"",No
The Sense of an Ending,Julian Barnes,"",9780099570332,paperback,read,2019/05/17,2019/06/22,2019/06/22,1,"",,,,,,,2.0,,"",,"",No
"Harriet Lane Handbook: A Manual for Pediatric House Officers by Johns Hopkins Hospital, Nechyba MD, Christian, Gunn MD, Vero (2002) Paperback",Nechyba MD Johns Hopkins Hospital,"","",paperback,to-read,2025/01/02,"","",0,"",,,,,,,,,"",,2024-bookshelf,No
Internal Time,Till Roenneberg,"",9780674065857,hardcover,to-read,2015/12/10,"","",0,"",,,,,,,,,"",,"",No
"Catch and Kill: Lies, Spies, and a Conspiracy to Protect Predators",Ronan Farrow,"",9780316486644,paperback,read,2019/10/25,2019/11/02,2019/11/02,1,"",,,,,,,4.0,,"",,"",No
Notes from Underground,Fyodor Dostoevsky,"Larissa Volokhonsky (Translator), Richard Pevear (Translator)",9780679734529,paperback,to-read,2021/03/11,"","",0,"",,,,,,,,,"",,"",No
Delicious Foods,James Hannaham,"",9780316284943,hardcover,to-read,2015/11/27,"","",0,"",,,,,,,,,"",,"",No
The Passage of Power: The Years of Lyndon Johnson,Robert A. Caro,"",9780679405078,hardcover,to-read,2013/10/04,"","",0,"",,,,,,,,,"",,"",No
The Sympathizer,Viet Thanh Nguyen,"",9780802123459,hardcover,read,2021/01/15,2021/04/24,2021/04/24,1,"",,,,,,,3.0,,"",,"",No
Double Down: Game Change 2012,Mark Halperin,John Heilemann,9781594204401,hardcover,to-read,2013/11/09,"","",0,"",,,,,,,,,"",,"",No
Leaving Atlanta,Tayari Jones,"",9780446690898,paperback,to-read,2019/06/01,"","",0,"",,,,,,,,,"",,"",No
Straight Man,Richard Russo,"",9780375701900,paperback,read,2019/03/23,2019/03/28,2019/03/28,1,"",,,,,,,4.0,,"",,"",No
Pan,Michael Clune,"",9780593834428,hardcover,to-read,2025/08/01,"","",0,"",,,,,,,,,"",,"",No
The Richness of Life: The Essential Stephen Jay Gould,Stephen Jay Gould,"Paul McGarr, Steven Rose, Oliver Sacks",9780393064988,hardcover,to-read,2022/07/24,"","",0,"",,,,,,,,,"",,"",No
Dispatches,Michael Herr,"",9780679735250,paperback,read,2016/06/24,2022/01/08,2022/01/08,1,"",,,,,,,4.0,,"",,"",No
Widgets: The 12 New Rules for Managing Your Employees As If They're Real People,Rodd Wagner,"",9780071847797,hardcover,to-read,2016/08/18,"","",0,"",,,,,,,,,"",,"",No
The Life You Can Save: Acting Now to End World Poverty,Peter Singer,"",9781400067107,hardcover,read,2020/02/02,2020/03/03,2020/03/03,1,"",,,,,,,,,"",,"",No
Quiet: The Power of Introverts in a World That Can't Stop Talking,Susan Cain,"",9780307352149,hardcover,to-read,2015/09/25,"","",0,"",,,,,,,,,"",,"",No
The Nuremberg Trials,Ann Tusa,John Tusa,9780815412625,paperback,to-read,2016/04/09,"","",0,"",,,,,,,,,"",,"",No
"Lean Thinking: Banish Waste and Create Wealth in Your Corporation, Revised and Updated","Daniel T. Jones, James P. Womack","",9780743249270,hardcover,to-read,2016/10/16,"","",0,"",,,,,,,,,"",,"",No
Emergency Contact,Mary H.K. Choi,"",9781534408968,hardcover,to-read,2020/03/26,"","",0,"",,,,,,,,,"",,"",No
I Who Have Never Known Men,Jacqueline Harpman,"Ros Schwartz (Translator), Sophie Mackintosh (Contributor)",9781529111798,paperback,to-read,2025/11/02,"","",0,"",,,,,,,,,"",,"",No
"The Secrets of Happy Families: Improve Your Mornings, Rethink Family Dinner, Fight Smarter, Go Out and Play, and Much More",Bruce Feiler,"",9780061778735,hardcover,to-read,2015/11/01,"","",0,"",,,,,,,,,"",,"",No
My Ex-Life,Stephen McCauley,"",9781250122438,hardcover,read,2018/06/01,2021/11/19,2021/11/19,1,"",,,,,,,,,"",,"",No
Gang of Five: Leaders at the Center of the Conservative Ascendancy,Nina J. Easton,"",9780743203203,paperback,to-read,2025/01/02,"","",0,"",,,,,,,,,"",,2024-bookshelf,No
"Pinpoint: How GPS Is Changing Technology, Culture, and Our Minds",Greg Milner,"",9780393089127,hardcover,to-read,2025/01/02,"","",0,"",,,,,,,,,"",,2024-bookshelf,No
"Thinking, Fast and Slow",Daniel Kahneman,"",9780374533557,paperback,read,2014/07/05,2016/03/22,2016/03/22,1,"",,,,,,,4.0,,"",,"kindle, favorites, 2024-bookshelf",No
"The Memory Illusion: Remembering, Forgetting, and the Science of False Memory",Julia Shaw,"","",digital,to-read,2017/04/06,"","",0,"",,,,,,,,,"",,"",No
The Nonsense of Free Will: Facing Up to a False Belief,"Richard Oerton, R. T. Oerton","",9781780882871,paperback,to-read,2017/12/08,"","",0,"",,,,,,,,,"",,"",No
Cult Classic,Sloane Crosley,"",9780374603397,hardcover,read,2022/06/07,2024/03/03,2024/03/03,1,"",,,,,,,3.0,,"",,"",No
The Red Web,Blair Coan,"","",,to-read,2025/01/02,"","",0,"",,,,,,,,,"",,2024-bookshelf,No
The Great Bridge,David McCullough,"",9780671457112,paperback,read,2022/03/05,2022/04/15,2022/04/15,1,"",,,,,,,3.0,,"",,"",No
The Overstory,Richard Powers,"",9780393356687,paperback,to-read,2022/11/06,"","",0,"",,,,,,,,,"",,"",No
"The Moral Animal: Why We Are, the Way We Are: The New Science of Evolutionary Psychology",Robert Wright,"",9780679763994,paperback,read,2014/07/05,2014/09/30,2014/09/30,1,"",,,,,,,3.0,,"",,"books-to-buy-hardcopy, 2024-bookshelf",No
The Nix,Nathan Hill,"",9781101946619,hardcover,read,2023/10/19,2024/04/29,2024/04/29,1,"",,,,,,,,,"",,2024-bookshelf,No
Never Let Me Go,Kazuo Ishiguro,"",9781400078776,paperback,read,2017/10/15,2017/10/22,2017/10/22,1,"",,,,,,,4.0,,"",,"",No
The Taming of Chance,Ian Hacking,"",9780521380140,hardcover,to-read,2025/02/15,"","",0,"",,,,,,,,,"",,"",No
Ralph Ellison: A Biography,Arnold Rampersad,"",,digital,to-read,2014/07/05,"","",0,"",,,,,,,,,"",,"",No
The Disordered Mind: What Unusual Brains Tell Us about Ourselves,Eric R. Kandel,"",9780374287863,hardcover,to-read,2021/03/11,"","",0,"",,,,,,,,,"",,"",No
Working in Public: The Making and Maintenance of Open Source Software,Nadia Asparouhova,"",,digital,to-read,2021/12/21,"","",0,"",,,,,,,,,"",,"",No
Never Mind the Pollacks: A Rock and Roll Novel,Neal Pollack,"",9780060527914,paperback,to-read,2022/09/05,"","",0,"",,,,,,,,,"",,"",No
World's End,Upton Sinclair,"",9781504026451,digital,to-read,2021/07/08,"","",0,"",,,,,,,,,"",,"",No
Motherless Brooklyn,Jonathan Lethem,"",9780345803399,paperback,read,2019/10/31,2020/03/13,2020/03/13,1,"",,,,,,,,,"",,"",No
The Naked Don't Fear the Water: An Underground Journey with Afghan Refugees,Matthieu Aikins,"",9780063058583,hardcover,to-read,2021/12/14,"","",0,"",,,,,,,,,"",,"",No
Say Nothing: A True Story of Murder and Memory in Northern Ireland,Patrick Radden Keefe,"",9780385521314,hardcover,read,2019/11/23,2020/01/15,2020/01/15,1,"",,,,,,,4.0,,"",,2024-bookshelf,No
Uncle Tom's Cabin,Harriet Beecher Stowe,"",9781519667229,paperback,to-read,2014/03/16,"","",0,"",,,,,,,,,"",,"",No
Empire of Pain: The Secret History of the Sackler Dynasty,Patrick Radden Keefe,"",9780385545686,hardcover,read,2021/03/12,2021/05/08,2021/05/08,1,"",,,,,,,4.0,,"",,"",No
The Command: Deep Inside The President's Secret Army,"Marc Ambinder, D.B. Grady, David W. Brown","",,,read,2014/11/12,2012/03/01,2012/03/01,1,"",,,,,,,,,"",,kindle,No
The Autobiography of an Ex-Colored Man,James Weldon Johnson,"",9780486285122,paperback,to-read,2025/01/02,"","",0,"",,,,,,,,,"",,2024-bookshelf,No
The Lost Education of Horace Tate: Uncovering the Hidden Heroes Who Fought for Justice in Schools,Vanessa Siddle Walker,"",9781620976029,paperback,to-read,2020/08/22,"","",0,"",,,,,,,,,"",,"",No
The Adventures of Huckleberry Finn,Mark Twain,"",9780142437179,paperback,read,2024/12/31,2025/01/07,2025/01/01-2025/01/07,1,"",,,,,,,,,"",,"",No
Thunderstruck,Erik Larson,"",9781400080663,hardcover,read,2022/03/05,2022/05/24,2022/05/24,1,"",,,,,,,3.0,,"",,"",No
Of Paradise and Power: America and Europe in the New World Order,Robert Kagan,"",9781400034185,paperback,to-read,2025/01/02,"","",0,"",,,,,,,4.0,,"",,2024-bookshelf,No
The Meaning of Thought,Markus Gabriel,Alex Englander (Translator),9781509538362,hardcover,to-read,2022/03/24,"","",0,"",,,,,,,,,"",,"",No
The Fortress of Solitude,Jonathan Lethem,"",9780571219353,paperback,to-read,2019/10/31,"","",0,"",,,,,,,,,"",,"",No
A Visit from the Goon Squad,Jennifer Egan,"",9780307592835,hardcover,read,2013/10/04,2023/11/06,2023/09/19-2023/11/06,1,"",,,,,,,3.0,,"",,"",No
The Deluge,Stephen Markley,"",9781982123093,hardcover,read,2023/01/31,2024/12/26,2024/12/26,1,"",,,,,,,,,"",,2024-bookshelf,No
Between the World and Me,Ta-Nehisi Coates,"",B00SEFAIRI,digital,read,2016/12/17,2015/07/24,2015/07/24,1,"",,,,,,,,,"",,"kindle, 2024-bookshelf",No
Everything and More: A Compact History of Infinity,David Foster Wallace,"",9780393003383,hardcover,to-read,2015/12/09,"","",0,"",,,,,,,,,"",,"",No
The Catcher in the Rye,J.D. Salinger,"",9780316769174,paperback,read,2014/05/29,"","",1,"",,,,,,,,,"",,2024-bookshelf,No
"From George Wallace to Newt Gingrich: Race in the Conservative Counterrevolution, 1963--1994 (Revised)",Dan T. Carter,"",9780807123669,paperback,to-read,2025/01/02,"","",0,"",,,,,,,,,"",,2024-bookshelf,No
The Love Songs of W.E.B. Du Bois,Honorée Fanonne Jeffers,"",9780062942937,hardcover,to-read,2022/11/18,"","",0,"",,,,,,,,,"",,"",No
The Idiot,Fyodor Dostoevsky,"Martin Geeson (Translator), Anna Brailovsky (Translator), Constance Garnett (Translator), Eva M. Martin (Translator)",9780679642428,paperback,to-read,2024/07/26,"","",0,"",,,,,,,,,"",,"",No
Market-Based Management: Strategies for Growing Customer Value and Profitability,Roger Best,"",9780130387752,paperback,to-read,2025/01/02,"","",0,"",,,,,,,,,"",,2024-bookshelf,No
Private Citizens,Tony Tulathimutte,"",9780062399106,paperback,currently-reading,2025/11/26,"","",0,"",,,,,,,,,"",,"",No
Black Boy,Richard Wright,Edward P. Jones,9780061130243,paperback,read,2016/12/17,2021/12/28,2021/12/28,1,"",,,,,,,,,"",,kindle,No
ZeroZeroZero,Roberto Saviano,"",9788807030536,paperback,to-read,2024/08/04,"","",0,"",,,,,,,,,"",,"",No
The Civil War: A Narrative: Volume 1: Fort Sumter to Perryville,Shelby Foote,"",9780394746234,paperback,to-read,2013/10/04,"","",0,"",,,,,,,,,"",,"",No
Harlem: The Four Hundred Year History from Dutch Village to Capital of Black America,Jonathan Gill,"",,,to-read,2016/12/17,"","",0,"",,,,,,,,,"",,kindle,No
"The Splendid and the Vile: A Saga of Churchill, Family, and Defiance During the Blitz",Erik Larson,Matt Addis (Narrator),9780008274962,audio,read,2020/01/05,2020/06/13,2020/06/13,1,"",,,,,,,,,"",,"",No
Bridge of Sighs,Richard Russo,"",9780375414954,hardcover,read,2025/12/24,2024/01/19,2024/01/11-2024/01/19,1,"",,,,,,,,,"",,"",No
The Forever War,Dexter Filkins,"",9780307279446,paperback,to-read,2025/01/02,"","",0,"",,,,,,,,,"",,2024-bookshelf,No
Learning from Birmingham: A Journey into History and Home,Julie Buckner Armstrong,"",9780817394479,digital,read,2023/12/09,2023/12/31,2023/12/31,1,"",,,,,,,4.0,,"",,2024-bookshelf,No
Ordinary Men,Christopher R. Browning,"",9780060995065,paperback,to-read,2023/11/04,"","",0,"",,,,,,,,,"",,"",No
"Humanly Possible: Seven Hundred Years of Humanist Freethinking, Inquiry, and Hope",Sarah Bakewell,"",9780735223370,hardcover,to-read,2023/03/12,"","",0,"",,,,,,,,,"",,"",No
Nexus: A Brief History of Information Networks from the Stone Age to AI,Yuval Noah Harari,"",9780593734223,hardcover,to-read,2024/09/23,"","",0,"",,,,,,,,,"",,"",No
The Big Short: Inside the Doomsday Machine,Michael Lewis,"",9780393078190,digital,read,2014/07/05,"","",1,"",,,,,,,4.0,,"",,"kindle, books-to-buy-hardcopy",No
My Confession / My Religion / The Gospel in Brief,Leo Tolstoy,"","",,to-read,2022/09/07,"","",0,"",,,,,,,,,"",,"",No
Meditation for Fidgety Skeptics,"Jeff Warren, Dan Harris, Carlye Adler","",9780399588952,digital,read,2018/02/12,2018/05/17,2018/05/17,1,"",,,,,,,4.0,,"",,2024-bookshelf,No
The Moral Landscape: How Science Can Determine Human Values,Sam Harris,"",9781439171219,hardcover,to-read,2014/11/06,"","",0,"",,,,,,,,,"",,kindle,No
Being You: A Science of Consciousness,Anil Seth,"",9780571337705,hardcover,read,2022/03/24,2023/07/11,2023/07/11,1,"",,,,,,,4.0,,"",,"",No
The Fall of Berlin 1945,Antony Beevor,"",9780142002803,paperback,to-read,2020/06/02,"","",0,"",,,,,,,,,"",,"",No
Bel Canto,Ann Patchett,"",9780060838720,paperback,to-read,2025/12/24,"","",0,"",,,,,,,,,"",,"",No
Lie to Me,J.T. Ellison,"",9780778330950,paperback,read,2019/06/02,2019/06/06,2019/06/06,1,"",,,,,,,2.0,,"",,"",No
Yellowface,R.F. Kuang,"",9780008532772,hardcover,to-read,2023/12/09,"","",0,"",,,,,,,,,"",,"",No
Neorealism and Its Critics (New Directions in World Politics) by R O Keohane (28-May-1986) Paperback,R O Keohane,"","",paperback,to-read,2025/01/02,"","",0,"",,,,,,,,,"",,2024-bookshelf,No
We Solve Murders,Richard Osman,"",9780593653227,hardcover,read,2025/01/05,2025/01/07,2025/01/05-2025/01/07,1,"",,,,,,,,,"",,"",No
Charlie Wilson's War: The Extraordinary Story of How the Wildest Man in Congress and a Rogue CIA Agent Changed the History of Our Times,George Crile,"",9780786190270,audio,to-read,2025/01/02,"","",0,"",,,,,,,,,"",,2024-bookshelf,No
Hell of a Book,Jason Mott,"",9780593330968,hardcover,read,2022/10/06,2022/10/20,2022/10/20,1,"",,,,,,,2.0,,"",,"",No
1984,George Orwell,"",9781917349628,hardcover,read,2018/06/01,2018/06/16,2018/06/16,1,"",,,,,,,5.0,,"",,"",No
Red Summer: The Summer of 1919 and the Awakening of Black America,Cameron McWhirter,"",9781250009067,paperback,to-read,2021/04/25,"","",0,"",,,,,,,,,"",,"",No
The Heaven & Earth Grocery Store,James McBride,"",9780593422946,hardcover,to-read,2023/12/19,"","",0,"",,,,,,,,,"",,"",No
Crook Manifesto,Colson Whitehead,"",9780385545167,digital,read,2023/08/24,2023/09/12,2023/09/12,1,"",,,,,,,3.0,,"",,"",No
A Fiery Peace in a Cold War: Bernard Schriever and the Ultimate Weapon,Neil Sheehan,"",9780679422846,hardcover,to-read,2014/02/21,"","",0,"",,,,,,,,,"",,"",No
Flawed Giant: Lyndon Johnson and His Times 1961-1973,Robert Dallek,"",9780195132380,paperback,to-read,2013/10/04,"","",0,"",,,,,,,,,"",,"",No
A Bright Shining Lie: John Paul Vann and America in Vietnam,Neil Sheehan,"",9780679724148,paperback,to-read,2014/03/15,"","",0,"",,,,,,,,,"",,"",No
King: A Life,Jonathan Eig,"",9780374279295,hardcover,read,2023/05/23,2024/11/20,2024/11/20,1,"",,,,,,,4.0,,"",,2024-bookshelf,No
Bush at War,Bob Woodward,"",9780743244619,paperback,to-read,2025/01/02,"","",0,"",,,,,,,,,"",,2024-bookshelf,No
Doubt: A History: The Great Doubters and Their Legacy of Innovation from Socrates and Jesus to Thomas Jefferson and Emily Dickinson,Jennifer Hecht,"",9780060097950,paperback,to-read,2016/02/05,"","",0,"",,,,,,,,,"",,"",No
Fear and Loathing on the Campaign Trail '72,Hunter S. Thompson,"",9780446698221,paperback,to-read,2013/10/04,"","",0,"",,,,,,,,,"",,"",No
Twist,Colum McCann,"",9780593241738,hardcover,to-read,2025/04/07,"","",0,"",,,,,,,,,"",,"",No
The Lost City of the Monkey God: A True Story,Douglas Preston,"",9781455540013,paperback,read,2022/07/01,2022/07/05,2022/07/05,1,"",,,,,,,,,"",,"",No
The Warmth of Other Suns: The Epic Story of America's Great Migration,Isabel Wilkerson,"",9780679444329,hardcover,to-read,2020/06/16,"","",0,"",,,,,,,,,"",,"",No
Churchill and Orwell: The Fight for Freedom,Thomas E. Ricks,"",9781594206139,hardcover,read,2017/05/22,2018/05/31,2018/05/31,1,"",,,,,,,4.0,,"",,2024-bookshelf,No
"The Third Reich in Power, 1933-1939",Richard J. Evans,"",9781594200748,digital,to-read,2024/09/12,"","",0,"",,,,,,,,,"",,"",No
The Other Valley,Scott Alexander Howard,"",9781668015476,hardcover,to-read,2025/06/14,"","",0,"",,,,,,,,,"",,"",No
Small Things Like These,Claire Keegan,"",9780802158741,hardcover,read,2025/09/29,2025/12/29,2025/12/22-2025/12/29,1,"",,,,,,,,,"",,"",No
Bewilderment,Richard Powers,"",9780393881158,digital,read,2021/09/26,2022/06/15,2022/06/15,1,"",,,,,,,3.0,,"",,"",No
The Sum of Us: What Racism Costs Everyone and How We Can Prosper Together,Heather McGhee,"",9780525509578,digital,to-read,2023/07/30,"","",0,"",,,,,,,,,"",,"",No
Nowhere to Go: The Tragic Odyssey of the Homeless Mentally Ill,E. Fuller Torrey,"",9780060159931,hardcover,to-read,2023/07/20,"","",0,"",,,,,,,,,"",,"",No
The Earth Is Weeping: The Epic Story of the Indian Wars for the American West,Peter Cozzens,"",9780307948182,paperback,to-read,2025/01/02,"","",0,"",,,,,,,,,"",,2024-bookshelf,No
The History of Philosophy,A.C. Grayling,"",9781984878755,digital,paused,2023/01/31,"","",0,"",,,,,,,,,"",,"",No
France on Trial: The Case of Marshal Petain,Julian Jackson,"",9780241450253,hardcover,to-read,2024/12/19,"","",0,"",,,,,,,,,"",,"",No
The Book of Form and Emptiness,Ruth Ozeki,"",9780399563645,hardcover,to-read,2024/06/01,"","",0,"",,,,,,,,,"",,"",No
Karl Marx,Francis Wheen,"",9781841151144,paperback,to-read,2025/01/02,"","",0,"",,,,,,,,,"",,2024-bookshelf,No
The Obamians: How a Band of Newcomers Redefined American Power,James Mann,"",9781101583616,digital,to-read,2014/07/05,"","",0,"",,,,,,,,,"",,kindle,No
The Essential Adam Smith,Adam Smith,"",9780393955309,paperback,to-read,2025/01/02,"","",0,"",,,,,,,,,"",,2024-bookshelf,No
"Tinker, Tailor, Soldier, Spy",John le Carré,"",9780743457903,paperback,to-read,2013/10/04,"","",0,"",,,,,,,,,"",,"",No
Under the Banner of Heaven,Jon Krakauer,"",9780330419123,paperback,read,2014/07/05,2015/05/01,2015/05/01,1,"",,,,,,,4.0,,"",,"",No
Real Americans,Rachel Khong,"",9780593537251,hardcover,to-read,2025/11/26,"","",0,"",,,,,,,,,"",,"",No
"Drunk: How We Sipped, Danced, and Stumbled Our Way to Civilization",Edward Slingerland,"",9780316453387,hardcover,to-read,2021/06/26,"","",0,"",,,,,,,,,"",,"",No
Meridian,Alice Walker,"",9780753819494,paperback,to-read,2022/01/31,"","",0,"",,,,,,,,,"",,"",No
The Big Truck that Went By: How the World Came to Save Haiti and Left Behind a Disaster,Jonathan M. Katz,"",9780230341876,hardcover,to-read,2021/08/10,"","",0,"",,,,,,,,,"",,"",No
All Quiet on the Western Front,Erich Maria Remarque,A.W. Wheen (Translator),9780449213940,paperback,to-read,2021/03/11,"","",0,"",,,,,,,,,"",,"",No
Last Night in Montreal,Emily St. John Mandel,"",9781936071456,digital,read,2022/10/02,2023/09/19,2023/09/19,1,"",,,,,,,3.0,,"",,"",No
The Life Impossible,Matt Haig,"",9780593489277,hardcover,to-read,2024/09/23,"","",0,"",,,,,,,,,"",,"",No
The Great Alone,Kristin Hannah,"","",digital,read,2019/09/07,2019/09/11,2019/09/11,1,"",,,,,,,3.0,,"",,"",No
Mislaid,Nell Zink,"",9780062364777,hardcover,read,2021/12/12,2021/12/14,2021/12/14,1,"",,,,,,,,,"",,"",No
Mỹ Documents,Kevin Nguyen,"",9780593731680,hardcover,read,2025/06/06,2025/06/14,2025/06/06-2025/06/14,1,"",,,,,,,3.0,,"",,"",No
Why Orwell Matters,Christopher Hitchens,"",9780465030507,paperback,to-read,2013/10/04,"","",0,"",,,,,,,,,"",,"",No
The Poisonwood Bible,Barbara Kingsolver,"",9780060786502,paperback,read,2022/07/02,2023/07/20,2023/07/20,1,"",,,,,,,4.0,,"",,2024-bookshelf,No
The Much Too Promised Land: America's Elusive Search for Arab-Israeli Peace,Aaron David Miller,"",9780553384147,paperback,read,2025/01/03,"","",1,"",,,,,,,,,"",,2024-bookshelf,No
Looking Backward: 2000-1887,Edward Bellamy,Cecelia Tichi (Contributor),9780140390186,paperback,to-read,2025/01/02,"","",0,"",,,,,,,,,"",,2024-bookshelf,No
Silver Sparrow,Tayari Jones,"",9781565129900,hardcover,to-read,2019/06/01,"","",0,"",,,,,,,,,"",,"",No
A Certain Idea of France: The Life of Charles de Gaulle,Julian T. Jackson,"",9781846143519,hardcover,to-read,2024/12/19,"","",0,"",,,,,,,,,"",,"",No
Cool Machine,Colson Whitehead,"",9780349725673,hardcover,to-read,2026/01/07,"","",0,"",,,,,,,,,"",,"",No
An American Tragedy,Theodore Dreiser,Richard R. Lingeman,9780451527707,paperback,to-read,2025/02/15,"","",0,"",,,,,,,,,"",,"",No
How Jesus Became God: The Exaltation of a Jewish Preacher from Galilee,Bart D. Ehrman,"",9781482992625,audio,to-read,2023/12/31,"","",0,"",,,,,,,,,"",,"",No
Trainspotting,Irvine Welsh,"",9780749336509,paperback,to-read,2025/01/02,"","",0,"",,,,,,,,,"",,2024-bookshelf,No
Chess Self-Teacher,Al Horowitz,"","",paperback,to-read,2025/01/02,"","",0,"",,,,,,,,,"",,2024-bookshelf,No
The 9/11 Report: The National Commission on Terrorist Attacks Upon the United States,National Commission on Terrorist Attacks Upon the United States,Lee H. Hamilton,9780312935542,paperback,to-read,2025/01/02,"","",0,"",,,,,,,,,"",,2024-bookshelf,No
Giovanni's Room,James Baldwin,"",9780141032948,paperback,to-read,2014/12/08,"","",0,"",,,,,,,,,"",,"",No
The Kremlin's Candidate,Jason Matthews,"",9781405920858,paperback,read,2018/09/17,2018/11/30,2018/11/30,1,"",,,,,,,4.0,,"",,"",No
Persepolis: The Story of a Childhood,Marjane Satrapi,"Mattias Ripa (Translator), Blake Ferriss (Translator)",9780375714573,paperback,paused,2025/11/24,"","",0,"",,,,,,,,,"",,"",No
"Thirteen Days in September: Carter, Begin, and Sadat at Camp David",Lawrence Wright,"",9780385352031,hardcover,read,2016/08/18,2023/12/23,2023/12/23,1,"",,,,,,,5.0,,"",,"",No
The Extraordinary Life of Sam Hell,Robert Dugoni,"",9781503949003,hardcover,read,2023/05/16,2023/06/04,2023/06/04,1,"",,,,,,,2.0,Contrived. Predictable.,"",,"",No
"The Demon of Unrest: A Saga of Hubris, Heartbreak, and Heroism at the Dawn of the Civil War",Erik Larson,"",9780385348744,hardcover,read,2024/03/23,2024/06/12,2024/06/12,1,"",,,,,,,4.0,,"",,"",No
The Rabbit Hutch,Tess Gunty,"",9780593534663,hardcover,read,2022/11/18,2023/06/16,2023/06/16,1,"",,,,,,,4.0,,"",,2024-bookshelf,No
Farsighted: How We Make the Decisions That Matter the Most,Steven Johnson,"",9781594488214,hardcover,to-read,2019/01/15,"","",0,"",,,,,,,,,"",,"",No
Superforecasting: The Art and Science of Prediction,Philip E. Tetlock,Dan Gardner,9780804136693,hardcover,read,2016/09/12,2016/09/27,2016/09/27,1,"",,,,,,,4.0,,"",,books-to-buy-hardcopy,No
The Three-Body Problem,Cixin Liu,"","",digital,read,2022/02/27,2022/03/29,2022/03/29,1,"",,,,,,,,,"",,"",No
Stumbling on Happiness,Daniel Gilbert,"",9781400077427,paperback,read,2015/10/29,2017/09/01,2017/09/01,1,"",,,,,,,4.0,,"",,"",No
Unwinding Anxiety,Judson Brewer,"",9780593330449,hardcover,read,2021/12/27,2023/04/28,2023/04/28,1,"",,,,,,,3.0,,"",,"",No
The Tell-Tale Brain: A Neuroscientist's Quest for What Makes Us Human,V.S. Ramachandran,"",9780393077827,hardcover,read,2015/10/29,2016/01/05,2016/01/05,1,"",,,,,,,4.0,,"",,books-to-buy-hardcopy,No
Someone Could Get Hurt: A Memoir of Twenty-First-Century Parenthood,Drew Magary,"",9781592408320,hardcover,to-read,2017/05/13,"","",0,"",,,,,,,,,"",,"",No
"Shape the hidden geometry of information, biology, strategy, democracy, and everything else",Jordan Ellenberg,"",9781984879066,,read,2021/05/19,2022/04/02,2022/04/02,1,"",,,,,,,,,"",,"",No
Assignment Russia: Becoming a Foreign Correspondent in the Crucible of the Cold War,Marvin Kalb,"",9780815738961,hardcover,to-read,2025/01/02,"","",0,"",,,,,,,,,"",,2024-bookshelf,No
Too Big to Fail: The Inside Story of How Wall Street and Washington Fought to Save the Financial System from Crisis — and Themselves,Andrew Ross Sorkin,"",9780670021253,hardcover,read,2016/08/19,2016/09/19,2016/09/19,1,"",,,,,,,3.0,,"",,"",No
Trespasses,Louise Kennedy,"",9780593540893,hardcover,to-read,2022/11/18,"","",0,"",,,,,,,,,"",,"",No
The Kite Runner,Khaled Hosseini,"",9781594631931,paperback,to-read,2022/12/01,"","",0,"",,,,,,,,,"",,"",No
The Long and Faraway Gone,Lou Berney,"",9780062292438,paperback,to-read,2021/07/16,"","",0,"",,,,,,,,,"",,"",No
The Premonition: A Pandemic Story,Michael Lewis,"",9780393881554,hardcover,read,2021/04/10,2021/05/16,2021/05/16,1,"",,,,,,,3.0,,"",,"",No
The Power of Habit: Why We Do What We Do in Life and Business,Charles Duhigg,"",9781400069286,hardcover,read,2014/12/21,2015/03/27,2015/03/27,1,"",,,,,,,3.0,,"",,"",No
The Black Jacobins: Toussaint L'Ouverture and the San Domingo Revolution,C.L.R. James,"",9780679724674,paperback,to-read,2022/10/09,"","",0,"",,,,,,,,,"",,"",No
Moonwalking with Einstein: The Art and Science of Remembering Everything,Joshua Foer,"",9781594202292,hardcover,read,2013/10/04,2014/07/10,2014/07/10,1,"",,,,,,,,,"",,"",No
A Diversity of Creatures,Rudyard Kipling,"",9781535191173,paperback,to-read,2025/01/02,"","",0,"",,,,,,,,,"",,2024-bookshelf,No
The Undoing Project,Michael Lewis,"",9780393254594,hardcover,read,2016/12/07,2016/12/26,2016/12/26,1,"",,,,,,,4.0,,"",,books-to-buy-hardcopy,No
Wired for War: The Robotics Revolution and Conflict in the Twenty-First Century,P.W. Singer,"",9781594201981,hardcover,read,2013/12/21,2014/01/26,2014/01/26,1,"",,,,,,,4.0,,"",,"kindle, favorites, books-to-buy-hardcopy",No
The Wide Lens,Ron Adner,"",9780670921683,paperback,to-read,2015/12/10,"","",0,"",,,,,,,,,"",,"",No
"A Swim in a Pond in the Rain: In Which Four Russians Give a Master Class on Writing, Reading, and Life",George Saunders,"",9781984856043,digital,read,2022/11/20,2022/12/30,2022/12/30,1,"",,,,,,,,,"",,"",No
"America's Longest War: The United States and Vietnam, 1950-1975",George C. Herring,"",9780072536188,paperback,read,2025/01/02,"","",1,"",,,,,,,,,"",,2024-bookshelf,No
21 Lessons for the 21st Century,Yuval Noah Harari,"",9780525512172,hardcover,read,2018/09/05,2019/01/08,2019/01/08,1,"",,,,,,,3.0,,"",,"",No
Brain Rules for Baby (Updated and Expanded): How to Raise a Smart and Happy Child from Zero to Five,John Medina,"",9780983263388,paperback,read,2014/04/12,2014/06/28,2014/06/28,1,"",,,,,,,,,"",,kindle,No
Epidemics and Society: From the Black Death to the Present,Frank M. Snowden,"",9780300192216,hardcover,to-read,2025/10/30,"","",0,"",,,,,,,,,"",,"",No
Skunk Works: A Personal Memoir of My Years at Lockheed,"Leo Janos, Ben R. Rich","",9781478908210,audio,to-read,2015/12/09,"","",0,"",,,,,,,,,"",,"",No
The Sound and the Fury,William Faulkner,"","",hardcover,to-read,2021/09/12,"","",0,"",,,,,,,,,"",,"",No
The Bonfire of the Vanities,Tom Wolfe,"",9780374115371,hardcover,read,2014/11/25,2015/09/03,2015/09/03,1,"",,,,,,,4.0,,"",,2024-bookshelf,No
The Organized Mind: Thinking Straight in the Age of Information Overload,Daniel J. Levitin,"",9780525954187,hardcover,to-read,2015/04/27,"","",0,"",,,,,,,,,"",,"",No
An American Marriage,Tayari Jones,"",9781616201340,hardcover,read,2019/05/29,2019/06/01,2019/06/01,1,"",,,,,,,4.0,,"",,"",No
The Netanyahus: An Account of a Minor and Ultimately Even Negligible Episode in the History of a Very Famous Family,Joshua Cohen,"",9781681376073,paperback,read,2025/06/26,2025/07/27,2025/06/26-2025/07/27,1,"",,,,,,,,,"",,"",No
The Demon-Haunted World,Carl Sagan,Ann Druyan,9780345409461,paperback,to-read,2014/02/26,"","",0,"",,,,,,,,,"",,kindle,No
The Great American Novel,Philip Roth,Werner Schmitz,9783499223112,paperback,to-read,2015/08/25,"","",0,"",,,,,,,,,"",,"",No
The Broom of the System,David Foster Wallace,"",9780142002421,paperback,to-read,2013/10/04,"","",0,"",,,,,,,,,"",,"",No
In America,Susan Sontag,"",9780312273200,paperback,to-read,2014/07/05,"","",0,"",,,,,,,,,"",,"",No
Liar,Rob Roberge,"",9780553448061,hardcover,read,2016/11/05,2020/06/17,2020/06/17,1,"",,,,,,,4.0,,"",,"",No
Strong Motion,Jonathan Franzen,"","",,read,2010/12/21,2022/10/25,2022/10/25,1,"",,,,,,,3.0,,"",,"",No
Howard Zinn on History,Howard Zinn,"",,,to-read,2025/01/02,"","",0,"",,,,,,,,,"",,2024-bookshelf,No
Alice's Adventures in Wonderland,"V. A. Pearn, Lewis Carroll","",9780573150067,paperback,to-read,2014/07/05,"","",0,"",,,,,,,,,"",,kindle,No
Harry Potter and the Sorcerer's Stone,J.K. Rowling,Mary GrandPré (Illustrator),9780439554930,hardcover,read,2022/12/01,2022/12/14,2022/12/14,1,"",,,,,,,,,"",,"",No
The Secret Agent,Joseph Conrad,"",9780192801692,paperback,to-read,2025/02/15,"","",0,"",,,,,,,,,"",,"",No
The Good Soldiers,David Finkel,"",9780374165734,hardcover,to-read,2018/08/08,"","",0,"",,,,,,,,,"",,"",No
The Girl on the Train,Paula Hawkins,"",9781594633669,hardcover,read,2015/09/06,2015/11/04,2015/11/04,1,"",,,,,,,3.0,,"",,"",No
The Journalist and the Murderer,Janet Malcolm,Ian Jack,9781862076372,paperback,to-read,2014/11/16,"","",0,"",,,,,,,,,"",,"",No
Wild Dark Shore,Charlotte McConaghy,"",9781250827951,hardcover,read,2025/12/01,2025/12/05,2025/12/01-2025/12/05,1,"adventurous, dark, informative, inspiring, reflective, sad",medium,A mix,Yes,Yes,No,Yes,4.0,<div>Strong characters. Narrative weaves together from multiple points of view and never bores. Characters all have their endearing qualities.&nbsp;</div>,"","","",No
The Poverty of Philosophy,Karl Marx,"",9781438519098,paperback,to-read,2025/01/02,"","",0,"",,,,,,,,,"",,2024-bookshelf,No
The Thomas Paine Reader,Thomas Paine,"",9780140444964,paperback,to-read,2025/01/02,"","",0,"",,,,,,,,,"",,2024-bookshelf,No
The Goldfinch,Donna Tartt,"",9780316055437,hardcover,read,2024/03/05,2024/07/27,2024/07/27,1,"",,,,,,,,,"",,eclipse-drive-2024,No
Bad Blood: Secrets and Lies in a Silicon Valley Startup,John Carreyrou,"",9781524731656,hardcover,read,2018/08/08,2018/08/23,2018/08/23,1,"",,,,,,,4.0,,"",,"",No
Freedom Summer: The Savage Season that Made Mississippi Burn and Made America a Democracy,Bruce Watson,"",9780670021703,hardcover,to-read,2015/03/27,"","",0,"",,,,,,,,,"",,"",No
Birds of America,Lorrie Moore,"",9780312241223,paperback,to-read,2016/05/08,"","",0,"",,,,,,,,,"",,"",No
Flesh,David Szalay,"",9781982122799,hardcover,to-read,2025/09/29,"","",0,"",,,,,,,,,"",,"",No
White Trash: The 400-Year Untold History of Class in America,Nancy Isenberg,"",9780670785971,hardcover,to-read,2017/04/07,"","",0,"",,,,,,,,,"",,"",No
Leaving Las Vegas,John O'Brien,"",9780802134455,paperback,to-read,2020/11/13,"","",0,"",,,,,,,,,"",,"",No
"Deming's Journey to Profound Knowledge: How Deming Helped Win a War, Altered the Face of Industry, and Holds the Key to Our Future",John Willis,"",9781950508839,paperback,to-read,2023/08/14,"","",0,"",,,,,,,,,"",,"",No
Racecraft: The Soul of Inequality in American Life,Karen E. Fields,Barbara J. Fields,9781844679942,hardcover,to-read,2020/06/30,"","",0,"",,,,,,,,,"",,"",No
A History of Modern Israel,Colin Shindler,"",9781107671775,paperback,to-read,2025/01/02,"","",0,"",,,,,,,,,"",,2024-bookshelf,No
Data Smart: Using Data Science to Transform Information Into Insight,John W. Foreman,"",9781118661468,paperback,to-read,2015/06/01,"","",0,"",,,,,,,,,"",,2024-bookshelf,No
The Corrections,Jonathan Franzen,"",9781841156736,paperback,read,2013/10/04,2011/04/12,2011/04/12,1,"",,,,,,,5.0,,"",,"kindle, favorites, 2024-bookshelf",No
The Checklist Manifesto: How to Get Things Right,Atul Gawande,"",9780805091748,hardcover,read,2018/02/02,2018/02/13,2018/02/13,1,"",,,,,,,3.0,,"",,"",No
Damascus Station,David McCloskey,"",9780393881042,hardcover,read,2022/11/18,2022/12/02,2022/12/02,1,"",,,,,,,,,"",,"",No
Enemy at the Gates: The Battle for Stalingrad,William Craig,"",9780883490006,hardcover,read,2021/09/25,2024/11/03,2024/11/03,1,"",,,,,,,,,"",,"",No
The Commanders,Bob Woodward,"",9780743234757,paperback,to-read,2013/10/04,"","",0,"",,,,,,,,,"",,2024-bookshelf,No
American Way of War,Russell Frank Weigley,"",9780026256506,,to-read,2025/01/02,"","",0,"",,,,,,,,,"",,2024-bookshelf,No
On Beauty,Zadie Smith,"",9780143037743,paperback,to-read,2019/09/21,"","",0,"",,,,,,,,,"",,"",No
The Fall of France: The Nazi Invasion of 1940,Julian Jackson,"",9780192805508,paperback,to-read,2024/12/19,"","",0,"",,,,,,,,,"",,"",No
A Peace to End All Peace: The Fall of the Ottoman Empire and The Creation of the Modern Middle East,David Fromkin,"",9780805068849,paperback,to-read,2025/01/02,"","",0,"",,,,,,,,,"",,2024-bookshelf,No
Wonderland: How Play Made the Modern World,Steven Johnson,"",9780399184499,paperback,read,2022/01/09,2022/01/22,2022/01/22,1,"",,,,,,,,,"",,"",No
The Vietnam Reader: The Definitive Collection of American Fiction,Unknown,"","",paperback,to-read,2025/01/02,"","",0,"",,,,,,,,,"",,2024-bookshelf,No
The Fifth Risk,Michael Lewis,"",9781324002642,hardcover,read,2018/10/02,2018/10/16,2018/10/16,1,"",,,,,,,4.0,,"",,"",No
Plan of Attack,Bob Woodward,"",9780743255479,hardcover,to-read,2025/01/02,"","",0,"",,,,,,,,,"",,2024-bookshelf,No
China Airborne,James M. Fallows,"",9780375422119,hardcover,to-read,2013/10/04,"","",0,"",,,,,,,,,"",,"",No
The Birth Partner,Penny Simkin,"",9781558321953,paperback,read,2014/11/12,"","",1,"",,,,,,,,,"",,"",No
The Cadaver King and the Country Dentist: A True Story of Injustice in the American South,"Radley Balko, Tucker Carrington","",9781610396912,hardcover,read,2023/04/23,2023/05/03,2023/05/03,1,"",,,,,,,4.0,,"",,"",No
The Liars' Club: A Memoir,Mary Karr,"",9780143035749,paperback,to-read,2020/03/26,"","",0,"",,,,,,,,,"",,"",No
Should We Eat Meat?: Evolution and Consequences of Modern Carnivory,Vaclav Smil,"",9781118278727,paperback,to-read,2015/05/31,"","",0,"",,,,,,,,,"",,"",No
The Invisible History of the Human Race: How DNA and History Shape Our Identities and Our Futures,Christine Kenneally,"",9780670025558,hardcover,to-read,2014/09/30,"","",0,"",,,,,,,,,"",,"",No
The Evolution of the Idea of God,Grant Allen,"",9783734072987,paperback,to-read,2025/01/02,"","",0,"",,,,,,,,,"",,2024-bookshelf,No
Wool,Hugh Howey,"",9781780891248,paperback,read,2025/12/24,2023/10/19,2023/10/19,1,"",,,,,,,,,"",,"",No
A Short History of Nearly Everything,Bill Bryson,"",9780767908184,paperback,read,2014/11/06,2015/01/23,2015/01/23,1,"",,,,,,,5.0,,"",,favorites,No
"Red Hot City: Housing, Race, and Exclusion in Twenty-First-Century Atlanta",Dan Immergluck,"",9780520387645,paperback,to-read,2022/08/27,"","",0,"",,,,,,,,,"",,"",No
The Hotel New Hampshire,John Irving,"",9780552992091,paperback,to-read,2025/01/04,"","",0,"",,,,,,,,,"",,"",No
"Stars in Their Courses: The Gettysburg Campaign, June-July 1963",Shelby Foote,"",9780679601128,hardcover,to-read,2013/10/04,"","",0,"",,,,,,,,,"",,"",No
Bay of Pigs: The Untold Story,Peter Wyden,"",9780671240066,hardcover,to-read,2025/01/02,"","",0,"",,,,,,,,,"",,2024-bookshelf,No
How to Survive a Plague: The Inside Story of How Citizens and Science Tamed AIDS,David France,"",9780307700636,hardcover,to-read,2020/03/26,"","",0,"",,,,,,,,,"",,"",No
Actions and Reactions,Rudyard Kipling,"",9798633930412,paperback,to-read,2025/01/02,"","",0,"",,,,,,,,,"",,2024-bookshelf,No
A Confederacy of Dunces,John Kennedy Toole,"",9780802130204,paperback,read,2014/03/16,"","",1,"",,,,,,,4.0,,"",,"favorites, 2024-bookshelf",No
"The Wager: A Tale of Shipwreck, Mutiny, and Murder",David Grann,"",9780385534260,hardcover,read,2023/12/09,2024/06/20,2024/06/20,1,"",,,,,,,,,"",,"eclipse-drive-2024, 2024-bookshelf",No
Dark Places,Gillian Flynn,"",9780307341563,hardcover,to-read,2014/05/29,"","",0,"",,,,,,,,,"",,"",No
Purity,Jonathan Franzen,"",9780374239213,hardcover,read,2015/09/03,2015/09/07,2015/09/07,1,"",,,,,,,4.0,,"",,2024-bookshelf,No
Godless,Dan Barker,"",9781569756775,paperback,to-read,2014/02/21,"","",0,"",,,,,,,,,"",,"",No
Range: Why Generalists Triumph in a Specialized World,David Epstein,"",9780735214484,hardcover,to-read,2022/10/30,"","",0,"",,,,,,,,,"",,"",No
Eichmann in Jerusalem: A Report on the Banality of Evil,Hannah Arendt,Amos Elon (Contributor),9780143039884,paperback,to-read,2021/07/08,"","",0,"",,,,,,,,,"",,"",No
Why Buddhism Is True: The Science and Philosophy of Meditation and Enlightenment,Robert Wright,"",9781439195468,paperback,read,2017/08/01,2018/02/27,2018/02/27,1,"",,,,,,,4.0,,"",,2024-bookshelf,No
"Lamb: The Gospel According to Biff, Christ's Childhood Pal",Christopher Moore,"",9780380813810,paperback,to-read,2024/01/18,"","",0,"",,,,,,,,,"",,"",No
Smarter Faster Better: The Secrets of Being Productive in Life and Business,Charles Duhigg,"",9780812993394,hardcover,read,2016/08/16,2017/02/24,2017/02/24,1,"",,,,,,,3.0,,"",,"",No
Killing a King: The Assassination of Yitzhak Rabin and the Remaking of Israel,Dan Ephron,"",9780393242102,digital,to-read,2015/10/29,"","",0,"",,,,,,,,,"",,"",No
Piranesi,Susanna Clarke,"",3896676725,paperback,read,2023/03/23,2023/03/31,2023/03/31,1,"",,,,,,,4.0,,"",,"",No
South to America: A Journey Below the Mason Dixon to Understand the Soul of a Nation,Imani Perry,"",9780062977403,hardcover,to-read,2022/01/26,"","",0,"",,,,,,,,,"",,drive-to-ms,No
Fundamentals: Ten Keys to Reality,Frank Wilczek,"",9780735223790,hardcover,read,2021/02/23,2022/06/24,2022/06/24,1,"",,,,,,,,,"",,"",Yes
Killers of the Flower Moon: The Osage Murders and the Birth of the FBI,David Grann,"",9780385542487,paperback,read,2022/07/11,2022/07/16,2022/07/16,1,"",,,,,,,,,"",,drive-to-ms,No
Noise: A Flaw in Human Judgment,"Cass R. Sunstein, Daniel Kahneman, Olivier Sibony","",9780316451406,hardcover,read,2021/02/20,2021/06/19,2021/06/19,1,"",,,,,,,,,"",,"",No
Grit: The Power of Passion and Perseverance,Angela Duckworth,"",9781501144165,paperback,to-read,2016/10/14,"","",0,"",,,,,,,,,"",,"",No
Discipline and Punish: The Birth of the Prison,Michel Foucault,Alan Sheridan (Translator),9780679752554,paperback,to-read,2024/11/09,"","",0,"",,,,,,,,,"",,"",No
Civil Disobedience and Other Essays,Henry David Thoreau,"",,,to-read,2025/01/02,"","",0,"",,,,,,,,,"",,2024-bookshelf,No
Blood at the Root: A Racial Cleansing in America,Patrick Phillips,"",9780393293012,hardcover,read,2019/11/04,2019/11/17,2019/11/17,1,"",,,,,,,4.0,,"",,"",No
A Random Walk Down Wall Street,Burton G. Malkiel,"",9780393325355,paperback,to-read,2017/03/05,"","",0,"",,,,,,,,,"",,"",No
How to: Absurd Scientific Advice for Common Real-World Problems,Randall Munroe,"",9780525537090,hardcover,read,2022/04/29,2022/05/02,2022/05/02,1,"",,,,,,,,,"",,"",No
Missoula: Rape and the Justice System in a College Town,Jon Krakauer,"",9780385538732,hardcover,to-read,2016/08/18,"","",0,"",,,,,,,,,"",,"",No
What We Owe Iraq: War and the Ethics of Nation Building,Noah Feldman,"",9780691126128,paperback,to-read,2025/01/02,"","",0,"",,,,,,,,,"",,2024-bookshelf,No
Parting the Waters: Martin Luther King and the Civil Rights Movement 1954-63,Taylor Branch,"",9780333529454,paperback,to-read,2013/10/04,"","",0,"",,,,,,,,,"",,"",No
The World Turned Right Side Up: A History of the Conservative Ascendancy in America,Godfrey Hodgson,"",9780395822944,,to-read,2025/01/02,"","",0,"",,,,,,,,,"",,2024-bookshelf,No
The Twenty-Seventh City,Jonathan Franzen,"",9780312420147,paperback,to-read,2010/12/21,"","",0,"",,,,,,,,,"",,"",No
Making Globalization Work,Joseph E. Stiglitz,"",9780393061222,hardcover,to-read,2025/01/02,"","",0,"",,,,,,,,,"",,2024-bookshelf,No
Heavy: An American Memoir,Kiese Laymon,"",9781501125652,hardcover,to-read,2019/06/01,"","",0,"",,,,,,,,,"",,"",No
Fields of Fire,James Webb,"",9780553583854,,to-read,2021/12/19,"","",0,"",,,,,,,,,"",,"",No
Night Watch,Jayne Anne Phillips,"",9780451493330,hardcover,read,2025/11/04,2025/11/29,2025/11/04-2025/11/29,1,"",,,,,,,,,"",,"",No
Breakfast at Tiffany's and Three Stories,Truman Capote,"",B007OLYQ4E,digital,read,2023/07/20,2023/07/23,2023/07/23,1,"",,,,,,,3.0,,"",,"",No
"Of Them, That Left A Name Behind: A History Of The Starnes Family's First 125 Years And Beyond In America",H. Gerald Starnes,"",9780788421419,hardcover,to-read,2015/12/09,"","",0,"",,,,,,,,,"",,"",No
Inherent Vice,Thomas Pynchon,"",9781594202247,hardcover,to-read,2016/08/18,"","",0,"",,,,,,,,,"",,"",No
The Midnight Library,Matt Haig,"",9780525559481,digital,read,2022/07/05,2022/07/06,2022/07/06,1,"",,,,,,,4.0,,"",,"",No
Misbehaving Science: Controversy and the Development of Behavior Genetics,Aaron Panofsky,"",9780226058313,hardcover,to-read,2022/06/07,"","",0,"",,,,,,,,,"",,"",No
Intermezzo,Sally Rooney,"",9780374602635,hardcover,read,2024/09/23,2025/10/24,2025/09/28-2025/10/24,1,"emotional, reflective",medium,Character,Yes,It's complicated,No,Yes,3.75,"","","","",No
The Best of Adam Sharp,Graeme Simsion,"",9781925355376,paperback,to-read,2016/08/19,"","",0,"",,,,,,,,,"",,"",No
"The Remedy: Robert Koch, Arthur Conan Doyle, and the Quest to Cure Tuberculosis",Thomas Goetz,"",9781592409174,paperback,to-read,2025/10/30,"","",0,"",,,,,,,,,"",,"",No
The Complete Short Stories of Ernest Hemingway,Ernest Hemingway,"",9780684843322,paperback,to-read,2019/12/20,"","",0,"",,,,,,,,,"",,2024-bookshelf,No
The Third Reich at War,Richard J. Evans,"",9781594202063,hardcover,to-read,2024/09/12,"","",0,"",,,,,,,,,"",,"",No
And Baby Makes Three: The Six-Step Plan for Preserving Marital Intimacy and Rekindling Romance After Baby Arrives,"John Gottman, Julie Schwartz Gottman","",9781400097388,paperback,to-read,2014/07/05,"","",0,"",,,,,,,,,"",,"",No
The Mad Among Us: A History of the Care of America's Mentally Ill,Gerald N. Grob,"",9780674541122,paperback,to-read,2023/07/20,"","",0,"",,,,,,,,,"",,"",No
"Veil: The Secret Wars of the Cia, 1981-1987",Bob Woodward,"",9780743274036,paperback,to-read,2013/10/04,"","",0,"",,,,,,,,,"",,2024-bookshelf,No
"Keeping the Faith: God, Democracy, and the Trial That Riveted a Nation",Brenda Wineapple,"",9780593229927,hardcover,to-read,2024/07/20,"","",0,"",,,,,,,,,"",,"",No
A Primate's Memoir: A Neuroscientist's Unconventional Life Among the Baboons,Robert M. Sapolsky,"",9780743202411,paperback,to-read,2017/11/14,"","",0,"",,,,,,,,,"",,"",No
This Is Where I Leave You,Jonathan Tropper,"",9781101108987,digital,read,2020/05/23,2020/05/29,2020/05/29,1,"",,,,,,,,,"",,"",No
Where Good Ideas Come from: The Natural History of Innovation,Steven Johnson,"",9781594487712,hardcover,read,2014/02/21,2014/03/08,2014/03/08,1,"",,,,,,,4.0,,"",,"favorites, books-to-buy-hardcopy",No
Middlesex,Jeffrey Eugenides,"",9780312422158,paperback,to-read,2024/12/15,"","",0,"",,,,,,,,,"",,"",No
Wealth and Democracy: A Political History of the American Rich,Kevin Phillips,"",9780767905343,paperback,to-read,2025/01/02,"","",0,"",,,,,,,,,"",,2024-bookshelf,No
The Design of Everyday Things,Donald A. Norman,"",9780465067107,paperback,to-read,2016/04/14,"","",0,"",,,,,,,,,"",,"",No
Days Without End,Sebastian Barry,"",9780698168633,digital,to-read,2023/04/01,"","",0,"",,,,,,,,,"",,"",No
The Adventures of Augie March,Saul Bellow,Christopher Hitchens (Contributor),9780143039570,paperback,to-read,2025/02/15,"","",0,"",,,,,,,,,"",,"",No
Digital Disruption: Unleashing the Next Wave of Innovation,James McQuivey,"",,,to-read,2014/07/05,"","",0,"",,,,,,,,,"",,kindle,No
Ishmael,Daniel Quinn,"","",digital,to-read,2025/01/02,"","",0,"",,,,,,,,,"",,2024-bookshelf,No
Erasure,Percival Everett,"",9780786888153,paperback,read,2024/04/04,2024/07/10,2024/07/10,1,"",,,,,,,,,"",,eclipse-drive-2024,No
Table for Two,Amor Towles,"",9780593296370,hardcover,read,2024/03/30,2024/07/11,2024/07/11,1,"",,,,,,,,,"",,2024-bookshelf,No
The Turner House,Angela Flournoy,"",9780544303164,hardcover,to-read,2015/11/27,"","",0,"",,,,,,,,,"",,"",No
The Bridge of San Luis Rey,Thornton Wilder,"",9780060913410,paperback,to-read,2025/01/02,"","",0,"",,,,,,,,,"",,2024-bookshelf,No
The Triple Agent: The al-Qaeda Mole who Infiltrated the CIA,Joby Warrick,"",B004CFAWUC,digital,read,2014/07/05,"","",1,"",,,,,,,4.0,,"",,kindle,No
Letters to a Young Contrarian,Christopher Hitchens,"",9780465030330,paperback,to-read,2013/10/04,"","",0,"",,,,,,,,,"",,2024-bookshelf,No
Darwin's Dangerous Idea: Evolution and the Meanings of Life,Daniel C. Dennett,"",9780684824710,paperback,to-read,2014/11/06,"","",0,"",,,,,,,,,"",,"",No
The Real Eve: Modern Man's Journey Out of Africa,Stephen Oppenheimer,"",9780786711925,hardcover,to-read,2024/08/18,"","",0,"",,,,,,,,,"",,"",No
"Rabbit, Run",John Updike,Arthur Morey (Narrator),"",audio,to-read,2014/07/05,"","",0,"",,,,,,,,,"",,kindle,No
The Evolution of God,Robert Wright,"",9780316734912,hardcover,to-read,2014/08/10,"","",0,"",,,,,,,,,"",,"",No
The Selfish Gene,Richard Dawkins,"",9780199291151,paperback,read,2014/06/29,2015/03/17,2015/03/17,1,"",,,,,,,3.0,,"",,books-to-buy-hardcopy,No
The Nickel Boys,Colson Whitehead,"",9780345804341,paperback,read,2019/05/17,2019/09/12,2019/09/12,1,"",,,,,,,4.0,,"",,"",No
On Juneteenth,Annette Gordon-Reed,"",9781631498848,digital,read,2022/04/11,2022/05/23,2022/05/23,1,"",,,,,,,,,"",,"",No
The Goal: A Process of Ongoing Improvement,Eliyahu M. Goldratt,Jeff Cox,9780884271789,paperback,to-read,2018/03/22,"","",0,"",,,,,,,,,"",,"",No
No Ordinary Time: Franklin and Eleanor Roosevelt: The Home Front in World War II,Doris Kearns Goodwin,"",9780684804484,paperback,to-read,2014/02/21,"","",0,"",,,,,,,,,"",,"",No
Against the Gods: The Remarkable Story of Risk,Peter L. Bernstein,"",9780471295631,paperback,to-read,2025/01/02,"","",0,"",,,,,,,,,"",,2024-bookshelf,No
Audition,Katie Kitamura,"",9780593852323,hardcover,to-read,2025/09/29,"","",0,"",,,,,,,,,"",,"",No
Incognito: The Secret Lives of the Brain,David Eagleman,"",9780307377333,hardcover,read,2015/08/16,2015/11/08,2015/11/08,1,"",,,,,,,4.0,,"",,"kindle, favorites",No
The Spiritual Doorway in the Brain: A Neurologist's Search for the God Experience,Kevin Nelson,"",,,to-read,2015/05/03,"","",0,"",,,,,,,,,"",,"",No
Demon Copperhead,Barbara Kingsolver,"",9780063251922,hardcover,read,2023/01/03,2023/01/15,2023/01/15,1,"",,,,,,,4.0,,"",,"",No
Tokyo Vice: An American Reporter on the Police Beat in Japan,Jake Adelstein,"",9780307378798,hardcover,to-read,2024/09/12,"","",0,"",,,,,,,,,"",,"",No
The World Is Flat: A Brief History of the Twenty-first Century,Thomas L. Friedman,"",9780374292799,hardcover,to-read,2025/01/02,"","",0,"",,,,,,,,,"",,2024-bookshelf,No
"The Madness of Crowds: Gender, Race and Identity",Douglas Murray,"",9781635579987,hardcover,to-read,2019/09/20,"","",0,"",,,,,,,,,"",,"",No
The Whole-Brain Child: 12 Revolutionary Strategies to Nurture Your Child's Developing Mind,"Tina Payne Bryson, Daniel J. Siegel","",9780553807912,hardcover,to-read,2016/11/07,"","",0,"",,,,,,,,,"",,parenting,No
Rage in the Gate City: The Story of the 1906 Atlanta Race Riot,Rebecca Burns,"",9781578602681,paperback,to-read,2021/06/04,"","",0,"",,,,,,,,,"",,"",No
Before the Fall,Noah Hawley,"",9781455561803,digital,to-read,2025/06/14,"","",0,"",,,,,,,,,"",,"",No
Long Island Compromise,Taffy Brodesser-Akner,"",9780593133491,hardcover,read,2025/01/22,2025/01/29,2025/01/22-2025/01/29,1,"funny, lighthearted",medium,Plot,Yes,It's complicated,No,Yes,4.25,,"","","",No
The God of the Woods,Liz Moore,"",9780593418918,hardcover,to-read,2025/12/27,"","",0,"",,,,,,,,,"",,"",No
How to Be Alone,Jonathan Franzen,"",9780312422165,paperback,to-read,2013/10/04,"","",0,"",,,,,,,,,"",,"",No
Raising an Emotionally Intelligent Child,"John Gottman, Joan DeClaire","",9780684838656,paperback,to-read,2014/07/05,"","",0,"",,,,,,,,,"",,"",No
The Great Gatsby,F. Scott Fitzgerald,"",9781955876117,hardcover,to-read,2025/01/07,"","",0,"",,,,,,,,,"",,"",No
East of Eden,John Steinbeck,"",9780142000656,paperback,to-read,2025/06/14,"","",0,"",,,,,,,,,"",,"",No
Enshittification: Why Everything Suddenly Got Worse and What to Do About It,Cory Doctorow,"",9780374619329,hardcover,read,2025/09/29,2025/12/24,2025/12/13-2025/12/24,1,"",,,,,,,,,"",,"",No
All the Light We Cannot See,Anthony Doerr,"",9781476746586,hardcover,read,2019/06/07,2019/07/17,2019/07/17,1,"",,,,,,,4.0,,"",,"",No
The Trees,Percival Everett,"",9781644450642,paperback,read,2022/11/18,2025/07/21,2025/07/15-2025/07/21,1,"",,,,,,,,,"",,"",No
White Flight: Atlanta and the Making of Modern Conservatism,Kevin M. Kruse,"",,,read,2019/06/18,2020/12/21,2020/12/21,1,"",,,,,,,,,"",,"",No
The Glass Hotel,Emily St. John Mandel,"",9780525521150,digital,read,2022/07/25,2022/08/02,2022/08/02,1,"",,,,,,,4.0,,"",,"",No
The Coming Storm,Michael Lewis,"","",audio,read,2018/09/08,2018/09/10,2018/09/10,1,"",,,,,,,3.0,,"",,"",No
Strategies of Containment: A Critical Appraisal of American National Security Policy During the Cold War,John Lewis Gaddis,"",9780195174472,paperback,to-read,2025/01/02,"","",0,"",,,,,,,,,"",,2024-bookshelf,No
Rules of Civility,Amor Towles,"",9780143121855,,read,2022/09/01,2023/03/13,2023/03/13,1,"",,,,,,,4.0,,"",,"",No
Breadwinners: and other power imbalances that influence your life,Melissa Hogenboom,"",9781837262236,digital,to-read,2025/08/14,"","",0,"",,,,,,,,,"",,"",No
A Prayer for Owen Meany,John Irving,"",9780679642596,paperback,read,2014/11/06,2001/08/01,2001/08/01,1,"",,,,,,,5.0,,"",,"favorites, 2024-bookshelf",No
Misbehaving: The Making of Behavioral Economics,Richard H. Thaler,"",9780393246773,digital,read,2016/08/18,2016/12/28,2016/12/28,1,"",,,,,,,4.0,,"",,"",No
Nostromo,Joseph Conrad,"",9780486424521,paperback,to-read,2025/02/15,"","",0,"",,,,,,,,,"",,"",No
The Emperor of All Maladies: A Biography of Cancer,Siddhartha Mukherjee,"",9780007250929,paperback,read,2024/01/05,2024/09/05,2024/09/05,1,"",,,,,,,,,"",,"",No
Fever Beach,Carl Hiaasen,"",9780593320945,hardcover,to-read,2025/09/09,"","",0,"",,,,,,,,,"",,"",No
Going Infinite: The Rise and Fall of a New Tycoon,Michael Lewis,"",9781324074335,hardcover,to-read,2023/08/23,"","",0,"",,,,,,,,,"",,"",No
American Heritage History of World War II,Stephen E. Ambrose,Cyrus Leo Sulzberger II,9781612307770,digital,to-read,2014/07/05,"","",0,"",,,,,,,,,"",,kindle,No
The Glass Castle,Jeannette Walls,"",9780743247542,paperback,to-read,2022/11/18,"","",0,"",,,,,,,,,"",,"",No
Sapiens,Yuval Noah Harari,"",9781846558238,paperback,read,2015/05/18,2015/07/25,2015/07/25,1,"",,,,,,,5.0,,"",,"favorites, books-to-buy-hardcopy",No
Native Son,Richard Wright,"",9780062357250,paperback,read,2013/10/04,2025/03/16,2025/02/25-2025/03/16,1,"",,,,,,,,,"",,"",No
SNCC: The New Abolitionists,Howard Zinn,"",,,to-read,2025/01/02,"","",0,"",,,,,,,,,"",,2024-bookshelf,No
The Great War and Modern Memory,Paul Fussell,"",9780195133325,paperback,to-read,2014/01/16,"","",0,"",,,,,,,,,"",,"",No
School Is Hell,Matt Groening,"",9780394750910,paperback,to-read,2025/01/02,"","",0,"",,,,,,,,,"",,2024-bookshelf,No
Our Mathematical Universe: My Quest for the Ultimate Nature of Reality,Max Tegmark,"",9781846144769,hardcover,to-read,2015/09/25,"","",0,"",,,,,,,,,"",,"",No
Dawn,Elie Wiesel,Frances Frenaye (Translator),9780809037728,paperback,to-read,2025/01/03,"","",0,"",,,,,,,,,"",,"",No
Predator at the Chessboard Book I,Ward Farnsworth,"",,,to-read,2020/12/30,"","",0,"",,,,,,,,,"",,"",No
The Diving Bell and the Butterfly,Jean-Dominique Bauby,Jeremy Leggatt (Translator),9780375701214,paperback,to-read,2023/05/02,"","",0,"",,,,,,,,,"",,"",No
Farenheit 451,"CID KNIPEL, Ray Bradbury","",8525052248,paperback,to-read,2025/01/03,"","",0,"",,,,,,,,,"",,2024-bookshelf,No
Five Days at Memorial: Life and Death in a Storm-Ravaged Hospital,Sheri Fink,"",9780307718969,hardcover,read,2025/07/28,2025/08/12,2025/07/28-2025/08/12,1,"dark, emotional, mysterious, reflective, sad",fast,,,,,,4.25,"","","","",No
This Is How They Tell Me the World Ends: The Cyber Weapons Arms Race,Nicole Perlroth,"",9781635576061,digital,read,2021/02/06,2022/01/23,2022/01/23,1,"",,,,,,,4.0,,"",,favorites,No
The Last Stone: A Masterpiece of Criminal Interrogation,Mark Bowden,"",9780802147301,hardcover,to-read,2019/01/01,"","",0,"",,,,,,,,,"",,"",No
"Neonatology: Management, Procedures, On-Call Problems, Diseases, and Drugs",Tricia Lacy Gomella,"Deborah J. Tuttle, Fabien G. Eyal, M. Douglas Cunningham","",digital,to-read,2025/01/02,"","",0,"",,,,,,,,,"",,2024-bookshelf,No
The Confession,John Grisham,"",9780385528047,hardcover,read,2013/12/02,"","",1,"",,,,,,,,,"",,"",No
Kingdom of No Tomorrow,Fabienne Josaphat,"",9781643755885,hardcover,to-read,2024/12/12,"","",0,"",,,,,,,,,"",,"",No
Lab Girl,Hope Jahren,"",9781101874936,hardcover,read,2019/10/03,2020/01/26,2020/01/26,1,"",,,,,,,4.0,"This was a great book. Hilarity, beautiful vignettes, touching moments, tales of friendship, the raw realness of life.  Lots of goodness. Hope Jahren is quite the writer.","",,"",No
Wandering Stars,Tommy Orange,"",9780593318256,hardcover,read,2024/11/30,2024/12/15,2024/12/15,1,"",,,,,,,,,"",,"",No
Steve Jobs,Walter Isaacson,"",9782253168522,paperback,read,2014/01/03,"","",1,"",,,,,,,4.0,,"",,favorites,No
Guests of the Ayatollah: The Iran Hostage Crisis: The First Battle in America's War with Militant Islam,Mark Bowden,"",9780802143037,paperback,to-read,2025/01/02,"","",0,"",,,,,,,,,"",,2024-bookshelf,No
On Immunity: An Inoculation,Eula Biss,"",9781555976897,hardcover,to-read,2015/05/31,"","",0,"",,,,,,,,,"",,"",No
Nothing to See Here,Kevin Wilson,"",9781922330611,paperback,read,2022/03/24,2022/04/11,2022/04/11,1,"",,,,,,,3.0,,"",,"",No
The Index of Self-Destructive Acts,Christopher Beha,"",9781947793828,hardcover,to-read,2025/07/23,"","",0,"",,,,,,,,,"",,"",No
Nuclear North Korea: A Debate on Engagement Strategies,"Victor Cha, David Kang","",9780231131292,paperback,to-read,2025/01/02,"","",0,"",,,,,,,,,"",,2024-bookshelf,No
Ghettoside: A True Story of Murder in America,Jill Leovy,"",9780385529983,hardcover,to-read,2015/01/10,"","",0,"",,,,,,,,,"",,"",No
Exit Party,Emily St. John Mandel,"",9781035081288,hardcover,to-read,2026/01/07,"","",0,"",,,,,,,,,"",,"",No
"And the Band Played On: Politics, People, and the AIDS Epidemic",Randy Shilts,"",9780312241353,paperback,to-read,2013/10/04,"","",0,"",,,,,,,,,"",,"",No
The Idea of the Brain: The Past and Future of Neuroscience,Matthew Cobb,"",9781541646858,hardcover,to-read,2024/04/13,"","",0,"",,,,,,,,,"",,"",No
Until I Find You,John Irving,"",9780345479723,paperback,to-read,2025/01/02,"","",0,"",,,,,,,,,"",,2024-bookshelf,No
Team of Rivals: The Political Genius of Abraham Lincoln,Doris Kearns Goodwin,Suzanne Toren,9781419364617,audio,to-read,2014/02/21,"","",0,"",,,,,,,,,"",,"",No
The Souls of Black Folk,W.E.B. Du Bois,Mirron Willis (Narrator),9781481571111,audio,to-read,2025/01/02,"","",0,"",,,,,,,,,"",,2024-bookshelf,No
Microbe Hunters,Paul de Kruif,"",9780156027779,paperback,to-read,2020/11/26,"","",0,"",,,,,,,,,"",,"",No
Jesus' Son,Denis Johnson,"",9780060975777,paperback,to-read,2025/06/17,"","",0,"",,,,,,,,,"",,"",No
The Caine Mutiny: A Novel of World War II,Herman Wouk,"",9780316955102,paperback,read,2023/09/19,2024/05/06,2024/05/06,1,"",,,,,,,4.0,,"",,"",No
The Lincoln Highway,Amor Towles,"",9780735222359,hardcover,read,2021/09/23,2022/08/14,2022/08/14,1,"",,,,,,,4.0,,"",,"",No
Liberation Day: Stories,George Saunders,"",9780525509592,hardcover,to-read,2022/10/02,"","",0,"",,,,,,,,,"",,"",No
Age of Sacred Terror,Daniel K. Benjamin,Steven Simon,9780756767518,hardcover,to-read,2025/01/02,"","",0,"",,,,,,,,,"",,2024-bookshelf,No
Cat's Cradle,Kurt Vonnegut,"",9780808520696,digital,to-read,2014/06/29,"","",0,"",,,,,,,,,"",,kindle,No
Who Are We?: The Challenges to America's National Identity,Samuel P. Huntington,"",9780684870540,paperback,to-read,2025/01/02,"","",0,"",,,,,,,,,"",,2024-bookshelf,No
"Unbroken: A World War II Story of Survival, Resilience, and Redemption",Laura Hillenbrand,"",9781400064168,hardcover,to-read,2017/04/06,"","",0,"",,,,,,,,,"",,"",No
Rise of the Robots: Technology and the Threat of a Jobless Future,Martin Ford,"",9780465059997,hardcover,read,2015/08/22,2016/08/11,2016/08/11,1,"",,,,,,,4.0,,"",,"",No
When Bad Things Happen to Good People,Harold S. Kushner,"",9781400034727,paperback,to-read,2013/10/04,"","",0,"",,,,,,,,,"",,"",No
Why Zebras Don't Get Ulcers,Robert M. Sapolsky,"",9780805073690,paperback,to-read,2017/11/14,"","",0,"",,,,,,,,,"",,"",No
Failure is Not an Option: Mission Control From Mercury to Apollo 13 and Beyond,Gene Kranz,"",9780425179871,paperback,to-read,2022/08/24,"","",0,"",,,,,,,,,"",,"",No
Think Like a Freak,"Steven D. Levitt, Stephen J. Dubner","",9780062218360,digital,to-read,2015/12/09,"","",0,"",,,,,,,,,"",,"",No
White Kids: Growing Up with Privilege in a Racially Divided America,Margaret A. Hagerman,"",9781479803682,hardcover,to-read,2020/08/22,"","",0,"",,,,,,,,,"",,"",No
Lincoln in the Bardo,George Saunders,"",9781408896280,paperback,read,2017/05/23,2017/12/08,2017/12/08,1,"",,,,,,,4.0,,"",,"",No
"Tennessee Music: Its People and Places : Nashville, Memphis, East Tennessee : Blues, Country, Soul, Gospel, Bluegrass, Old-time, New Acoustic",Peter Coats Zimmerman,"",9780879305338,,to-read,2025/01/02,"","",0,"",,,,,,,,,"",,2024-bookshelf,No
Tom Lake,Ann Patchett,"",9780063327528,hardcover,to-read,2025/11/26,"","",0,"",,,,,,,,,"",,"",No
The Singer's Gun,"Emily St. John Mandel, John Emily","",9781936071883,digital,read,2022/09/27,2022/10/02,2022/10/02,1,"",,,,,,,4.0,,"",,"",No
A Brief History of Seven Killings,Marlon James,"",9781594486005,hardcover,to-read,2015/01/21,"","",0,"",,,,,,,,,"",,"",No
Angle of Repose,Wallace Stegner,"",9780140169300,paperback,to-read,2025/01/02,"","",0,"",,,,,,,,,"",,2024-bookshelf,No
The Grand Design,"Stephen Hawking, Leonard Mlodinow","",9780553805376,hardcover,to-read,2016/12/07,"","",0,"",,,,,,,,,"",,"",No
Infidel,Ayaan Hirsi Ali,"",9780743289689,hardcover,to-read,2014/04/12,"","",0,"",,,,,,,,,"",,"",No
"Superintelligence: Paths, Dangers, Strategies",Nick Bostrom,"",9780199678112,hardcover,to-read,2016/08/18,"","",0,"",,,,,,,,,"",,"",No
They Thought They Were Free: The Germans 1933-45,Milton Mayer,"",9780226511924,paperback,to-read,2017/02/07,"","",0,"",,,,,,,,,"",,"",No
"The Big Picture: On the Origins of Life, Meaning, and the Universe Itself",Sean Carroll,"",9780525954828,hardcover,read,2018/01/04,2018/01/27,2018/01/27,1,"",,,,,,,5.0,,"",,books-to-buy-hardcopy,No
One Hundred Years of Solitude,Gabriel García Márquez,Gregory Rabassa (Translator),9780060919658,paperback,to-read,2022/09/03,"","",0,"",,,,,,,,,"",,"",No
The Prophets,"Robert Jones, Jr.","",9781529405712,paperback,to-read,2021/01/22,"","",0,"",,,,,,,,,"",,"",No
One True Loves,Taylor Jenkins Reid,"",9781398516694,digital,read,2022/11/13,2022/11/13,2022/11/13,1,"",,,,,,,,,"",,"",No
Mindware: Tools for Smart Thinking,Richard E. Nisbett,"",9780385680998,hardcover,read,2016/09/12,2018/12/22,2018/12/22,1,"",,,,,,,4.0,,"",,"",No
Silent Warfare: Understanding the World of Intelligence,"Gary J. Schmitt, Abram N. Shulsky","",9781574883459,paperback,to-read,2025/01/02,"","",0,"",,,,,,,,,"",,2024-bookshelf,No
One More Thing: Stories and Other Stories,B.J. Novak,"",9780385351836,hardcover,to-read,2014/07/05,"","",0,"",,,,,,,,,"",,"",No
Desperate Characters,Paula Fox,"",9780393318944,paperback,to-read,2014/12/08,"","",0,"",,,,,,,,,"",,"",No
The Art of Memory,Frances Yates,"",9780226950013,paperback,to-read,2025/02/15,"","",0,"",,,,,,,,,"",,"",No
"The DevOps Handbook: How to Create World-Class Agility, Reliability, and Security in Technology Organizations","John Willis, Gene Kim, Patrick Debois","",9781942788003,paperback,read,2018/03/22,2018/04/30,2018/04/30,1,"",,,,,,,4.0,,"",,"",No
Burn-In: A Novel of the Real Robotic Revolution,August Cole,"",9781328637895,digital,to-read,2020/12/15,"","",0,"",,,,,,,,,"",,"",No
The World According to Garp,John Irving,"",9780345915597,hardcover,read,2016/04/15,"","",1,"",,,,,,,5.0,,"",,favorites,No
The Final Revival of Opal & Nev,Dawnie Walton,"",9781982140168,hardcover,read,2021/07/17,2022/05/21,2022/05/21,1,"",,,,,,,4.0,,"",,"",No
Predictably Irrational: The Hidden Forces That Shape Our Decisions,Dan Ariely,"",9780061854545,hardcover,to-read,2014/12/13,"","",0,"",,,,,,,,,"",,"",No
The Evolution of Everything: How New Ideas Emerge,Matt Ridley,"",9780062296009,hardcover,to-read,2019/06/06,"","",0,"",,,,,,,,,"",,"",No
Bloodmoney,David Ignatius,"",9780393078114,hardcover,to-read,2013/10/04,"","",0,"",,,,,,,,,"",,"",No
Good Reasons for Bad Feelings: Insights from the Frontier of Evolutionary Psychiatry,Randolph M. Nesse,"",9781101985663,hardcover,read,2019/04/07,2020/11/22,2020/11/22,1,"",,,,,,,4.0,,"",,"",No
"Richard Brautigan's Trout Fishing in America, the Pill Versus the Springhill Mine Disaster, and in Watermelon Sugar",Richard Brautigan,"",9780395500767,paperback,to-read,2014/12/08,"","",0,"",,,,,,,,,"",,"",No
Julia,Sandra Newman,"",9780063265332,hardcover,to-read,2023/11/10,"","",0,"",,,,,,,,,"",,"",No
Why We Sleep: Unlocking the Power of Sleep and Dreams,Matthew Walker,"",9781501144318,hardcover,read,2019/12/08,2019/12/08,2019/12/08,1,"",,,,,,,3.0,,"",,"",No
The Rosie Project,Graeme Simsion,"",9781476729084,hardcover,read,2014/12/08,2015/12/02,2015/12/02,1,"",,,,,,,4.0,"I enjoyed this book immensely. Don Tillman is a fantastic character. Funny and endearing book. Highly recommended.  <br><br>Below is a short excerpt that I see as a great example of Don Tillman hilariousness (this betrays no plot and is in the first 50 pages, so I don't think its a spoiler)....<br>‘I’m wearing a jacket.’<br> ‘I’m afraid we require something a little more formal, sir.’ <br>The hotel employee indicated his own jacket as an example. In defense of what followed, I submit the Oxford English Dictionary definition of ‘jacket’: 1(a) An outer garment for the upper part of the body.  I also note that the word ‘jacket’ appears on the care instructions for my relatively new and perfectly clean Gore-Tex ‘jacket’. But it seemed his definition of jacket was limited to ‘conventional suit jacket’. <br>‘We would be happy to lend you one, sir. In this style.’ <br>‘You have a supply of jackets? In every possible size?’ I did not add that the need to maintain such an inventory was surely evidence of their failure to communicate the rule clearly, and that it would be more efficient to improve their wording or abandon the rule altogether. Nor did I mention that the cost of jacket purchase and cleaning must add to the price of their meals. Did their customers know that they were subsidizing a jacket warehouse? <br>…My Gore-Tex jacket, the high-technology garment that had protected me in rain and snowstorms, was being irrationally, unfairly and obstructively contrasted with the official’s essentially decorative woolen equivalent. I had paid $1,015 for it, including $120 extra for the customized reflective yellow. I outlined my argument. <br>‘My jacket is superior to yours by all reasonable criteria: impermeability to water, visibility in low light, storage capacity.’ I unzipped the jacket to display the internal pockets and continued, ‘Speed of drying, resistance to food stains, hood ...’ <br>And it goes on... but you get the idea.  Good stuff!","",,"",No
Foreskin's Lament,Shalom Auslander,"",9781594489556,hardcover,to-read,2017/11/02,"","",0,"",,,,,,,,,"",,"",No
Tenth of December,George Saunders,"",9781408837344,hardcover,read,2022/01/08,2022/06/07,2022/06/07,1,"",,,,,,,4.0,,"",,"",No
A History of Western Philosophy,Bertrand Russell,"",9780671201586,paperback,to-read,2025/01/02,"","",0,"",,,,,,,,,"",,2024-bookshelf,No
Slavery by Another Name: The Re-Enslavement of Black Americans from the Civil War to World War II,Douglas A. Blackmon,"",9780385506250,hardcover,to-read,2014/03/16,"","",0,"",,,,,,,,,"",,"",No
Guests of the Ayatollah: The First Battle in America's War With Militant Islam,Mark Bowden,"",9780871139252,hardcover,to-read,2014/02/21,"","",0,"",,,,,,,,,"",,"",No
Breakfast of Champions,Kurt Vonnegut,John Malkovich (Narrator),9781511323666,audio,read,2014/07/05,"","",1,"",,,,,,,5.0,,"",,kindle,No
"Superfreakonomics: Global Cooling, Patriotic Prostitutes, and Why Suicide Bombers Should Buy Life Insurance","Steven D. Levitt, Stephen J. Dubner","",9780060889579,hardcover,read,2013/10/04,"","",1,"",,,,,,,,,"",,"",No
From Beruit To Jerusalem,Thomas L. Friedman,"","",hardcover,to-read,2025/01/02,"","",0,"",,,,,,,,,"",,2024-bookshelf,No
The War of the Worlds,H.G. Wells,"",9780375759239,paperback,to-read,2025/01/02,"","",0,"",,,,,,,,,"",,2024-bookshelf,No
Harriet Tubman: The Road to Freedom,Catherine Clinton,"",9780316155946,paperback,to-read,2025/04/04,"","",0,"",,,,,,,,,"",,"",No
The Price of Politics,Bob Woodward,"",9781451651119,paperback,to-read,2014/07/05,"","",0,"",,,,,,,,,"",,kindle,No
The Power and the Glory,Graham Greene,"",9789001548445,paperback,to-read,2025/01/02,"","",0,"",,,,,,,,,"",,2024-bookshelf,No
The Family Chao,Lan Samantha Chang,"",9780393868074,hardcover,to-read,2025/11/26,"","",0,"",,,,,,,,,"",,"",No
Never Enough: The Neuroscience and Experience of Addiction,Judith Grisel,"",9780385542845,hardcover,read,2019/09/04,2019/09/13,2019/09/13,1,"",,,,,,,4.0,,"",,"",No
One Flew Over the Cuckoo's Nest,Ken Kesey,"","",hardcover,to-read,2022/12/01,"","",0,"",,,,,,,,,"",,"",No
Zeitoun,Dave Eggers,"",9781934781630,hardcover,read,2025/09/02,2025/11/24,2025/11/15-2025/11/24,1,"",,,,,,,,,"",,"",No
The Obstacle Is the Way: The Timeless Art of Turning Trials Into Triumph,Ryan Holiday,"",9781591846352,hardcover,read,2025/12/23,2025/12/26,2025/12/23-2025/12/26,1,"",,,,,,,,,"",,"",No
Fleishman Is in Trouble,Taffy Brodesser-Akner,"",9780525510871,hardcover,read,2022/11/06,2025/02/21,2025/02/11-2025/02/21,1,"",,,,,,,,,"",,"",No
"Enemy of All Mankind: A True Story of Piracy, Power, and History's First Global Manhunt",Steven Johnson,"",9780735211605,hardcover,read,2022/08/29,2022/09/13,2022/09/13,1,"",,,,,,,3.0,,"",,"",No
Ender's Game,Orson Scott Card,"",9780812550702,paperback,currently-reading,2015/04/20,"","",0,"",,,,,,,,,"",,"",No
Running Lean: Iterate from Plan A to a Plan That Works,Ash Maurya,"",9781449305178,hardcover,to-read,2016/04/09,"","",0,"",,,,,,,,,"",,"",No
The 900 Days: The Siege of Leningrad,Harrison Salisbury,"",9780306812989,paperback,to-read,2023/11/21,"","",0,"",,,,,,,,,"",,"",No
The Color of Law: A Forgotten History of How Our Government Segregated America,Richard Rothstein,"",9781631492853,hardcover,to-read,2020/11/25,"","",0,"",,,,,,,,,"",,"",No
How to Fight Anti-Semitism,Bari Weiss,"","",audio,to-read,2019/11/14,"","",0,"",,,,,,,,,"",,"",No
The Nightingale,Kristin Hannah,"",9780312577223,hardcover,to-read,2017/11/14,"","",0,"",,,,,,,,,"",,"",No
Tropic of Cancer,Henry Miller,"",9780802131782,paperback,to-read,2025/02/15,"","",0,"",,,,,,,,,"",,"",No
The Scout Mindset: Why Some People See Things Clearly and Others Don't,Julia Galef,"",,,read,2021/03/16,2022/07/01,2022/07/01,1,"",,,,,,,,,"",,"",No
Why Nations Cooperate,Arthur A. Stein,"",9780801497810,paperback,to-read,2025/01/02,"","",0,"",,,,,,,,,"",,2024-bookshelf,No
Theo of Golden,Allen Levi,"",9798988702900,paperback,to-read,2025/12/25,"","",0,"",,,,,,,,,"",,"",No
The Great Influenza: The Story of the Deadliest Pandemic in History,John M. Barry,"",9780143036494,paperback,to-read,2020/03/24,"","",0,"",,,,,,,,,"",,"",No
"Open: How We'll Work, Live and Learn In The Future",David Price,"",,audio,to-read,2014/07/05,"","",0,"",,,,,,,,,"",,kindle,No
The Good War: An Oral History of World War II,Studs Terkel,"",9781565843431,paperback,to-read,2025/01/02,"","",0,"",,,,,,,,,"",,2024-bookshelf,No
"Gödel, Escher, Bach: an Eternal Golden Braid",Douglas R. Hofstadter,"",9780465026562,paperback,to-read,2022/12/09,"","",0,"",,,,,,,,,"",,"",No
"American Caesar, Douglas MacArthur, 1880-1964",William Manchester,"",9780316544986,hardcover,to-read,2014/02/21,"","",0,"",,,,,,,,,"",,"",No
The Generals: American Military Command from World War II to Today,Thomas E. Ricks,"",9781594204043,hardcover,to-read,2014/08/10,"","",0,"",,,,,,,4.0,,"",,"kindle, books-to-buy-hardcopy, 2024-bookshelf",No
The Girl with the Dragon Tattoo,Stieg Larsson,Reg Keeland (Translator),9780670069019,hardcover,to-read,2016/12/17,"","",0,"",,,,,,,,,"",,kindle,No
The Turnaround Kid: What I Learned Rescuing America's Most Troubled Companies,Steve Miller,"",9780061251276,hardcover,to-read,2025/01/02,"","",0,"",,,,,,,,,"",,2024-bookshelf,No
Antifragile: Things That Gain from Disorder,Nassim Nicholas Taleb,"",9781400067824,hardcover,to-read,2014/11/06,"","",0,"",,,,,,,,,"",,"",No
Rebel with a Clause: Tales and Tips from a Traveling Grammar Guru,Ellen Jovin,"",9780358278153,hardcover,to-read,2025/02/20,"","",0,"",,,,,,,,,"",,"",No
Making the Corps,Thomas E. Ricks,"",9781416544500,paperback,read,2025/01/03,"","",1,"",,,,,,,,,"",,2024-bookshelf,No
Redeeming America: Piety and Politics in the New Christian Right,Michael Lienesch,"",9780807844281,paperback,to-read,2025/01/02,"","",0,"",,,,,,,,,"",,2024-bookshelf,No
"Altered Traits: Science Reveals How Meditation Changes Your Mind, Brain, and Body","Richard J. Davidson, Daniel Goleman","",9780399184383,hardcover,to-read,2018/02/19,"","",0,"",,,,,,,,,"",,"",No
White Teeth,Zadie Smith,"","",paperback,read,2025/05/01,2025/09/29,2025/04/20-2025/09/29,1,"funny, inspiring, lighthearted, reflective",medium,A mix,Yes,It's complicated,Yes,Yes,4.0,"","","","",No
"Fiasco: The American Military Adventure in Iraq, 2003 to 2005",Thomas E. Ricks,"",9780143038917,paperback,to-read,2025/01/02,"","",0,"",,,,,,,,,"",,2024-bookshelf,No
The Savage Wars of Peace: Small Wars and the Rise of American Power,Max Boot,"",9780465007219,paperback,to-read,2025/01/02,"","",0,"",,,,,,,,,"",,2024-bookshelf,No
All Fours,Miranda July,"",9781838853457,paperback,to-read,2025/11/17,"","",0,"",,,,,,,,,"",,"",No
Life 3.0: Being Human in the Age of Artificial Intelligence,Max Tegmark,Rob Shapiro (Narrator),9780451485076,audio,to-read,2017/08/04,"","",0,"",,,,,,,,,"",,"",No
Memphis Beat: The Lives and Times of America's Musical Crossroads,Larry Nager,"",9780312155872,hardcover,to-read,2025/01/02,"","",0,"",,,,,,,,,"",,2024-bookshelf,No
The Civil War: V3 Red River to Appomattox,Shelby Foote,"",9780394746227,paperback,to-read,2013/10/04,"","",0,"",,,,,,,,,"",,"",No
"Autobiography of Martin Luther King, Jr","Clayborne Carson, Martin Luther King Jr.","",9780446676502,paperback,read,2013/10/04,"","",1,"",,,,,,,,,"",,2024-bookshelf,No
Tip O'Neill and the Democratic Century: A Biography,John A. Farrell,"",9780316185707,digital,to-read,2014/07/05,"","",0,"",,,,,,,,,"",,kindle,No
The Upright Thinkers: The Human Journey from Living in Trees to Understanding the Cosmos,Leonard Mlodinow,"",9780307908230,hardcover,read,2016/12/07,2017/01/18,2017/01/18,1,"",,,,,,,4.0,,"",,"",No
What's Our Problem?: A Self-Help Book for Societies,Tim Urban,"",9798987722602,digital,to-read,2023/03/14,"","",0,"",,,,,,,,,"",,"",No
A Farewell to Arms,Ernest Hemingway,"",9780684717975,paperback,to-read,2025/01/02,"","",0,"",,,,,,,,,"",,2024-bookshelf,No
"The Body Keeps the Score: Brain, Mind, and Body in the Healing of Trauma",Bessel van der Kolk,"",9780670785933,hardcover,to-read,2020/03/11,"","",0,"",,,,,,,,,"",,"",No
Henderson the Rain King,Saul Bellow,"",9780140189421,paperback,to-read,2025/02/15,"","",0,"",,,,,,,,,"",,"",No
Ohio,Stephen Markley,"",9781501174476,hardcover,read,2024/12/04,2025/07/07,2025/06/27-2025/07/07,1,"",,,,,,,4.0,,"",,"",No
"Unweaving the Rainbow: Science, Delusion and the Appetite for Wonder",Richard Dawkins,"",9780618056736,paperback,to-read,2014/11/16,"","",0,"",,,,,,,,,"",,"",No
How to Change Your Mind,Michael Pollan,"",9780241294222,hardcover,read,2018/06/01,2018/08/07,2018/08/07,1,"",,,,,,,4.0,,"",,"",No
The Assassins' Gate: America in Iraq,George Packer,"",9780374299637,paperback,read,2025/01/02,"","",1,"",,,,,,,,,"",,2024-bookshelf,No
"Freedom and Neurobiology: Reflections on Free Will, Language, and Political Power",John Searle,"",9780231137522,hardcover,to-read,2017/12/08,"","",0,"",,,,,,,,,"",,"",No
Trust,Hernan Diaz,"",9780593420317,hardcover,read,2022/12/01,2023/08/16,2023/08/16,1,"",,,,,,,4.0,,"",,2024-bookshelf,No
The Sellout,Paul Beatty,"",9780374260507,hardcover,to-read,2015/11/27,"","",0,"",,,,,,,,,"",,"",No
True Believers,Kurt Andersen,"",9781400067206,hardcover,to-read,2014/01/13,"","",0,"",,,,,,,,,"",,"",No
Outliers: The Story of Success,Malcolm Gladwell,"",9780316017923,hardcover,read,2013/10/04,"","",1,"",,,,,,,,,"",,"",No
Religion and Science,Bertrand Russell,"",9780195115512,paperback,to-read,2014/06/29,"","",0,"",,,,,,,,,"",,"",No
Gideon's Spies: The Secret History of the Mossad,Gordon Thomas,"",9780312339135,paperback,to-read,2014/02/21,"","",0,"",,,,,,,,,"",,"",No
The Coming of the Third Reich,Richard J. Evans,"",9780143034698,paperback,to-read,2024/09/12,"","",0,"",,,,,,,,,"",,"",No
Fives and Twenty-Fives,Michael Pitre,"",9781620407547,hardcover,to-read,2016/08/18,"","",0,"",,,,,,,,,"",,"",No
"Mistakes Were Made (But Not by Me): Why We Justify Foolish Beliefs, Bad Decisions, and Hurtful Acts","Elliot Aronson, Carol Tavris","",9780151010981,hardcover,read,2019/09/30,2021/12/22,2021/12/22,1,"",,,,,,,,,"",,"",No
Under a Hoodoo Moon: The Life of Dr. John the Night Tripper,"Jack Rummel, Malcolm John ""Mac"" Rebennack","",9780312105679,hardcover,to-read,2025/01/02,"","",0,"",,,,,,,,,"",,2024-bookshelf,No
Light Years,James Salter,"",9780679740735,paperback,to-read,2021/03/11,"","",0,"",,,,,,,,,"",,"",No
The Blue Hour,Laura Pritchett,"",9781619028487,hardcover,to-read,2025/07/07,"","",0,"",,,,,,,,,"",,"",No
Welcome to Your Child's Brain: How the Mind Grows from Conception to College,Sandra Aamodt,Sam Wang,9781596916494,hardcover,to-read,2016/11/07,"","",0,"",,,,,,,,,"",,"",No
Fredericksburg to Meridian,Shelby Foote,"",9780394746210,paperback,to-read,2013/10/04,"","",0,"",,,,,,,,,"",,"",No
City of Thieves,David Benioff,"",9780452295292,paperback,read,2023/11/21,2023/12/09,2023/12/09,1,"",,,,,,,4.0,,"",,"",No
Dominion: How the Christian Revolution Remade the World,Tom Holland,"",9780465093502,hardcover,to-read,2025/04/10,"","",0,"",,,,,,,,,"",,"",No
How to Keep House While Drowning: A Gentle Approach to Cleaning and Organizing,KC Davis,"",9781668002858,digital,paused,2023/08/23,"","",0,"",,,,,,,,,"",,"",No
A Man Called Ove,Fredrik Backman,Henning Koch (Translator),9781476738017,hardcover,to-read,2025/08/10,"","",0,"",,,,,,,,,"",,"",No
The Mother Tongue: English and How It Got That Way,Bill Bryson,"",9780380715435,paperback,to-read,2016/08/19,"","",0,"",,,,,,,,,"",,"",No
Conscious: A Brief Guide to the Fundamental Mystery of the Mind,Annaka Harris,"",9780062906731,digital,read,2019/05/13,2019/12/22,2019/12/22,1,"",,,,,,,3.0,,"",,"",No
On Liberty,John Stuart Mill,Elizabeth Rapaport,9780915144433,paperback,to-read,2025/01/02,"","",0,"",,,,,,,,,"",,2024-bookshelf,No
Before the Storm: Barry Goldwater and the Unmaking of the American Consensus,Rick Perlstein,"",9780809028580,paperback,to-read,2016/12/17,"","",0,"",,,,,,,,,"",,kindle,No
Talking to Strangers: What We Should Know about the People We Don't Know,Malcolm Gladwell,"",9780316478526,hardcover,to-read,2019/05/05,"","",0,"",,,,,,,,,"",,"",No
Childhood Is Hell,Matt Groening,"","",,to-read,2025/01/02,"","",0,"",,,,,,,,,"",,2024-bookshelf,No
Same As It Ever Was,Claire Lombardo,"",9780385549554,hardcover,to-read,2025/12/08,"","",0,"",,,,,,,,,"",,"",No
The Wretched of the Earth,Frantz Fanon,Richard Philcox (Translator),9780802141323,paperback,to-read,2020/06/09,"","",0,"",,,,,,,,,"",,"",No
Lazarus Man,Richard Price,"",9780374168155,hardcover,to-read,2024/11/10,"","",0,"",,,,,,,,,"",,"",No
The Marx-Engels Reader,"Karl Marx, Friedrich Engels","",9780393090406,paperback,to-read,2025/01/02,"","",0,"",,,,,,,,,"",,2024-bookshelf,No
Why Does the World Exist?: An Existential Detective Story,Jim Holt,"",9780871404091,hardcover,read,2015/10/23,2017/04/26,2017/04/26,1,"",,,,,,,3.0,,"",,"",No
"David and Goliath: Underdogs, Misfits, and the Art of Battling Giants",Malcolm Gladwell,"",9780316204361,hardcover,read,2015/09/29,2015/10/13,2015/10/13,1,"",,,,,,,3.0,,"",,"",No
The Underground Railroad,Colson Whitehead,"",9780385542364,hardcover,read,2020/02/15,2020/02/22,2020/02/22,1,"",,,,,,,4.0,,"",,"",No
Gomorrah,Roberto Saviano,Virginia Jewiss (Translator),9780374165277,hardcover,to-read,2024/08/18,"","",0,"",,,,,,,,,"",,"",No
Gandhi's Passion: The Life and Legacy of Mahatma Gandhi,Stanley Wolpert,"",9780195156348,paperback,to-read,2025/01/03,"","",0,"",,,,,,,,,"",,2024-bookshelf,No
The Flamethrowers,Rachel Kushner,"",9781439142004,hardcover,currently-reading,2025/06/29,"","",0,"",,,,,,,,,"",,"",No
Selfie: How the West Became Self-Obsessed,Will Storr,"",9781447283676,digital,to-read,2018/12/06,"","",0,"",,,,,,,,,"",,"",No
The Spy Who Came in from the Cold,John le Carré,"","",digital,to-read,2021/10/29,"","",0,"",,,,,,,,,"",,"",No
Unveiled: How Western Liberals Empower Radical Islam,Yasmine Mohammed,"",9781999240516,digital,to-read,2019/11/14,"","",0,"",,,,,,,,,"",,"",No
All the Devils are Here: The Hidden History of the Financial Crisis,Bethany McLean,Joe Nocera,9781591843634,hardcover,to-read,2013/10/04,"","",0,"",,,,,,,,,"",,"",No
Leave the World Behind,Rumaan Alam,"",9780062667632,hardcover,read,2023/01/31,2023/02/03,2023/02/03,1,"",,,,,,,2.0,,"",,"",No
Mindfulness in Plain English,Bhante Henepola Gunarantana,"",9780861713219,paperback,to-read,2023/05/03,"","",0,"",,,,,,,,,"",,"",No
Ill Will,Dan Chaon,"",9780345476043,hardcover,to-read,2020/03/26,"","",0,"",,,,,,,,,"",,"",No
My Father's Country: Story of a German Family,Wibke Bruhns,"",9781400097601,paperback,to-read,2016/09/12,"","",0,"",,,,,,,,,"",,"",No
Apeirogon,Colum McCann,"",9781400069606,hardcover,read,2025/06/14,2025/09/08,2025/07/21-2025/09/08,1,"emotional, hopeful, inspiring, sad",medium,A mix,Yes,Yes,Yes,No,4.25,"","","","",No
"Investments Unlimited: A Novel About DevOps, Security, Audit Compliance, and Thriving in the Digital Age","Helen Beal, Helen Beal, Bill Bensing, Jason Cox","","",digital,paused,2023/11/06,"","",0,"",,,,,,,,,"",,"",No
How Emotions Are Made: The Secret Life of the Brain,Lisa Feldman Barrett,"",9780544133310,hardcover,read,2021/07/10,2021/12/13,2021/12/13,1,"",,,,,,,,,"",,"",No
Our Kids: The American Dream in Crisis,Robert D. Putnam,"",9781476769899,hardcover,to-read,2015/05/31,"","",0,"",,,,,,,,,"",,"",No
The Quick Fix: Why Fad Psychology Can't Cure Our Social Ills,Jesse Singal,"",9780374239800,hardcover,to-read,2020/11/26,"","",0,"",,,,,,,,,"",,"",No
Artemis,Andy Weir,"",9780553448122,hardcover,read,2017/11/14,2017/11/21,2017/11/21,1,"",,,,,,,3.0,"I loved The Martian and I was excited to read Artemis. I have no gripes with the plot and enjoyed the science-based color throughout the book (web browsing latency, coffee's low boiling point, etc.). But the dialog was downright awful. Cringe worthy. I went back and forth between giving this book 2 or 3 stars. I made it to the end which in and of itself means it wasn't terrible. And it certainly had its moments. If it wasn't for the face-palm-inducing dialog it would have gotten 4 stars. But, it had said dialog and that dialog heavily distracted from the goodness of the plot. Given this I went with 3 stars. And when reading some of the more obnoxious commentary from Jazz, I debated whether 2 was more deserving. In the end, 3 won out, but it was close.","",,"",No
Wonder Boys,Michael Chabon,"",9781857024050,paperback,to-read,2021/07/08,"","",0,"",,,,,,,,,"",,"",No
A Fire You Can't Put Out: The Civil Rights Life of Birmingham's Reverend Fred Shuttlesworth,Andrew M. Manis,"",9780817311568,paperback,to-read,2022/03/17,"","",0,"",,,,,,,,,"",,"",No
Recoding America: Why Government Is Failing in the Digital Age and How We Can Do Better,Jennifer Pahlka,"",9781250266767,digital,did-not-finish,2024/06/19,"","",0,"",,,,,,,,,"",,"",No
My Friends,Fredrik Backman,Neil Smith (Translator),9781982112820,hardcover,read,2025/08/10,2025/09/25,2025/08/08-2025/09/25,1,"emotional, funny, hopeful, inspiring, sad",medium,A mix,Yes,Yes,No,It's complicated,4.25,"","","","",No
Young Mungo,Douglas Stuart,"",9780802159557,hardcover,to-read,2022/11/19,"","",0,"",,,,,,,,,"",,"",No
Government and politics of the Middle East,Maurice Harari,"","",paperback,to-read,2025/01/02,"","",0,"",,,,,,,,,"",,2024-bookshelf,No
Chatter,Ethan Kross,"",9780525575238,hardcover,to-read,2021/06/23,"","",0,"",,,,,,,,,"",,"",No
Musicophilia: Tales of Music and the Brain,Oliver Sacks,"",9780676979794,paperback,to-read,2014/07/05,"","",0,"",,,,,,,,,"",,"",No
Animal Farm,George Orwell,"",9780141187389,paperback,read,2025/09/09,"","",1,"",,,,,,,,,"",,"",No
Shift,Hugh Howey,"",9781780891224,paperback,read,2024/01/04,2024/02/13,2024/02/13,1,"",,,,,,,3.0,,"",,"",No
John Dies at the End,David Wong,Jason Pargin,9780978970765,paperback,to-read,2022/08/31,"","",0,"",,,,,,,,,"",,"",No
"The Great Dechurching: Who's Leaving, Why Are They Going, and What Will It Take to Bring Them Back?","Ryan P. Burge, Jim Davis, Michael Graham","",9780310147435,hardcover,to-read,2023/08/22,"","",0,"",,,,,,,,,"",,"",No
One Million Steps: A Marine Platoon at War,"Francis J. ""Bing"" West Jr.","",9781400068746,hardcover,to-read,2016/08/18,"","",0,"",,,,,,,,,"",,"",No
Mason & Dixon,Thomas Pynchon,"",9780312423209,paperback,to-read,2015/06/30,"","",0,"",,,,,,,,,"",,"",No
The Border,Don Winslow,"",9780062664518,digital,read,2018/09/24,2019/03/14,2019/03/14,1,"",,,,,,,3.0,,"",,"",No
The System: The Glory and Scandal of Big-Time College Football,"Armen Keteyian, Jeff Benedict","","",audio,to-read,2013/10/04,"","",0,"",,,,,,,,,"",,"",No
"Brave Genius: A Scientist, a Philosopher, and Their Daring Adventures from the French Resistance to the Nobel Prize",Sean B. Carroll,"",9780307952349,paperback,read,2021/01/01,2021/08/04,2021/08/04,1,"",,,,,,,,,"",,"",No
Man's Search for Meaning,Viktor E. Frankl,"Harold S. Kushner (Contributor), William J. Winslade (Contributor), Isle Lasch (Translator)",9780807014295,paperback,read,2015/09/25,2015/11/17,2015/11/17,1,"",,,,,,,4.0,,"",,books-to-buy-hardcopy,No
The Bluest Eye,Toni Morrison,"",9780307278449,paperback,read,2023/01/02,2023/07/04,2023/07/04,1,"",,,,,,,4.0,,"",,"",No
The Shadow of the Wind,Carlos Ruiz Zafón,Jonathan Davis (Narrator),9781101975954,audio,to-read,2020/08/26,"","",0,"",,,,,,,,,"",,"",No
The End of Everything (Astrophysically Speaking),Katie Mack,"",9781982103545,hardcover,to-read,2021/12/25,"","",0,"",,,,,,,,,"",,"",No
"The Gamble: General David Petraeus and the American Military Adventure in Iraq, 2006-2008",Thomas E. Ricks,"",9781594201974,hardcover,to-read,2020/11/25,"","",0,"",,,,,,,,,"",,2024-bookshelf,No
The Book Thief,Markus Zusak,"",9780385611473,paperback,to-read,2022/12/01,"","",0,"",,,,,,,,,"",,"",No
Confession of a Buddhist Atheist,Stephen Batchelor,"",9780385527064,hardcover,to-read,2017/12/08,"","",0,"",,,,,,,,,"",,"",No
The Paradox of Choice: Why More Is Less,Barry Schwartz,"",9780060005696,paperback,to-read,2015/12/10,"","",0,"",,,,,,,,,"",,"",No
Elusive Cures: Why Neuroscience Hasn't Solved Brain Disorders—and How We Can Change That,Nicole Rust,"",9780691243054,hardcover,to-read,2025/06/10,"","",0,"",,,,,,,,,"",,"",No
The Topeka School,Ben Lerner,"",9780374277789,hardcover,read,2023/08/27,2023/09/03,2023/09/03,1,"",,,,,,,3.0,,"",,"",No
The Hedgehog and the Fox: An Essay on Tolstoy's View of History,Isaiah Berlin,"",9781566630191,paperback,to-read,2022/09/20,"","",0,"",,,,,,,,,"",,"",No
Black Reconstruction in America 1860-1880,W.E.B. Du Bois,"",9780684856575,paperback,to-read,2022/10/25,"","",0,"",,,,,,,,,"",,"",No
"Same Kind of Different as Me: A Modern-Day Slave, an International Art Dealer, and the Unlikely Woman Who Bound Them Together","Ron Hall, Denver Moore",Lynn Vincent (Contributor),9780849900419,hardcover,to-read,2025/01/02,"","",0,"",,,,,,,,,"",,2024-bookshelf,No
Trick Mirror: Reflections on Self-Delusion,Jia Tolentino,"",9780525510543,hardcover,to-read,2020/03/11,"","",0,"",,,,,,,,,"",,"",No
Origin: A Genetic History of the Americas,Jennifer Raff,"",9781538749715,hardcover,to-read,2022/07/24,"","",0,"",,,,,,,,,"",,"",No
"The Business of Venture Capital: Insights from Leading Practitioners on the Art of Raising a Fund, Deal Structuring, Value Creation, and Exit Strategies",Mahendra Ramsinghani,"",9780470874448,hardcover,to-read,2013/10/04,"","",0,"",,,,,,,,,"",,"",No
"Cynical Theories: How Activist Scholarship Made Everything about Race, Gender, and Identity — And Why This Harms Everybody","James Lindsay, Helen Pluckrose","",9781634312028,hardcover,to-read,2020/08/25,"","",0,"",,,,,,,,,"",,"",No
A Children's Bible,Lydia Millet,"",9780393867381,paperback,read,2025/02/05,2025/02/05,2025/02/03-2025/02/05,1,"",,,,,,,,,"",,"",No
Misquoting Jesus: The Story Behind Who Changed the Bible and Why,Bart D. Ehrman,"",9780060859510,paperback,to-read,2014/02/26,"","",0,"",,,,,,,,,"",,"",No
"The Lion, the Witch and the Wardrobe",C.S. Lewis,"",9780848808235,hardcover,to-read,2025/01/02,"","",0,"",,,,,,,,,"",,2024-bookshelf,No
Lights On: How Understanding Consciousness Helps Us Understand the Universe,Annaka Harris,"",B0DL6P87MH,audio,paused,2025/07/09,"","",0,"",,,,,,,,,"",,"",No
Lyndon B. Johnson: Portrait of a President,Robert Dallek,"",9780195159219,paperback,to-read,2013/10/04,"","",0,"",,,,,,,,,"",,"",No
Behave: The Biology of Humans at Our Best and Worst,Robert M. Sapolsky,"",9780735222786,digital,read,2017/05/11,2017/11/14,2017/11/14,1,"",,,,,,,4.0,,"",,"",No
"At Canaan's Edge: America in the King Years, 1965-68",Taylor Branch,"",9780684857138,paperback,to-read,2013/10/04,"","",0,"",,,,,,,,,"",,"",No
The Biggest Ideas in the Universe,Sean Carroll,"",9780593186589,hardcover,read,2022/09/20,2023/02/07,2023/02/07,1,"",,,,,,,4.0,,"",,"",No
Lancelot,Walker Percy,"",9780312243074,paperback,read,2014/07/05,2014/07/28,2014/07/28,1,"",,,,,,,,,"",,kindle,No
Herzog,Saul Bellow,Philip Roth,9780142437292,paperback,to-read,2014/07/05,"","",0,"",,,,,,,,,"",,"",No
Race and the Shaping of Twentieth-Century Atlanta,Ronald H. Bayor,"",9780807848982,paperback,to-read,2022/06/18,"","",0,"",,,,,,,,,"",,2024-bookshelf,No
Citizens: A Chronicle of the French Revolution,Simon Schama,"",9780679726104,paperback,to-read,2024/07/30,"","",0,"",,,,,,,,,"",,"",No
Punch Me Up to the Gods: A Memoir,Brian Broome,"",9780358439103,hardcover,read,2022/04/24,2022/04/28,2022/04/28,1,"",,,,,,,4.0,,"",,"",No
Dinosaurs,Lydia Millet,"",9781324021469,hardcover,read,2025/02/02,2025/02/02,2025/01/29-2025/02/02,1,"",,,,,,,,,"",,"",No
God's Problem: How the Bible Fails to Answer Our Most Important Question - Why We Suffer,Bart D. Ehrman,"",9780061173974,hardcover,to-read,2014/02/26,"","",0,"",,,,,,,,,"",,"",No
Master and Commander,Patrick O'Brian,"",9780393307054,paperback,to-read,2021/01/18,"","",0,"",,,,,,,,,"",,"",No
A Son of the Circus,John Irving,"",9780345915627,paperback,to-read,2025/01/02,"","",0,"",,,,,,,,,"",,2024-bookshelf,No
Black Holes & Time Warps: Einstein's Outrageous Legacy,Kip S. Thorne,"",9780393312768,paperback,read,2025/01/02,"","",1,"",,,,,,,,,"",,2024-bookshelf,No
That Old Ace in the Hole,Annie Proulx,"",9780007151523,paperback,to-read,2025/06/14,"","",0,"",,,,,,,,,"",,"",No
True Grit,Charles Portis,"",9781585673698,paperback,to-read,2022/07/11,"","",0,"",,,,,,,,,"",,"",No
"Taking Charge of Your Fertility: The Definitive Guide to Natural Birth Control, Pregnancy Achievement, and Reproductive Health",Toni Weschler,"",9780060881900,paperback,to-read,2025/01/02,"","",0,"",,,,,,,,,"",,2024-bookshelf,No
The Transformation of Political Community: Ethical Foundations of the Post-Westphalian Era,Andrew Linklater,"",,,to-read,2025/01/02,"","",0,"",,,,,,,,,"",,2024-bookshelf,No
"Moral Philosophy: A Reader, 2nd Ed.","louis-p-pojman, louis-p-pojman","",,,to-read,2025/01/02,"","",0,"",,,,,,,,,"",,2024-bookshelf,No
Silent Village: The Life and Death of Oradour-sur-Glane,"Robert Pike, Robert Pike","",,,to-read,2024/12/29,"","",0,"",,,,,,,,,"",,"",No
Capote: A Biography,Gerald Clarke,"",9780795331176,digital,to-read,2014/11/12,"","",0,"",,,,,,,,,"",,kindle,No
Louis XVI: Or The End of a World,Bernard Faÿ,"",9780491000406,,to-read,2024/07/27,"","",0,"",,,,,,,,,"",,"",No
"The Frontiers of Knowledge: What We Know About Science, History and The Mind",A.C. Grayling,"",9780241304587,paperback,to-read,2022/03/24,"","",0,"",,,,,,,,,"",,"",No
Into Thin Air: A Personal Account of the Mt. Everest Disaster,Jon Krakauer,"",9780679462712,digital,read,2014/02/21,"","",1,"",,,,,,,4.0,,"",,2024-bookshelf,No
Home Land,Sam Lipsyte,"",9780312424183,paperback,to-read,2025/01/04,"","",0,"",,,,,,,,,"",,2024-bookshelf,No
The Forrestal Diaries,Walter Millis,"",9780670324187,hardcover,to-read,2025/01/02,"","",0,"",,,,,,,,,"",,2024-bookshelf,No
"Coming Fury, Volume 1",Bruce Catton,"",9781842122921,digital,to-read,2020/06/19,"","",0,"",,,,,,,,,"",,"",No
The Rise and Fall of the Third Reich: A History of Nazi Germany,William L. Shirer,"",9780671728694,paperback,read,2016/01/21,2016/07/28,2016/07/28,1,"",,,,,,,5.0,,"",,2024-bookshelf,No
On Intelligence: How a New Understanding of the Brain Will Lead to the Creation of Truly Intelligent Machines,"Sandra Blakeslee, Jeff Hawkins","",9780805078534,paperback,to-read,2016/08/18,"","",0,"",,,,,,,,,"",,2024-bookshelf,No
The Yellow Birds,Kevin Powers,"",9780316219365,hardcover,to-read,2013/10/04,"","",0,"",,,,,,,,,"",,"",No
A Little Life,Hanya Yanagihara,"",9780385539258,hardcover,to-read,2020/03/11,"","",0,"",,,,,,,,,"",,"",No
Nobody's Fool,Richard Russo,"",9780679753339,paperback,read,2019/04/25,2019/05/09,2019/05/09,1,"",,,,,,,3.0,,"",,"",No
Black Like Me,John Howard Griffin,"",9780451208644,paperback,to-read,2022/07/18,"","",0,"",,,,,,,,,"",,"",No
"Dissolving the Ego, Realizing the Self: Contemplations from the Teachings of David R. Hawkins, M.D., Ph.D.",David R. Hawkins,"",9781401931155,paperback,to-read,2022/11/03,"","",0,"",,,,,,,,,"",,"",No
The Main Enemy: The Inside Story of the Cia's Final Showdown with the KGB,"James Risen, Milt Bearden","",9780345472502,paperback,read,2014/05/25,"","",1,"",,,,,,,4.0,,"",,2024-bookshelf,No
How Not to Be Wrong: The Power of Mathematical Thinking,Jordan Ellenberg,"",9781594205224,hardcover,read,2015/10/23,2017/03/17,2017/03/17,1,"",,,,,,,4.0,,"",,"",No
Einstein: His Life and Universe,Walter Isaacson,"",9780743264730,hardcover,to-read,2016/08/18,"","",0,"",,,,,,,,,"",,"",No
Viper Pilot: A Memoir of Air Combat,Dan Hampton,"",9780062130358,hardcover,read,2014/07/24,2014/08/06,2014/08/06,1,"",,,,,,,3.0,,"",,"",No
The Billion Dollar Spy: A True Story of Cold War Espionage and Betrayal,David E. Hoffman,"","",paperback,read,2022/07/11,2022/07/21,2022/07/21,1,"",,,,,,,4.0,,"",,drive-to-ms,No
If Beale Street Could Talk,James Baldwin,"",9780307275936,paperback,read,2022/05/04,2022/05/08,2022/05/08,1,"",,,,,,,,,"",,"",No
Money,Martin Amis,"",9780099461883,paperback,to-read,2014/11/25,"","",0,"",,,,,,,,,"",,"",No
Wolf in White Van,John Darnielle,"",9780374292089,hardcover,to-read,2017/05/23,"","",0,"",,,,,,,,,"",,"",No
Who Moved My Cheese?,Spencer Johnson,Ken Blanchard,9780091883768,hardcover,to-read,2015/12/10,"","",0,"",,,,,,,,,"",,"",No
Avenue of Mysteries,John Irving,"",9781451664164,hardcover,to-read,2015/10/23,"","",0,"",,,,,,,,,"",,"",No
Wilt,Tom Sharpe,"",9780099435488,paperback,to-read,2022/08/31,"","",0,"",,,,,,,,,"",,"",No
The Martian,Andy Weir,"",9780804139021,hardcover,read,2016/02/21,2016/02/22,2016/02/22,1,"",,,,,,,5.0,,"",,favorites,No
The Best and the Brightest,David Halberstam,"",9780449908709,paperback,to-read,2019/05/10,"","",0,"",,,,,,,,,"",,"",No
"Hellhound on His Trail: The Stalking of Martin Luther King, Jr. and the International Hunt for His Assassin",Hampton Sides,"",9780385523929,hardcover,read,2013/10/04,2013/11/05,2013/11/05,1,"",,,,,,,4.0,,"",,"favorites, books-to-buy-hardcopy",No
"Lights Out: Pride, Delusion, and the Fall of General Electric","Ted Mann, Thomas Gryta","",9780358250418,hardcover,to-read,2021/06/15,"","",0,"",,,,,,,,,"",,"",No
I'll Never Get Out of This World Alive,Steve Earle,"",9780618820962,hardcover,to-read,2013/10/04,"","",0,"",,,,,,,,,"",,"",No
The Prince of Tides,Pat Conroy,"",9780553381542,paperback,to-read,2022/01/31,"","",0,"",,,,,,,,,"",,"",No
A Place of Greater Safety,Hilary Mantel,"",9780312426392,paperback,to-read,2024/10/29,"","",0,"",,,,,,,,,"",,"",No
The One Minute Manager,"Ken Blanchard, Spencer Johnson","",9780688014292,hardcover,read,2015/07/25,"","",1,"",,,,,,,2.0,,"",,"",No
"The Struggle for the Middle East: The Soviet Union and the Middle East, 1958-68","Walter Laqueur, Chairman International Research Council Walter Laqueur","",9780140213935,,to-read,2025/01/02,"","",0,"",,,,,,,,,"",,2024-bookshelf,No
Waking Up: A Guide to Spirituality Without Religion,Sam Harris,"",9781451636017,hardcover,read,2014/12/03,2015/03/27,2015/03/27,1,"",,,,,,,4.0,,"",,"books-to-buy-hardcopy, 2024-bookshelf",No
The Litigators,John Grisham,"",9781444729702,hardcover,read,2013/12/29,2013/12/29,2013/12/29,1,"",,,,,,,3.0,,"",,"",No
The Practicing Stoic: A Philosophical User's Manual,Ward Farnsworth,"",9781567926118,hardcover,read,2020/12/29,2021/01/17,2021/01/17,1,"",,,,,,,,,"",,books-to-buy-hardcopy,No
"The Revolutionary Temper: Paris, 1748-1789",Robert Darnton,"",9781324035589,hardcover,to-read,2024/08/01,"","",0,"",,,,,,,,,"",,"",No
Lucky Jim,Kingsley Amis,David Lodge,9780140186307,paperback,to-read,2025/06/14,"","",0,"",,,,,,,,,"",,"",No
Boyd: The Fighter Pilot Who Changed the Art of War,Robert Coram,"",9780316796880,paperback,read,2014/07/05,"","",1,"",,,,,,,4.0,,"",,"kindle, favorites, books-to-buy-hardcopy",No
"The Wide Wide Sea: Imperial Ambition, First Contact and the Fateful Final Voyage of Captain James Cook",Hampton Sides,"",9780385544764,hardcover,to-read,2024/06/30,"","",0,"",,,,,,,,,"",,"",No
Summer for the Gods: The Scopes Trial and America's Continuing Debate Over Science and Religion,Edward J. Larson,Brian Troxell,9780674854291,paperback,read,2014/03/16,2022/06/17,2022/06/17,1,"",,,,,,,,,"",,"",No
"Offense, Defense, and War","","",9780262523165,paperback,to-read,2025/01/02,"","",0,"",,,,,,,,,"",,2024-bookshelf,No
"A Devil Went Down to Georgia: Race, Power, Privilege, and the Murder of Lita McClinton",Deb Miller Landau,"",9781639366835,hardcover,read,2025/01/26,2025/01/29,2025/01/26-2025/01/29,1,"",,,,,,,,,"",,"",No
The Dutch House,Ann Patchett,"",9780062963673,hardcover,read,2025/12/18,2025/12/23,2025/12/18-2025/12/23,1,"",,"","","","","",4.25,"<div>Wonderful characters. Wonderful narrative. Engaging, endearing, engrossing.&nbsp;</div>","","","",No
Genome: The Autobiography of a Species in 23 Chapters,Matt Ridley,"",9780060894085,paperback,to-read,2019/01/30,"","",0,"",,,,,,,,,"",,"",No
Mindhunter: Inside the FBI's Elite Serial Crime Unit,John E. Douglas,Mark Olshaker,9780671528904,paperback,to-read,2022/04/10,"","",0,"",,,,,,,,,"",,"",No
Seveneves,Neal Stephenson,"",9780062334510,paperback,to-read,2025/03/11,"","",0,"",,,,,,,,,"",,"",No
All the Shah's Men: An American Coup and the Roots of Middle East Terror,Stephen Kinzer,"",9780471678786,paperback,read,2014/02/21,"","",1,"",,,,,,,4.0,,"",,"",No
Funny Girl,Nick Hornby,"",9781594205415,hardcover,to-read,2015/02/06,"","",0,"",,,,,,,,,"",,"",No
A Spy For All Seasons: My Life in the CIA,Duane R. Clarridge,"",9780743245364,paperback,to-read,2014/07/05,"","",0,"",,,,,,,,,"",,2024-bookshelf,No
Chip War: The Fight for the World's Most Critical Technology,Chris Miller,"",9781982172008,hardcover,to-read,2023/01/02,"","",0,"",,,,,,,,,"",,"",No
"Tomorrow, and Tomorrow, and Tomorrow",Gabrielle Zevin,"",9781529916577,hardcover,read,2022/11/16,2022/11/24,2022/11/24,1,"",,,,,,,4.0,,"",,"",No
Traitor,Ralph Peters,"",9780811731072,paperback,to-read,2014/01/15,"","",0,"",,,,,,,,,"",,"",No
Lyrical and Critical Essays,Albert Camus,Ellen Conroy Kennedy (Translator),9780394708522,paperback,to-read,2022/08/18,"","",0,"",,,,,,,,,"",,"",No
The Fire Next Time,James Baldwin,"",9780679744726,paperback,read,2015/12/09,2022/05/04,2022/05/04,1,"",,,,,,,,,"",,kindle,No
Telephone,Percival Everett,"",9781644450222,paperback,read,2025/02/02,2025/02/10,2025/02/02-2025/02/10,1,"",,,,,,,,,"",,"",No
When God Talks Back: Understanding the American Evangelical Relationship with God,T. M. Luhrmann,"",9780307264794,hardcover,to-read,2015/05/03,"","",0,"",,,,,,,,,"",,"",No
Hit Makers: The Science of Popularity in an Age of Distraction,Derek Thompson,"",9781101980323,hardcover,to-read,2017/11/14,"","",0,"",,,,,,,,,"",,"",No
"Dopesick: Dealers, Doctors, and the Drug Company That Addicted America",Beth Macy,"",9780316523172,hardcover,read,2023/04/15,2023/04/23,2023/04/23,1,"",,,,,,,4.0,,"",,"",No
The Hitch Hiker's Guide to the Galaxy: A Trilogy in Five Parts,Douglas Adams,"",9780434003488,hardcover,to-read,2025/01/02,"","",0,"",,,,,,,,,"",,2024-bookshelf,No
The Art of Racing in the Rain,Garth Stein,"",9781554681723,hardcover,to-read,2015/05/14,"","",0,"",,,,,,,,,"",,"",No
The New Jim Crow: Mass Incarceration in the Age of Colorblindness,Michelle Alexander,"",9781620971932,paperback,to-read,2015/03/27,"","",0,"",,,,,,,,,"",,"",No
We Seven: By the Astronauts Themselves,"Scott M. Carpenter, John H. Glenn, Gordon L. Cooper","",9781439181034,paperback,to-read,2022/08/24,"","",0,"",,,,,,,,,"",,"",No
Meditations,Marcus Aurelius,Gregory Hays (Translator),9780812968255,paperback,read,2021/01/27,2025/12/31,2025/11/17-2025/12/31,1,"",,,,,,,,,"",,"",Yes
Mothers of Massive Resistance: White Women and the Politics of White Supremacy,Elizabeth Gillespie McRae,"",9780190271718,hardcover,to-read,2020/08/22,"","",0,"",,,,,,,,,"",,"",No
"Lone Star Rising: Vol. 1: Lyndon Johnson and His Times, 1908-1960",Robert Dallek,"",9780195054354,hardcover,to-read,2013/10/04,"","",0,"",,,,,,,,,"",,"",No
The Body: A Guide for Occupants,Bill Bryson,"",9780385539302,hardcover,read,2019/05/30,2019/12/30,2019/12/30,1,"",,,,,,,4.0,,"",,"",No
The Moviegoer,Walker Percy,"",9780375701962,paperback,read,2014/03/16,"","",1,"",,,,,,,4.0,,"",,2024-bookshelf,No
Emotional: How Feelings Shape Our Thinking,Leonard Mlodinow,"",9781524747596,hardcover,to-read,2022/07/24,"","",0,"",,,,,,,,,"",,"",No
The 2-Hour Job Search,Steve Dalton,"",9781984857293,,read,2025/01/02,"","",1,"",,,,,,,,,"",,2024-bookshelf,No
The Structure of Scientific Revolutions,Thomas S. Kuhn,"",9780226458083,paperback,to-read,2025/01/02,"","",0,"",,,,,,,,,"",,2024-bookshelf,No
Wellness,Nathan Hill,"",9780593536117,hardcover,read,2023/10/19,2024/04/15,2024/04/15,1,"",,,,,,,,,"",,"eclipse-drive-2024, 2024-bookshelf",No
"East West Street: On the Origins of ""Genocide"" and ""Crimes Against Humanity""",Philippe Sands,"","",digital,read,2022/07/22,2022/09/12,2022/09/12,1,"",,,,,,,,,"",,"",No
Three Women,Lisa Taddeo,"",9781451642292,hardcover,read,2021/09/14,2021/09/23,2021/09/23,1,"",,,,,,,,,"",,"",No
Life Sentence: The Brief and Tragic Career of Baltimore's Deadliest Gang Leader,Mark Bowden,"",9781804710395,digital,to-read,2023/11/06,"","",0,"",,,,,,,,,"",,"",No
The Ocean at the End of the Lane,Neil Gaiman,"",9780062255655,hardcover,read,2020/03/26,2020/04/21,2020/04/21,1,"",,,,,,,3.0,,"",,"",No
"The Conscious Parent's Guide to Childhood Anxiety: A Mindful Approach for Helping Your Child Become Calm, Resilient, and Secure",Sherianna Boyle,"",9781440594144,paperback,to-read,2025/01/02,"","",0,"",,,,,,,,,"",,2024-bookshelf,No
Bloodlands: Europe Between Hitler and Stalin,Timothy Snyder,"",9780465002399,hardcover,to-read,2022/02/21,"","",0,"",,,,,,,,,"",,"",No
The Happiness Hypothesis: Finding Modern Truth in Ancient Wisdom,Jonathan Haidt,"",9780465028023,paperback,read,2019/01/22,2019/11/10,2019/11/10,1,"",,,,,,,4.0,,"",,books-to-buy-hardcopy,No
South: The Story of Shackleton's Last Expedition 1914-1917,Ernest Shackleton,"Frank Hurley, Peter King",9780712664127,paperback,to-read,2022/09/05,"","",0,"",,,,,,,,,"",,"",No
Being a Human: Adventures in Forty Thousand Years of Consciousness,"Charles Foster, Charles Foster","",9781250783714,hardcover,to-read,2021/12/23,"","",0,"",,,,,,,,,"",,"",No
"The War Within: A Secret White House History, 2006-08",Bob Woodward,"",9781416558972,hardcover,to-read,2013/10/04,"","",0,"",,,,,,,,,"",,2024-bookshelf,No
The Barn: The Secret History of a Murder in Mississippi,Wright Thompson,"",9780593299821,hardcover,read,2025/03/23,2025/04/09,2025/03/23-2025/04/09,1,"",,,,,,,,,"",,"",No
"A Troublesome Inheritance: Genes, Race and Human History",Nicholas Wade,"",9781594204463,hardcover,to-read,2016/11/27,"","",0,"",,,,,,,,,"",,"",No
Obama's Wars,Bob Woodward,"",9781439172513,digital,read,2013/10/04,"","",1,"",,,,,,,,,"",,"",No
The Shipping News,Annie Proulx,"",9780743225427,paperback,to-read,2025/06/14,"","",0,"",,,,,,,,,"",,"",No
Mortality,Christopher Hitchens,"",9781455502752,hardcover,to-read,2013/10/04,"","",0,"",,,,,,,,,"",,"",No
Queen Esther,John Irving,"",9781501189449,hardcover,to-read,2025/12/01,"","",0,"",,,,,,,,,"",,"",No
The Elephant in the Brain: Hidden Motives in Everyday Life,"Kevin Simler, Robin Hanson","",9780190496012,digital,read,2018/03/14,2019/09/29,2019/09/29,1,"",,,,,,,3.0,,"",,"",No
The Power and the Glory,Graham Greene,John Updike (Contributor),9780140184990,paperback,to-read,2025/01/02,"","",0,"",,,,,,,,,"",,2024-bookshelf,No
The Sword and the Shield: The Mitrokhin Archive and the Secret History of the KGB,Christopher Andrew,"",9780465003129,paperback,to-read,2022/03/13,"","",0,"",,,,,,,,,"",,"",No
The Storied Life of A.J. Fikry,Gabrielle Zevin,"",9781616203214,hardcover,read,2025/07/08,2025/07/14,2025/07/09-2025/07/14,1,"",,,,,,,,,"",,"",No
Angela's Ashes,Frank McCourt,"",9780007205233,paperback,to-read,2023/02/28,"","",0,"",,,,,,,,,"",,"",No
Just Babies: The Origins of Good and Evil,Paul Bloom,"",9780307886842,hardcover,read,2014/03/09,2014/06/14,2014/06/14,1,"",,,,,,,4.0,,"",,"",No
Astonishing Hypothesis: The Scientific Search for the Soul,Francis Crick,"",9780684801582,paperback,to-read,2021/01/30,"","",0,"",,,,,,,,,"",,"",No
"Moral Tribes: Emotion, Reason, and the Gap Between Us and Them",Joshua D. Greene,"",B00C5R7GRQ,digital,read,2016/12/07,2019/09/02,2019/09/02,1,"",,,,,,,4.0,,"",,"",No
The True True Story of Raja the Gullible (and His Mother),Rabih Alameddine,"",9780802166470,hardcover,to-read,2025/09/29,"","",0,"",,,,,,,,,"",,"",No
"The Arc of a Covenant: The United States, Israel, and the Fate of the Jewish People",Walter Russell Mead,"",9780375414046,hardcover,read,2022/07/18,2024/06/12,2024/06/12,1,"",,,,,,,,,"",,"",No
In Search of Schrodinger's Cat: Quantum Physics and Reality,John Gribbin,"",9780553342536,paperback,to-read,2017/12/08,"","",0,"",,,,,,,,,"",,"",No
"Level Zero Heroes: The Story of U.S. Marine Special Operations in Bala Murghab, Afghanistan","Michael Golembesky, John R. Bruning","",9781250030405,hardcover,to-read,2016/08/18,"","",0,"",,,,,,,,,"",,"",No
The Ancestor's Tale: A Pilgrimage to the Dawn of Evolution,Richard Dawkins,"",9780618619160,paperback,to-read,2023/04/12,"","",0,"",,,,,,,,,"",,"",No
Crossroads,Jonathan Franzen,"",9780374719791,digital,read,2021/10/06,2021/10/23,2021/10/23,1,"",,,,,,,5.0,,"",,2024-bookshelf,No
The Man in the High Castle,Philip K. Dick,"",9780679740674,paperback,to-read,2016/08/18,"","",0,"",,,,,,,,,"",,"",No
Morality in Practice,"Peter Bornschein, James P. Sterba","",9781133049968,paperback,to-read,2025/01/02,"","",0,"",,,,,,,,,"",,2024-bookshelf,No
The Ethics of Ambiguity,Simone de Beauvoir,Bernard Frechtman (Translator),9780806501604,paperback,to-read,2022/09/20,"","",0,"",,,,,,,,,"",,"",No
Geek Love,Katherine Dunn,"",9780375713347,paperback,to-read,2022/12/01,"","",0,"",,,,,,,,,"",,"",No
"In the Plex: How Google Thinks, Works, and Shapes Our Lives",Steven Levy,"",9781416596585,hardcover,to-read,2016/08/18,"","",0,"",,,,,,,,,"",,"",No
Caste: The Origins of Our Discontents,Isabel Wilkerson,"",9780593230251,hardcover,read,2021/08/04,2021/08/21,2021/08/21,1,"",,,,,,,,,"",,"2021, 2024-bookshelf",No
Darkness at Noon,Arthur Koestler,"",9781982135225,digital,read,2024/03/09,2024/04/10,2024/04/10,1,"",,,,,,,4.0,,"",,"",No
Red Sparrow,Jason Matthews,"",9781471112607,paperback,read,2018/04/20,2018/07/01,2018/07/01,1,"",,,,,,,4.0,,"",,"",No
The Coddling of the American Mind: How Good Intentions and Bad Ideas Are Setting up a Generation for Failure,"Greg Lukianoff, Jonathan Haidt","",9780735224902,digital,read,2018/09/05,2018/11/11,2018/11/11,1,"",,,,,,,4.0,,"",,"",No
The Way of the Strangers,Graeme Wood,"",9780812988765,digital,to-read,2017/06/15,"","",0,"",,,,,,,,,"",,"",No
Fear: Trump in the White House,Bob Woodward,"",9781501175534,digital,read,2018/09/11,2018/09/16,2018/09/16,1,"",,,,,,,3.0,,"",,"",No
Hyperbole and a Half,Allie Brosh,"",9781451666175,paperback,to-read,2016/05/22,"","",0,"",,,,,,,,,"",,"",No
Free Will,Sam Harris,"",9781451683400,paperback,read,2014/03/09,2017/09/05,2017/09/05,1,"",,,,,,,4.0,,"",,"",No
The Black Dahlia,James Ellroy,"",9780446698870,paperback,to-read,2022/11/09,"","",0,"",,,,,,,,,"",,"",No
Project Hail Mary,Andy Weir,"",9780593135204,hardcover,read,2021/04/29,2022/02/21,2022/02/21,1,"",,,,,,,4.0,,"",,"",No
Narrative of the Life of Frederick Douglass,Frederick Douglass,"",9780486284996,paperback,to-read,2022/02/21,"","",0,"",,,,,,,,,"",,2024-bookshelf,No
The Empusium,Olga Tokarczuk,Antonia Lloyd-Jones (Translator),9780593712948,hardcover,to-read,2024/10/15,"","",0,"",,,,,,,,,"",,"",No
"In the Garden of Beasts: Love, Terror, and an American Family in Hitler's Berlin",Erik Larson,"",9780307408846,hardcover,read,2016/01/05,2016/01/21,2016/01/21,1,"",,,,,,,4.0,,"",,"favorites, books-to-buy-hardcopy",No
The Road,Cormac McCarthy,"",9780307265432,hardcover,read,2014/07/05,2024/09/25,2024/09/25,1,"",,,,,,,5.0,,"",,"",No
The Professor's House,Willa Cather,A.S. Byatt (Contributor),9781844083763,paperback,to-read,2025/06/14,"","",0,"",,,,,,,,,"",,"",No
"Entrepreneurial Finance: Strategy, Valuation, and Deal Structure","Richard L. Smith, Janet Kiholm Smith, Richard T. Bliss","",9780804770910,hardcover,to-read,2025/01/02,"","",0,"",,,,,,,,,"",,2024-bookshelf,No
 Algospeak: How Social Media Is Transforming the Future of Language,Adam Aleksic,"",9780593804070,hardcover,read,2025/08/21,2025/08/31,2025/08/20-2025/08/31,1,"funny, informative, lighthearted",medium,,,,,,4.0,"","","","",Yes
The Last Chairlift,John Irving,"",9781501189272,hardcover,read,2022/10/18,"","",2,"",,,,,,,4.0,,"",,"",No
Hidden Valley Road: Inside the Mind of an American Family,Robert Kolker,"",9780385543767,hardcover,read,2021/10/03,2021/11/09,2021/11/09,1,"",,,,,,,,,"",,"",No
Darwin,"James Moore, Adrian Desmond","",9780393311501,paperback,to-read,2014/02/25,"","",0,"",,,,,,,,,"",,"",No
Speedboat,Renata Adler,"",9780060971434,paperback,to-read,2014/12/08,"","",0,"",,,,,,,,,"",,"",No
The Bell Jar,Sylvia Plath,"",9780062444479,digital,read,2020/03/26,2022/12/18,2022/12/18,1,"",,,,,,,4.0,,"",,"",No
The Whites,Harry Brandt,Richard Price,9780805093995,hardcover,to-read,2015/12/10,"","",0,"",,,,,,,,,"",,"",No
Don't Blink,James Patterson,Howard Roughan,9781846054723,hardcover,read,2014/02/08,2014/02/07,2014/02/07,1,"",,,,,,,3.0,,"",,"",No
The Hole We're In,Gabrielle Zevin,"",9780802161307,paperback,read,2025/10/24,2025/10/23,2025/10/03-2025/10/23,1,"emotional, funny, reflective",medium,Character,Yes,It's complicated,No,Yes,3.25,"","","","",No
North Woods,Daniel Mason,"",9780593597033,hardcover,to-read,2023/12/28,"","",0,"",,,,,,,,,"",,"",No
Hallucinations,Oliver Sacks,"",9780307957245,hardcover,to-read,2014/07/05,"","",0,"",,,,,,,,,"",,"",No
Letters from the Earth: Uncensored Writings,Mark Twain,"",9780060518653,paperback,to-read,2014/06/29,"","",0,"",,,,,,,,,"",,"",No
Into the Wild,Jon Krakauer,"","",paperback,read,2014/02/21,2015/09/25,2015/09/25,1,"",,,,,,,4.0,,"",,favorites,No
Thesaurus of English Words and Phrases,Peter Mark Roget,D.C. Browning,9781851520275,hardcover,to-read,2025/01/02,"","",0,"",,,,,,,,,"",,2024-bookshelf,No
My Friends,Hisham Matar,"",9780812994858,digital,to-read,2024/12/12,"","",0,"",,,,,,,,,"",,"",No
So Far Gone,Jess Walter,"",9780062868145,hardcover,read,2025/06/20,2025/06/26,2025/06/20-2025/06/26,1,"",,,,,,,,,"",,"",No
Machine That Changed the World: The Story of Lean Production,James P. Womack,"Daniel T. Jones, Daniel Roos",9780060974176,paperback,to-read,2016/10/16,"","",0,"",,,,,,,,,"",,"",No
Jerry Lee Lewis: His Own Story,Rick Bragg,"",9780062078223,hardcover,to-read,2025/01/02,"","",0,"",,,,,,,,,"",,2024-bookshelf,No
"A Fever in the Heartland: The Ku Klux Klan's Plot to Take Over America, and the Woman Who Stopped Them",Timothy Egan,"",9780735225268,hardcover,to-read,2024/06/30,"","",0,"",,,,,,,,,"",,"",No
Term Sheets & Valuations: An Inside Look at the Intricacies of Term Sheets & Valuations,Alex Wilmerding,"",9781587620683,paperback,to-read,2013/10/04,"","",0,"",,,,,,,,,"",,"",No
Naked Statistics: Stripping the Dread from the Data,Charles Wheelan,"",9780393347777,paperback,read,2017/01/27,2017/05/28,2017/05/28,1,"",,,,,,,4.0,,"",,"",No
The People in the Trees,Hanya Yanagihara,"",9780345803313,paperback,read,2023/03/03,2023/03/07,2023/03/07,1,"",,,,,,,4.0,,"",,"",No
Being Wrong: Adventures in the Margin of Error,Kathryn Schulz,"",9780061176043,hardcover,to-read,2014/07/05,"","",0,"",,,,,,,,,"",,kindle,No
The Cartel,Don Winslow,"",9781101874998,hardcover,read,2017/12/28,2018/01/10,2018/01/10,1,"",,,,,,,4.0,,"",,"",No
Common Sense,Thomas Paine,"",9780143036258,paperback,to-read,2016/12/17,"","",0,"",,,,,,,,,"",,kindle,No
Sabbath's Theater,Philip Roth,"",9780679772590,paperback,to-read,2014/07/05,"","",0,"",,,,,,,,,"",,"",No
Mrs. Fletcher,Tom Perrotta,"",9781501144028,hardcover,read,2017/08/01,2019/02/24,2019/02/24,1,"",,,,,,,4.0,,"",,"",No
Revolution for Dummies: Laughing through the Arab Spring,Bassem Youssef,"",9780062446916,digital,to-read,2017/04/08,"","",0,"",,,,,,,,,"",,"",No
Creation Lake,Rachel Kushner,"",9781982116521,hardcover,read,2024/09/17,2025/02/09,2025/01/30-2025/02/09,1,"",,,,,,,,,"",,"",No
A Beautiful Mind,Sylvia Nasar,"",9780571212927,paperback,read,2023/07/24,2023/08/26,2023/08/26,1,"",,,,,,,3.0,,"",,"",No
Honorable Men: My Life In The CIA,William E. Colby,Peter Forbath,9780671228750,hardcover,read,2014/07/05,"","",1,"",,,,,,,4.0,,"",,"",No
The Manchurian Candidate,Richard Condon,"",9780795335075,digital,to-read,2014/11/12,"","",0,"",,,,,,,,,"",,kindle,No
The Executioner's Song,Norman Mailer,"",9780375700811,paperback,to-read,2023/03/04,"","",0,"",,,,,,,,,"",,"",No
The Magic of Reality: How We Know What's Really True,Richard Dawkins,Dave McKean (Illustrator),9781439192818,hardcover,to-read,2015/05/31,"","",0,"",,,,,,,,,"",,"",No
The Path to Power: The Years of Lyndon Johnson I,Robert A. Caro,"",9780679729457,paperback,to-read,2013/10/04,"","",0,"",,,,,,,,,"",,"",No
11/22/63,Stephen King,"",9781451627282,hardcover,to-read,2013/10/04,"","",0,"",,,,,,,,,"",,"",No
Breath: The New Science of a Lost Art,James Nestor,"",9780735213616,hardcover,to-read,2024/02/10,"","",0,"",,,,,,,,,"",,"",No
Sky of Stone,Homer Hickam,"",9780385335225,hardcover,to-read,2025/01/02,"","",0,"",,,,,,,,,"",,2024-bookshelf,No
Wild Bill Donovan: The Spymaster Who Created the OSS and Modern American Espionage,Douglas C. Waller,"",9781416567448,digital,to-read,2016/12/17,"","",0,"",,,,,,,,,"",,kindle,No
The Water-Method Man,John Irving,"",9780345418005,paperback,read,2018/08/28,"","",1,"",,,,,,,,,"",,2024-bookshelf,No
Just and Unjust Wars: A Moral Argument With Historical Illustrations,Michael Walzer,"",9780465037056,paperback,to-read,2025/01/02,"","",0,"",,,,,,,,,"",,2024-bookshelf,No
Jitterbug Perfume,Tom Robbins,"",9781842430354,paperback,to-read,2014/07/31,"","",0,"",,,,,,,,,"",,"",No
Extraordinary Popular Delusions & the Madness of Crowds,Charles Mackay,Andrew Tobias,9780517884331,paperback,to-read,2023/07/21,"","",0,"",,,,,,,,,"",,"",No
"War Without End: Israelis, Palestinians, and the Struggle for a Promised Land",Anton La Guardia,"",9780312316334,paperback,to-read,2025/01/02,"","",0,"",,,,,,,,,"",,2024-bookshelf,No
The Right Stuff,Tom Wolfe,"",9780553240634,paperback,read,2018/02/13,2020/08/01,2020/08/01,1,"",,,,,,,,,"",,"",No
The Gift of Fear: And Other Survival Signals That Protect Us from Violence,Gavin de Becker,"",9780440226192,paperback,to-read,2025/01/02,"","",0,"",,,,,,,,,"",,2024-bookshelf,No
Lonesome Dove,Larry McMurtry,"",9780671683900,paperback,to-read,2014/07/05,"","",0,"",,,,,,,,,"",,"",No
The Skeptics' Guide to the Universe: How to Know What's Really Real in a World Increasingly Full of Fake,Steven Novella,"",9781538760512,digital,to-read,2021/12/23,"","",0,"",,,,,,,,,"",,"",No
So You've Been Publicly Shamed,Jon Ronson,"",9780698172524,digital,read,2020/04/30,2020/05/08,2020/05/08,1,"",,,,,,,4.0,,"",,"",No
I Have Some Questions for You,Rebecca Makkai,"",9780593490143,hardcover,to-read,2025/11/26,"","",0,"",,,,,,,,,"",,"",No
The Signal and the Noise: Why So Many Predictions Fail-But Some Don't,Nate Silver,"",9781594204111,hardcover,read,2013/10/04,2014/05/31,2014/05/31,1,"",,,,,,,4.0,,"",,"favorites, books-to-buy-hardcopy",No
We Were Soldiers Once...and Young: Ia Drang - The Battle That Changed the War in Vietnam,"Harold G. Moore, Joseph Galloway","",9780345475817,paperback,to-read,2014/11/28,"","",0,"",,,,,,,,,"",,kindle,No
2666,Roberto Bolaño,Natasha Wimmer (Translator),9780312429218,paperback,to-read,2020/03/26,"","",0,"",,,,,,,,,"",,"",No
The Brief Wondrous Life of Oscar Wao,Junot Díaz,"",9781594489587,hardcover,to-read,2014/11/25,"","",0,"",,,,,,,,,"",,2024-bookshelf,No
The Undertow: Scenes from a Slow Civil War,Jeff Sharlet,"",9781324006503,digital,to-read,2023/03/12,"","",0,"",,,,,,,,,"",,"",No
The Candy House,Jennifer Egan,"",9781476716763,hardcover,read,2025/11/26,2025/12/13,2025/11/26-2025/12/13,1,"",,,,,,,,,"",,"",No
The Rosie Effect,Graeme Simsion,Maciej Potulny,9781922182104,paperback,to-read,2014/12/08,"","",0,"",,,,,,,,,"",,"",No
The White Darkness,David Grann,"",9780385544573,hardcover,read,2024/07/03,2024/07/04,2024/07/04,1,"",,,,,,,,,"",,"",No
The Human Predicament: A Candid Guide to Life's Biggest Questions,David Benatar,"",9780190633813,hardcover,to-read,2018/02/19,"","",0,"",,,,,,,,,"",,"",No
My Remarkable Journey,Katherine G. Johnson,"Joylette Hylick, Katherine Moore",9780063090675,paperback,read,2025/01/02,"","",1,"",,,,,,,,,"",,2024-bookshelf,No
Humboldt's Gift,Saul Bellow,"",9780140189445,paperback,read,2014/07/05,2023/12/17,2023/12/17,1,"",,,,,,,4.0,,"",,"",No
Honourable Men: My Life In The CIA,William E. Colby,Peter Forbath,9780091348205,hardcover,to-read,2025/01/02,"","",0,"",,,,,,,,,"",,2024-bookshelf,No
There There,Tommy Orange,"",9781787300361,paperback,to-read,2024/11/30,"","",0,"",,,,,,,,,"",,"",No
Carrying the Fire: An Astronaut's Journey,Michael Collins,"",9780815410287,paperback,to-read,2022/08/24,"","",0,"",,,,,,,,,"",,"",No
The Amazing Adventures of Kavalier & Clay,Michael Chabon,"",9780812983586,paperback,read,2014/11/25,2021/07/09,2021/07/09,1,"",,,,,,,,,"",,"",No
Hello Beautiful,Ann Napolitano,"",9780241998496,paperback,to-read,2023/04/17,"","",0,"",,,,,,,,,"",,"",No
"Pappyland: A Story of Family, Fine Bourbon, and the Things That Last",Wright Thompson,"",9780735221253,hardcover,to-read,2025/04/09,"","",0,"",,,,,,,,,"",,"",No
The Crisis of Zionism,Peter Beinart,Lloyd James (Narrator),B007PTZWNO,audio,to-read,2013/10/04,"","",0,"",,,,,,,,,"",,"",No
"A Series of Fortunate Events: Chance and the Making of the Planet, Life, and You",Sean B. Carroll,"",9780691201757,hardcover,read,2020/10/06,2020/12/23,2020/12/23,1,"",,,,,,,4.0,,"",,"",No
State of Denial,Bob Woodward,"",9780743272230,hardcover,to-read,2013/10/04,"","",0,"",,,,,,,,,"",,2024-bookshelf,No
"The People, No: A Brief History of Anti-Populism",Thomas Frank,"",9781250220110,hardcover,to-read,2025/01/02,"","",0,"",,,,,,,,,"",,2024-bookshelf,No
Isaac Newton,James Gleick,"",9781400032952,paperback,to-read,2014/02/21,"","",0,"",,,,,,,,,"",,"",No
Day,Elie Wiesel,Anne Borchardt (Translator),9780809023097,paperback,to-read,2025/01/03,"","",0,"",,,,,,,,,"",,"",No
Winter Is Coming: Why Vladimir Putin and the Enemies of the Free World Must Be Stopped,Garry Kasparov,"",9781782397878,paperback,to-read,2023/01/16,"","",0,"",,,,,,,,,"",,"",No
A History of the Jews,Paul Johnson,"",9780060915339,paperback,to-read,2016/12/17,"","",0,"",,,,,,,,,"",,kindle,No
A Man in Full: A Novel,Tom Wolfe,"",9780224030366,paperback,to-read,2025/01/02,"","",0,"",,,,,,,,,"",,2024-bookshelf,No
Prince Caspian,C.S. Lewis,Pauline Baynes (Illustrator),9780064405003,paperback,to-read,2025/01/02,"","",0,"",,,,,,,,,"",,2024-bookshelf,No
Something Deeply Hidden: Quantum Worlds and the Emergence of Spacetime,Sean Carroll,"",9781524743017,hardcover,to-read,2022/09/20,"","",0,"",,,,,,,,,"",,"",No
Little Children,Tom Perrotta,"",9780312315733,paperback,to-read,2017/08/01,"","",0,"",,,,,,,,,"",,"",No
Beautiful Ruins,Jess Walter,"",9780061928123,hardcover,to-read,2022/07/11,"","",0,"",,,,,,,,,"",,"",No
"Devil in the Grove: Thurgood Marshall, the Groveland Boys, and the Dawn of a New America",Gilbert King,"",9780062097712,digital,read,2014/03/16,2014/04/27,2014/04/27,1,"",,,,,,,4.0,This is a very good book and highly recommended.  It is a well told story and a story that needs to be told.,"",,"favorites, books-to-buy-hardcopy",No
Being Mortal,Atul Gawande,"",9780805095159,paperback,read,2016/08/19,2017/06/01,2017/06/01,1,"",,,,,,,4.0,,"",,"",No
Black Hawk Down: A Story of Modern War,Mark Bowden,"",9780871137388,hardcover,to-read,2016/12/17,"","",0,"",,,,,,,,,"",,kindle,No
Start with Why: How Great Leaders Inspire Everyone to Take Action,Simon Sinek,"",9781591842804,hardcover,to-read,2016/08/18,"","",0,"",,,,,,,,,"",,"",No
Rubicon: The Last Years of the Roman Republic,Tom Holland,"",9781400078974,paperback,to-read,2017/02/24,"","",0,"",,,,,,,,,"",,"",No
Mortals,Norman Rush,"",9780679737117,paperback,to-read,2015/10/23,"","",0,"",,,,,,,,,"",,"",No
The Big Sort: Why the Clustering of Like-Minded America is Tearing Us Apart,Bill Bishop,"",9780618689354,hardcover,to-read,2013/11/09,"","",0,"",,,,,,,,,"",,"",No
Determined: A Science of Life Without Free Will,Robert M. Sapolsky,"",9780525560975,hardcover,read,2023/10/19,2023/11/25,2023/11/25,1,"",,,,,,,5.0,,"",,"",No
The Hard Sell: Crime and Punishment at an Opioid Startup,Evan Hughes,"",9780385544900,hardcover,read,2022/06/25,2022/07/25,2022/07/25,1,"",,,,,,,4.0,,"",,drive-to-ms,No
The Beautiful Struggle,Ta-Nehisi Coates,"",9781784785345,paperback,to-read,2025/01/02,"","",0,"",,,,,,,,,"",,2024-bookshelf,No
Twelve Years a Slave,Solomon Northup,"",9780989794800,digital,to-read,2014/03/14,"","",0,"",,,,,,,,,"",,"",No
The Shame of the Nation: The Restoration of Apartheid Schooling in America,Jonathan Kozol,"",9781400052455,paperback,to-read,2015/03/27,"","",0,"",,,,,,,,,"",,"",No
The Bang Bang Club,Greg Marinovich,João Silva,9780465044139,paperback,to-read,2019/04/26,"","",0,"",,,,,,,,,"",,"",No
Nixonland: The Rise of a President and the Fracturing of America,Rick Perlstein,"",9780743243025,hardcover,to-read,2013/10/04,"","",0,"",,,,,,,,,"",,"",No
Slaughterhouse-Five,Kurt Vonnegut,"","",paperback,read,2025/01/04,"","",1,"",,,,,,,,,"",,2024-bookshelf,No
Gone Girl,Gillian Flynn,"","",digital,read,2013/11/05,2013/11/15,2013/11/15,1,"",,,,,,,,,"",,"",No
"Speak, Memory",Vladimir Nabokov,"","",hardcover,to-read,2022/04/29,"","",0,"",,,,,,,,,"",,"",No
The Rise of Superman: Decoding the Science of Ultimate Human Performance,Steven Kotler,"",9781477800836,hardcover,to-read,2014/11/28,"","",0,"",,,,,,,,,"",,"",No
"The Second Machine Age: Work, Progress, and Prosperity in a Time of Brilliant Technologies","Erik Brynjolfsson, Andrew McAfee","",9780393350647,paperback,to-read,2016/08/18,"","",0,"",,,,,,,,,"",,2024-bookshelf,No
Reconstruction: America's Unfinished Revolution 1863-1877,Eric Foner,"Richard B. Morris, Henry Steele Commager",9780060937164,paperback,read,2022/04/11,2022/12/21,2022/12/21,1,"",,,,,,,,,"",,"",No
The Mindfulness Solution: Everyday Practices for Everyday Problems,Ronald D. Siegel,"",9781606232941,paperback,to-read,2015/11/01,"","",0,"",,,,,,,,,"",,"",No
Heart of Darkness,Joseph Conrad,Aníbal Fernandes (Translator),9781892295491,paperback,to-read,2025/02/15,"","",0,"",,,,,,,,,"",,"",No
Astrophysics for People in a Hurry,Neil deGrasse Tyson,"",9780393609394,hardcover,read,2018/01/28,2018/02/06,2018/02/06,1,"",,,,,,,3.0,,"",,"",No
The Fifth Witness,Michael Connelly,"",9780316069359,hardcover,read,2016/05/16,2016/05/25,2016/05/25,1,"",,,,,,,3.0,,"",,"",No
Harlem Shuffle,Colson Whitehead,"",9780385545136,hardcover,read,2021/09/23,2022/06/05,2022/06/05,1,"",,,,,,,4.0,,"",,favorites,No
Hue 1968: A Turning Point of the American War in Vietnam,Mark Bowden,"",9780802127006,hardcover,to-read,2017/06/14,"","",0,"",,,,,,,,,"",,"",No
Their Eyes Were Watching God,Zora Neale Hurston,"",9780061120060,paperback,to-read,2025/06/14,"","",0,"",,,,,,,,,"",,"",No
Where Men Win Glory: The Odyssey of Pat Tillman,Jon Krakauer,"",9780385522267,hardcover,read,2014/02/21,"","",1,"",,,,,,,4.0,,"",,kindle,No
Shrapnel in the Heart: Letters and Remembrances from the Vietnam Veterans Memori,Laura Palmer,"","",,to-read,2025/01/02,"","",0,"",,,,,,,,,"",,2024-bookshelf,No
The Reckoning,David Halberstam,"",9780380721474,paperback,to-read,2017/05/04,"","",0,"",,,,,,,,,"",,"",No
The Water Dancer,Ta-Nehisi Coates,"",9780241989234,digital,to-read,2025/01/02,"","",0,"",,,,,,,,,"",,2024-bookshelf,No
"International Law: Norms, Actors, Process. A Problem-Oriented Approach","Steven R. Ratner, David Wippman, Jeffrey L. Dunoff","",9780735557345,hardcover,to-read,2025/01/02,"","",0,"",,,,,,,,,"",,2024-bookshelf,No
Where Peachtree Meets Sweet Auburn: A Saga of Race and Family,Gary M. Pomerantz,"",9780140265095,paperback,to-read,2020/09/09,"","",0,"",,,,,,,,,"",,"",No
Portnoy's Complaint,Philip Roth,Ron Silver (Narrator),"",audio,to-read,2025/01/02,"","",0,"",,,,,,,,,"",,2024-bookshelf,No
The Pentagon's Brain,Annie Jacobsen,"",9780316371766,hardcover,to-read,2015/08/29,"","",0,"",,,,,,,,,"",,"",No
Mountains Beyond Mountains,Tracy Kidder,"",9780812973013,paperback,to-read,2025/10/30,"","",0,"",,,,,,,,,"",,"",No
The Two Kinds of Decay,Sarah Manguso,"",9781429940986,digital,read,2014/07/05,"","",1,"",,,,,,,4.0,,"",,kindle,No
To Paradise,Hanya Yanagihara,"",9780385547949,digital,to-read,2024/01/11,"","",0,"",,,,,,,,,"",,"",No
Stories of Your Life and Others,Ted Chiang,"",9780330426640,paperback,read,2019/10/16,2021/07/10,2021/07/10,1,"",,,,,,,,,"",,"",No
The Emergency,George Packer,"",9780374614737,digital,to-read,2025/11/17,"","",0,"",,,,,,,,,"",,"",No
Lenin's Tomb: The Last Days of the Soviet Empire,David Remnick,"",9780679751250,paperback,to-read,2014/07/05,"","",0,"",,,,,,,,,"",,"",No
Metaphors We Live by,"Mark Johnson, George Lakoff","",9780226468013,paperback,to-read,2022/09/20,"","",0,"",,,,,,,,,"",,"",No
Contele de Monte Cristo,Alexandre Dumas,Nicolae Constantinescu,9786065392694,hardcover,to-read,2021/09/26,"","",0,"",,,,,,,,,"",,"",No
These Truths: A History of the United States,Jill Lepore,"",9780393357424,paperback,to-read,2020/03/11,"","",0,"",,,,,,,,,"",,"",No
The Master Algorithm: How the Quest for the Ultimate Learning Machine Will Remake Our World,Pedro Domingos,"",9780465065707,hardcover,to-read,2016/05/02,"","",0,"",,,,,,,,,"",,"",No
The Sirens of Titan,Kurt Vonnegut,"",9781399617222,paperback,to-read,2020/03/26,"","",0,"",,,,,,,,,"",,"",No
The Sound of Things Falling,Juan Gabriel Vásquez,Anne McLean,9781594487484,hardcover,to-read,2025/11/26,"","",0,"",,,,,,,,,"",,"",No
The Power of Now: A Guide to Spiritual Enlightenment,Eckhart Tolle,"",1577314808,digital,to-read,2024/03/05,"","",0,"",,,,,,,,,"",,"",No
The Mind's Eye,Oliver Sacks,"",9780330508896,hardcover,to-read,2014/07/05,"","",0,"",,,,,,,,,"",,"",No
Anxious People,Fredrik Backman,"",9781982169633,hardcover,to-read,2025/08/10,"","",0,"",,,,,,,,,"",,"",No
Technology Ventures: From Idea to Enterprise,Thomas Byers,"Andrew Nelson, Richard Dorf",9780073380186,hardcover,to-read,2025/01/02,"","",0,"",,,,,,,,,"",,2024-bookshelf,No
Flash Boys: A Wall Street Revolt,Michael Lewis,"",9780393244663,hardcover,to-read,2014/07/05,"","",0,"",,,,,,,,,"",,"",No
"Christopher Hitchens: What He Got Right, How He Went Wrong, and Why it Matters",Ben Burgis,"",9781789047455,paperback,to-read,2022/02/15,"","",0,"",,,,,,,,,"",,"",No
Mindfulness for Beginners: Reclaiming the Present Moment--And Your Life,Jon Kabat-Zinn,"",9781622036677,paperback,read,2019/01/08,2019/01/10,2019/01/10,1,"",,,,,,,3.0,,"",,"",No
Death of Innocence: The Story of the Hate Crime That Changed America,"Mamie Till-Mobley, Christopher Benson","",9780812970470,paperback,to-read,2016/12/17,"","",0,"",,,,,,,,,"",,kindle,No
"The Forgetting Machine: Memory, Perception, and the ""Jennifer Aniston Neuron""",Rodrigo Quian Quiroga,"",9781944648541,paperback,read,2021/01/18,2021/01/30,2021/01/30,1,"",,,,,,,,,"",,"",No
"The $1,000 Genome: The Revolution in DNA Sequencing and the New Era of Personalized Medicine",Kevin Davies,"",9781416569596,hardcover,to-read,2014/02/08,"","",0,"",,,,,,,,,"",,"",No
Body of Lies,David Ignatius,"",9780393331585,paperback,to-read,2025/01/02,"","",0,"",,,,,,,,,"",,2024-bookshelf,No
Catch-22,Joseph Heller,"",9780679437222,hardcover,read,2020/06/19,2020/10/04,2020/10/04,1,"",,,,,,,4.0,,"",,"favorites, 2024-bookshelf",No
Ghost Fleet: A Novel of the Next World War,"August Cole, P.W. Singer","",9780544142848,hardcover,to-read,2015/07/25,"","",0,"",,,,,,,,,"",,"",No
Missing Peace: The Inside Story of the Fight for Middle East Peace,Dennis Ross,"",9780374529802,paperback,to-read,2025/01/02,"","",0,"",,,,,,,,,"",,2024-bookshelf,No
V.,Thomas Pynchon,"",9782020418775,paperback,to-read,2013/10/04,"","",0,"",,,,,,,,,"",,"",No
"Suggestible You: The Curious Science of Your Brain's Ability to Deceive, Transform, and Heal",Erik Vance,"",,,read,2020/10/04,2020/10/25,2020/10/25,1,"",,,,,,,,,"",,"",No
Quicksilver,Neal Stephenson,"Kevin Pariseau (Narrator), Simon Prebble (Narrator)",B003VKG69K,audio,to-read,2025/03/11,"","",0,"",,,,,,,,,"",,"",No
Matterhorn,Karl Marlantes,"",9780979528538,paperback,to-read,2016/05/16,"","",0,"",,,,,,,,,"",,"",No
Brain and Behavior: A Cognitive Neuroscience Perspective,"Jonathan Downar, David Eagleman","",9780195377682,hardcover,to-read,2015/11/25,"","",0,"",,,,,,,,,"",,"",No
Play It as It Lays,Joan Didion,"",9780374529949,paperback,to-read,2014/12/08,"","",0,"",,,,,,,,,"",,"",No
The Invisible Gorilla: And Other Ways Our Intuitions Deceive Us,"Christopher Chabris, Daniel J. Simons","",9780307459657,hardcover,to-read,2016/05/06,"","",0,"",,,,,,,,,"",,"",No
Perpetual Peace and Other Essays,Immanuel Kant,Ted Humphrey,9780915145478,paperback,to-read,2025/01/02,"","",0,"",,,,,,,,,"",,2024-bookshelf,No
Playground,Richard Powers,"",9781324086031,hardcover,read,2024/10/13,2024/11/06,2024/11/06,1,"",,,,,,,3.0,,"",,"",No
A Dictionary of Philosophy,Antony Flew,"",9780517204191,hardcover,to-read,2025/01/02,"","",0,"",,,,,,,,,"",,2024-bookshelf,No
Albert Camus: A Life,Olivier Todd,"",9780786707393,paperback,to-read,2025/01/16,"","",0,"",,,,,,,,,"",,"",No
Daisy Jones & The Six,Taylor Jenkins Reid,"",9781524798628,hardcover,to-read,2022/09/01,"","",0,"",,,,,,,,,"",,"",No
The Fiery Trial: Abraham Lincoln and American Slavery,Eric Foner,"",9780393066180,hardcover,to-read,2014/03/16,"","",0,"",,,,,,,,,"",,"",No
The Book of Why: The New Science of Cause and Effect,"Judea Pearl, Dana MacKenzie","",9780465097609,hardcover,to-read,2018/12/20,"","",0,"",,,,,,,,,"",,"",No
The Siege,Helen Dunmore,"",9780802139580,paperback,to-read,2023/11/21,"","",0,"",,,,,,,,,"",,"",No
An Explanation of America,Robert Pinsky,"",,,to-read,2025/01/02,"","",0,"",,,,,,,,,"",,2024-bookshelf,No
Death,Todd May,"",9781844651641,paperback,to-read,2020/10/20,"","",0,"",,,,,,,,,"",,"",No
"The Unicorn Project: A Novel about Developers, Digital Disruption, and Thriving in the Age of Data",Gene Kim,"",9781942788768,hardcover,read,2020/10/24,2020/12/12,2020/12/12,1,"",,,,,,,,,"",,"",No
The Lost Scrapbook,Evan Dara,"",9781573660389,paperback,to-read,2020/11/13,"","",0,"",,,,,,,,,"",,"",No
On Tyranny: Twenty Lessons from the Twentieth Century,Timothy Snyder,"",9780804190121,digital,read,2017/06/17,2017/06/18,2017/06/18,1,"",,,,,,,5.0,"<strong>Short little book filled with greatness</strong><br><br>Well written book filled with a mix of ""to dos"" intertwined with valuable historical references. Highly recommended to all who cherish a healthy society. Whether obtaining or maintaining, it doesn't happen without all of our hard work.","",,"",No
You Can't Be Neutral on a Moving Train: A Personal History of Our Times,Howard Zinn,"",9780807070598,paperback,to-read,2025/01/02,"","",0,"",,,,,,,,,"",,2024-bookshelf,No
The Seven Husbands of Evelyn Hugo,Taylor Jenkins Reid,"",9781501139239,hardcover,read,2020/03/26,2022/08/28,2022/08/28,1,"",,,,,,,,,"",,drive-to-ms,No
James,Percival Everett,"",9780385550369,hardcover,read,2025/01/03,2025/01/22,2025/01/07-2025/01/22,1,"",,,,,,,,,"",,"",No
Inspired: How To Create Products Customers Love,Marty Cagan,"",9780981690407,hardcover,to-read,2016/12/17,"","",0,"",,,,,,,,,"",,"",No
"Blood Meridian, or, the Evening Redness in the West",Cormac McCarthy,"",9780394544823,paperback,to-read,2022/02/08,"","",0,"",,,,,,,,,"",,"",No
"Game Change: Obama and the Clintons, McCain and Palin, and the Race of a Lifetime",John Heilemann,Mark Halperin,9780061966200,digital,read,2014/07/05,"","",1,"",,,,,,,4.0,,"",,kindle,No
Barbarians at the Gate: The Fall of RJR Nabisco,"Bryan Burrough, John Helyar","",9780060536350,paperback,to-read,2013/10/04,"","",0,"",,,,,,,,,"",,"",No
Skin in the Game: The Hidden Asymmetries in Daily Life,Nassim Nicholas Taleb,"",9780241300657,paperback,to-read,2018/02/12,"","",0,"",,,,,,,,,"",,"",No
"Aftermath: Life in the Fallout of the Third Reich, 1945–1955",Harald Jähner,Shaun Whiteside,9780753557860,hardcover,read,2022/02/18,2022/10/06,2022/10/06,1,"",,,,,,,4.0,,"",,"",No
Finding Jake,Bryan Reardon,"",9780062339485,hardcover,read,2023/02/03,2023/02/06,2023/02/06,1,"",,,,,,,2.0,,"",,"",No
"Isaac's Storm: A Man, a Time, and the Deadliest Hurricane in History",Erik Larson,"",9780613292719,paperback,read,2024/10/05,2024/11/01,2024/11/01,1,"",,,,,,,,,"",,"",No
The Cathedral & the Bazaar: Musings on Linux and Open Source by an Accidental Revolutionary,Eric S. Raymond,"",9780596001087,paperback,to-read,2022/01/16,"","",0,"",,,,,,,,,"",,"",No
Rejection,Tony Tulathimutte,"",9780063337879,hardcover,read,2025/12/05,2025/12/12,2025/12/06-2025/12/12,1,"",,,,,,,,,"",,"",No
The Varieties of Religious Experience,William James,"",9781402199035,paperback,to-read,2025/02/15,"","",0,"",,,,,,,,,"",,"",No
Freedom,Jonathan Franzen,"",9780374158460,hardcover,read,2010/12/21,2010/11/26,2010/11/26,1,"",,,,,,,5.0,,"",,"kindle, favorites",Yes
Zero to One,Peter Thiel,Blake Masters,9780804139298,hardcover,to-read,2015/09/25,"","",0,"",,,,,,,,,"",,"",No
Red Team Blues,Cory Doctorow,"",9781250865847,hardcover,read,2023/06/25,2023/06/28,2023/06/28,1,"",,,,,,,2.0,,"",,"",No
"Poverty, by America",Matthew Desmond,"",9780593239919,hardcover,to-read,2025/09/07,"","",0,"",,,,,,,,,"",,"",No
"How We Believe, 2nd Edition: Science, Skepticism, and the Search for God",Michael Shermer,"",9780805074796,paperback,to-read,2019/07/29,"","",0,"",,,,,,,,,"",,"",No
Social Origins of Dictatorship and Democracy: Lord and Peasant in the Making of the Modern World,Barrington Moore,"",9780807050736,paperback,to-read,2025/01/02,"","",0,"",,,,,,,,,"",,2024-bookshelf,No
Somebody's Fool,Richard Russo,"",9780593317891,hardcover,to-read,2023/06/25,"","",0,"",,,,,,,,,"",,"",No
The Case of the Vanishing Blonde: And Other True Crime Stories,Mark Bowden,"",9780802128447,hardcover,read,2025/12/24,2025/07/28,2025/07/27-2025/07/28,1,"",,,,,,,,,"",,"",No
The Ginger Man,J.P. Donleavy,"",9780802137951,paperback,to-read,2025/02/15,"","",0,"",,,,,,,,,"",,"",No
"Anxiety Relief for Kids: On-The-Spot Strategies to Help Your Child Overcome Worry, Panic, and Avoidance",Bridget Flynn Walker,"",9781626259539,paperback,to-read,2019/02/09,"","",0,"",,,,,,,,,"",,parenting,No
The Operators: The Wild and Terrifying Inside Story of America's War in Afghanistan,Michael Hastings,"",9780452298965,paperback,read,2014/07/05,"","",1,"",,,,,,,4.0,,"",,kindle,No
The Stranger,Albert Camus,Matthew Ward (Translator),9780679720201,paperback,read,2021/08/24,2021/09/06,2021/09/06,1,"",,,,,,,,,"",,2024-bookshelf,No
Trying Not to Try: The Art and Science of Spontaneity,Edward Slingerland,"",9780770437619,hardcover,to-read,2024/04/13,"","",0,"",,,,,,,,,"",,"",No
How We Got to Now: Six Innovations That Made the Modern World,Steven Johnson,"",9781594632969,hardcover,read,2016/08/18,2019/12/15,2019/12/15,1,"",,,,,,,4.0,,"",,"",No
Means of Ascent: The Years of Lyndon Johnson II,Robert A. Caro,"",9780679733713,paperback,to-read,2013/10/04,"","",0,"",,,,,,,,,"",,"",No
The Devil All the Time,Donald Ray Pollock,"",9780385535045,hardcover,to-read,2023/08/19,"","",0,"",,,,,,,,,"",,"",No
The Fountainhead,Ayn Rand,"",9780452273337,paperback,to-read,2025/01/02,"","",0,"",,,,,,,,,"",,2024-bookshelf,No
Mind Fixers: Psychiatry's Troubled Search for the Biology of Mental Illness,Anne Harrington,"",9780393071221,hardcover,to-read,2022/05/08,"","",0,"",,,,,,,,,"",,drive-to-ms,No
Supercommunicators: How to Unlock the Secret Language of Connection,Charles Duhigg,"",9780593243916,hardcover,to-read,2024/11/09,"","",0,"",,,,,,,,,"",,"",No
"Ghost Wars: The Secret History of the CIA, Afghanistan, and Bin Laden, from the Soviet Invasion to September 10, 2001",Steve Coll,"",9780143034667,paperback,to-read,2014/02/21,"","",0,"",,,,,,,4.0,,"",,2024-bookshelf,No
The Increment,David Ignatius,"",9780393065046,hardcover,to-read,2013/10/04,"","",0,"",,,,,,,,,"",,"",No
How to Think Like a Roman Emperor: The Stoic Philosophy of Marcus Aurelius,Donald J. Robertson,"",9781250315960,audio,to-read,2025/05/31,"","",0,"",,,,,,,,,"",,"",No
A Day in the Life of Abed Salama: Anatomy of a Jerusalem Tragedy,Nathan Thrall,"",9781250854971,hardcover,to-read,2024/05/08,"","",0,"",,,,,,,,,"",,"",No
Everything is Tuberculosis,John Green,"",9780525556572,hardcover,read,2025/05/11,2025/10/29,2025/10/25-2025/10/29,1,"informative, inspiring, reflective",medium,,,,,,4.25,"","","","",No
The Myth of Sisyphus,Albert Camus,"",9780525564454,paperback,read,2023/12/23,2023/12/26,2023/12/26,1,"",,,,,,,4.0,,"",,"",No
Beasts of No Nation,Uzodinma Iweala,"",9780060798680,paperback,to-read,2020/06/28,"","",0,"",,,,,,,,,"",,"",No
Body of Secrets,James Bamford,"",9780385499088,paperback,to-read,2025/01/02,"","",0,"",,,,,,,,,"",,2024-bookshelf,No
The Secret Lives of Numbers: A Hidden History of Math's Unsung Trailblazers,Kate Kitagawa,Timothy Revell,"",hardcover,to-read,2024/07/25,"","",0,"",,,,,,,,,"",,"",No
"Fancy Bear Goes Phishing: The Dark History of the Information Age, in Five Extraordinary Hacks",Scott J. Shapiro,"",9780374601171,hardcover,read,2024/01/20,2024/02/10,2024/02/10,1,"",,,,,,,3.0,,"",,"",No
"Nudge: Improving Decisions about Health, Wealth, and Happiness","Richard H. Thaler, Cass R. Sunstein","",9781101655092,digital,to-read,2016/12/07,"","",0,"",,,,,,,,,"",,"",No
The Mars Room,Rachel Kushner,"",9781476756554,hardcover,read,2025/06/13,2025/06/19,2025/06/13-2025/06/19,1,"",,,,,,,4.0,,"",,"",No
"The Professor and the Madman: A Tale of Murder, Insanity, and the Making of the Oxford English Dictionary",Simon Winchester,"",9780060839789,paperback,read,2024/10/15,2024/12/30,2024/12/30,1,"",,,,,,,,,"",,"",No
Chances Are . . .,Richard Russo,"",B07NTYRRQN,digital,read,2019/05/10,2020/12/26,2020/12/26,1,"",,,,,,,,,"",,"",No
The Ghost Writer,Philip Roth,"",9780099477570,paperback,to-read,2021/03/11,"","",0,"",,,,,,,,,"",,"",No
A Beginner's Guide to the End: Practical Advice for Living Life and Facing Death,B.J. Miller,Shoshana Berger,9781508282105,audio,to-read,2022/12/24,"","",0,"",,,,,,,,,"",,"",No
The Psychopath Test: A Journey Through the Madness Industry,Jon Ronson,"",9781101515167,digital,read,2019/01/11,2019/01/19,2019/01/19,1,"",,,,,,,4.0,,"",,"",No
The Blind Watchmaker: Why the Evidence of Evolution Reveals a Universe Without Design,Richard Dawkins,"",9780141026169,paperback,to-read,2014/06/29,"","",0,"",,,,,,,,,"",,"",No
Head Trip,Jeff Warren,"",9781851685615,hardcover,to-read,2018/05/09,"","",0,"",,,,,,,,,"",,"",No
The Quants: The maths geniuses who brought down Wall Street,Scott Patterson,"",9780307453372,digital,to-read,2013/10/04,"","",0,"",,,,,,,,,"",,"",No
The Spy and the Traitor: The Greatest Espionage Story of the Cold War,Ben Macintyre,"",9780771060335,hardcover,read,2021/06/15,2021/08/14,2021/08/14,1,"",,,,,,,,,"",,"",No
Feeling Good: The New Mood Therapy,David D. Burns,"",9780380810338,paperback,to-read,2020/08/19,"","",0,"",,,,,,,,,"",,"",No
The Political Economy of International Relations,Robert Gilpin,"",9780691022628,paperback,to-read,2025/01/02,"","",0,"",,,,,,,,,"",,2024-bookshelf,No
The New Neighbor,Karen Cleveland,"",9780593358023,hardcover,to-read,2022/12/06,"","",0,"",,,,,,,,,"",,"",No
"The Devil in the White City: Murder, Magic, and Madness at the Fair That Changed America",Erik Larson,"",9780609608449,hardcover,read,2014/07/05,2022/02/15,2022/02/15,1,"",,,,,,,,,"",,"",No
One Percent Doctrine: Deep Inside America's Pursuit of Its Enemies Since 9/11,Ron Suskind,"",9780743271103,paperback,to-read,2025/01/02,"","",0,"",,,,,,,,,"",,2024-bookshelf,No
See No Evil: The True Story of a Ground Soldier in the CIA's War on Terrorism,Robert Baer,"",9781400046843,paperback,to-read,2014/02/21,"","",0,"",,,,,,,3.0,,"",,2024-bookshelf,No
A Naked Singularity,Sergio de la Pava,"",9781436341981,paperback,to-read,2020/11/13,"","",0,"",,,,,,,,,"",,"",No
The Man Who Lived Underground,Richard Wright,"",9781598536768,hardcover,to-read,2021/12/24,"","",0,"",,,,,,,,,"",,"",No
Ethics in International Relations: A Constitutive Theory,"Mervyn Frost, Frost Mervyn","",9780521555302,paperback,to-read,2025/01/02,"","",0,"",,,,,,,,,"",,2024-bookshelf,No
Night,Elie Wiesel,Marion Wiesel (Translator),9780374500016,paperback,read,2014/01/26,"","",1,"",,,,,,,5.0,,"",,2024-bookshelf,No
What I Believe,Bertrand Russell,"",9780415325097,paperback,read,2022/12/30,2022/12/30,2022/12/30,1,"",,,,,,,,,"",,"",No
Beartown,Fredrik Backman,"",9781405937733,digital,to-read,2025/08/10,"","",0,"",,,,,,,,,"",,"",No
Foregone,Russell Banks,"",9780063036758,hardcover,read,2022/07/14,2022/07/21,2022/07/21,1,"",,,,,,,3.0,,"",,"",No
The Absolute Weapon Revisited: Nuclear Arms and the Emerging International Order,T.V. Paul,Richard J. Harknett,9780472087006,paperback,to-read,2025/01/02,"","",0,"",,,,,,,,,"",,2024-bookshelf,No
Somebody's Daughter,Ashley C. Ford,"",9781250245304,digital,to-read,2023/07/14,"","",0,"",,,,,,,,,"",,"",No
Bottoms Up and the Devil Laughs: A Journey Through the Deep State,Kerry Howley,"",9780525655497,hardcover,read,2023/04/01,2024/09/28,2024/09/28,1,"",,,,,,,4.0,,"",,"",No
The Perfectionists: How Precision Engineers Created the Modern World,Simon Winchester,"",9780062652577,digital,to-read,2024/10/15,"","",0,"",,,,,,,,,"",,"",No
"The Bomber Mafia: A Dream, a Temptation, and the Longest Night of the Second World War",Malcolm Gladwell,"",9780316296939,digital,read,2021/04/10,2022/03/24,2022/03/24,1,"",,,,,,,,,"",,"",No
The Meaning of It All: Thoughts of a Citizen-Scientist,Richard P. Feynman,"",9780465023943,paperback,to-read,2022/11/03,"","",0,"",,,,,,,,,"",,"",No
Animal,Lisa Taddeo,"",9781982122126,hardcover,read,2025/02/11,2025/02/20,2025/02/11-2025/02/20,1,"",,,,,,,,,"",,"",No
"Black Pill: How I Witnessed the Darkest Corners of the Internet Come to Life, Poison Society, and Capture American Politics",Elle Reeve,"",9781982198886,hardcover,to-read,2024/12/17,"","",0,"",,,,,,,,,"",,"",No
Charlie Wilson's War: The Extraordinary Story of How the Wildest Man in Congress and a Rogue CIA Agent Changed the History,George Crile,"",9780802141248,paperback,read,2014/02/21,"","",1,"",,,,,,,4.0,,"",,favorites,No
Visitation,Jenny Erpenbeck,Susan Bernofsky (Translator),9780811218351,paperback,to-read,2022/11/18,"","",0,"",,,,,,,,,"",,"",No
Getting Things Done: The Art of Stress-Free Productivity,David Allen,"",9780698161863,digital,read,2018/03/01,2018/03/14,2018/03/14,1,"",,,,,,,4.0,,"",,"",No
Strangers to Ourselves: Unsettled Minds and the Stories That Make Us,Rachel Aviv,"",9780374600846,hardcover,to-read,2022/10/09,"","",0,"",,,,,,,,,"",,"",No
Venture Deals: Be Smarter Than Your Lawyer and Venture Capitalist,Brad Feld,Jason Mendelson,9781118443613,hardcover,to-read,2013/10/04,"","",0,"",,,,,,,,,"",,"",No
Duty: Memoirs of a Secretary at War,Robert M. Gates,"",9780307959478,hardcover,to-read,2014/01/15,"","",0,"",,,,,,,,,"",,"",No
Foundation,Isaac Asimov,"",9780553803716,hardcover,to-read,2024/11/02,"","",0,"",,,,,,,,,"",,"",No
Lifespan: Why We Age—And Why We Don't Have to,"David A. Sinclair, Matthew D. Laplante","",9781501191978,hardcover,to-read,2022/01/22,"","",0,"",,,,,,,,,"",,"",No
Psych: The Story of the Human Mind,Paul Bloom,"",9780063096356,hardcover,to-read,2023/03/03,"","",0,"",,,,,,,,,"",,"",No
If This Is a Man • The Truce,Primo Levi,"Stuart J. Woolf, Paul Bailey",9780349100135,paperback,to-read,2021/03/11,"","",0,"",,,,,,,,,"",,"",No
The Hearts of Men,Nickolas Butler,"",9780062469687,digital,read,2017/12/21,2017/12/25,2017/12/25,1,"",,,,,,,4.0,,"",,"",No
Buddhism Without Beliefs,Stephen Batchelor,"",9781573226561,paperback,to-read,2017/12/08,"","",0,"",,,,,,,,,"",,"",No
Cobalt Red: How the Blood of the Congo Powers Our Lives,Siddharth Kara,"",9781250284303,hardcover,to-read,2023/12/19,"","",0,"",,,,,,,,,"",,"",No
The Vanishing Half,Brit Bennett,"",9780525536291,hardcover,read,2022/03/06,2022/03/17,2022/03/17,1,"",,,,,,,4.0,,"",,"",No
The Things They Carried,Tim O'Brien,"",9780395515983,hardcover,read,2014/11/25,2023/03/03,2023/03/03,1,"",,,,,,,4.0,,"",,"",No
Who's in Charge? Free Will and the Science of the Brain,Michael S. Gazzaniga,"",9780061906107,hardcover,to-read,2016/09/25,"","",0,"",,,,,,,,,"",,"",No
The New New Thing: A Silicon Valley Story,Michael Lewis,"",9780393347814,paperback,to-read,2014/03/31,"","",0,"",,,,,,,,,"",,"",No
Psihoterapie Cognitivă: Fundamente şi Perspective,Judith S. Beck,"Teodora Rohian (Translator), Elena Crăciunescu (Translator)",9780898628470,,to-read,2020/08/19,"","",0,"",,,,,,,,,"",,"",No
Beyond Katrina: A Meditation on the Mississippi Gulf Coast,Natasha Trethewey,"",9780820337524,digital,to-read,2014/03/23,"","",0,"",,,,,,,,,"",,"",No
The Land of Hope and Fear: Israel's Battle for Its Inner Soul,Isabel Kershner,"",9781101946763,hardcover,to-read,2023/12/19,"","",0,"",,,,,,,,,"",,"",No
Pachinko,Min Jin Lee,"","",paperback,to-read,2025/06/14,"","",0,"",,,,,,,,,"",,"",No
First Principles: What America's Founders Learned from the Greeks and Romans and How That Shaped Our Country,Thomas E. Ricks,"",9780062997470,digital,to-read,2020/11/25,"","",0,"",,,,,,,,,"",,"",No
The Unreal and the Real: The Selected Short Stories of Ursula K. Le Guin,Ursula K. Le Guin,"",9781481475969,hardcover,to-read,2022/09/20,"","",0,"",,,,,,,,,"",,"",No
Let the Great World Spin,Colum McCann,"",9781400063734,hardcover,to-read,2025/06/14,"","",0,"",,,,,,,,,"",,"",No
The Unmaking of Israel,Gershom Gorenberg,"",,digital,to-read,2013/10/04,"","",0,"",,,,,,,,,"",,"",No
Does Santa Exist?: A Philosophical Investigation,Eric Kaplan,"",9780525954392,hardcover,to-read,2014/12/17,"","",0,"",,,,,,,,,"",,"",No
Hitch 22: A Memoir,Christopher Hitchens,"",9780446540339,hardcover,read,2013/10/04,"","",1,"",,,,,,,4.0,,"",,"kindle, favorites, books-to-buy-hardcopy",No
The Drunkard's Walk: How Randomness Rules Our Lives,Leonard Mlodinow,"",9780375424045,hardcover,read,2015/03/27,2015/11/17,2015/11/17,1,"",,,,,,,4.0,,"",,"favorites, 2024-bookshelf",No
Master of the Senate: The Years of Lyndon Johnson III,Robert A. Caro,"",9780394720951,paperback,to-read,2013/10/04,"","",0,"",,,,,,,,,"",,"",No
The Mystery of Capital: Why Capitalism Triumphs in the West and Fails Everywhere Else,Hernando de Soto,"",9780465016150,paperback,to-read,2025/01/02,"","",0,"",,,,,,,,,"",,2024-bookshelf,No
The Conquest of Happiness,Bertrand Russell,"",9780415378475,paperback,to-read,2015/10/23,"","",0,"",,,,,,,,,"",,"",No
New Deal Thought 1ST Edition,Howard Zinn,"","",paperback,to-read,2025/01/02,"","",0,"",,,,,,,,,"",,2024-bookshelf,No
The Thread That Runs So True,Jesse Stuart,"",,,to-read,2025/01/02,"","",0,"",,,,,,,,,"",,2024-bookshelf,No
Days of Fire: Bush and Cheney in the White House,Peter Baker,"",9780385525183,hardcover,to-read,2013/11/09,"","",0,"",,,,,,,,,"",,"",No
The Last Yakuza: A Life in the Japanese Underworld,Jake Adelstein,"",9780307908391,digital,to-read,2024/09/12,"","",0,"",,,,,,,,,"",,"",No
Freakonomics: A Rogue Economist Explores the Hidden Side of Everything,"Steven D. Levitt, Stephen J. Dubner","",9780061234002,hardcover,read,2013/10/04,"","",1,"",,,,,,,,,"",,"",No
My Uncle Oswald,Roald Dahl,"",9780140055771,paperback,to-read,2025/07/07,"","",0,"",,,,,,,,,"",,"",No
Educated,Tara Westover,"",9780399590504,hardcover,read,2019/04/15,2019/04/24,2019/04/24,1,"",,,,,,,4.0,,"",,"",No
Palace of Treason,Jason Matthews,"","",digital,read,2018/07/01,2018/09/11,2018/09/11,1,"",,,,,,,3.0,,"",,"",No
On the Road,Jack Kerouac,"",9780140185218,paperback,to-read,2025/01/02,"","",0,"",,,,,,,,,"",,2024-bookshelf,No
"The Social Contract: Man Was Born Free, and He Is Everywhere in Chains",Jean-Jacques Rousseau,Maurice Cranston (Translator),9780143037491,paperback,to-read,2025/01/02,"","",0,"",,,,,,,,,"",,2024-bookshelf,No
The Known World,Edward P. Jones,"",9780061159176,paperback,to-read,2026/01/06,"","",0,"",,,,,,,,,"",,"",No
Dead Wake: The Last Crossing of the Lusitania,Erik Larson,"",9780307408860,hardcover,read,2016/08/18,2021/11/12,2021/11/12,1,"",,,,,,,,,"",,"",No
"The Accidental Empire: Israel and the Birth of the Settlements, 1967-1977",Gershom Gorenberg,"",9780805082418,paperback,to-read,2025/01/02,"","",0,"",,,,,,,,,"",,2024-bookshelf,No
The Bee Sting,Paul Murray,"",9780374600303,hardcover,to-read,2023/12/19,"","",0,"",,,,,,,,,"",,eclipse-drive-2024,No
Foreign Teachers,Sam Wade,"","",digital,to-read,2021/07/17,"","",0,"",,,,,,,,,"",,"",No
"Rogues: True Stories of Grifters, Killers, Rebels and Crooks",Patrick Radden Keefe,"",9780385548519,hardcover,read,2022/07/24,2024/09/03,2024/09/03,1,"",,,,,,,,,"",,drive-to-ms,No
We Were the Lucky Ones,Georgia Hunter,"",9780399563089,hardcover,to-read,2023/01/30,"","",0,"",,,,,,,,,"",,"",No
How High We Go in the Dark,Sequoia Nagamatsu,"",9780063072640,hardcover,paused,2023/01/05,"","",0,"",,,,,,,,,"",,"",No
Jerusalem 1913: The Origins of the Arab-Israeli Conflict,Amy Dockser Marcus,"",9780143113287,paperback,read,2025/01/03,"","",1,"",,,,,,,,,"",,2024-bookshelf,No
Want Not,Jonathan Miles,"",9780547352206,hardcover,to-read,2025/11/26,"","",0,"",,,,,,,,,"",,"",No
The Assassins' Gate: America in Iraq,George Packer,"",9780374530556,paperback,read,2014/02/21,"","",1,"",,,,,,,4.0,,"",,favorites,No
All That Is,James Salter,"",9781400043132,hardcover,to-read,2013/10/04,"","",0,"",,,,,,,,,"",,"",No
Chain-Gang All-Stars,Nana Kwame Adjei-Brenyah,"",9780593317334,hardcover,read,2023/12/19,2024/11/24,2024/11/24,1,"",,,,,,,3.0,,"",,"",No
Strange Angel: The Otherworldly Life of Rocket Scientist John Whiteside Parsons,George Pendle,"",9780156031790,paperback,to-read,2013/11/05,"","",0,"",,,,,,,,,"",,"",No
God Is Not Great: How Religion Poisons Everything,Christopher Hitchens,"",9780446579803,hardcover,to-read,2013/10/04,"","",0,"",,,,,,,,,"",,"",No
Wolf Hall,Hilary Mantel,"",9780312429980,paperback,to-read,2020/03/11,"","",0,"",,,,,,,,,"",,"",No
Origins of Alliance,Stephen M. Walt,"",9780801494185,paperback,to-read,2025/01/02,"","",0,"",,,,,,,,,"",,2024-bookshelf,No
Beloved,Toni Morrison,"",9781400033416,paperback,read,2020/06/30,2023/06/15,2023/06/15,1,"",,,,,,,4.0,,"",,"",No
The Prince,Niccolò Machiavelli,"",9781774410691,hardcover,to-read,2025/01/02,"","",0,"",,,,,,,,,"",,2024-bookshelf,No
The Heart Is a Lonely Hunter,Carson McCullers,"",9780618084746,paperback,to-read,2025/02/15,"","",0,"",,,,,,,,,"",,"",No
The Blank Slate: The Modern Denial of Human Nature,Steven Pinker,"",9780142003343,paperback,read,2014/07/05,2016/02/05,2016/02/05,1,"",,,,,,,3.0,,"",,"",No
Free Will and Consciousness: A Determinist Account of the Illusion of Free Will,Gregg Caruso,"",9780739171363,hardcover,to-read,2021/04/11,"","",0,"",,,,,,,,,"",,"",No
One Day in the Life of Ivan Denisovich,Aleksandr Solzhenitsyn,"",9780553247770,paperback,to-read,2024/11/08,"","",0,"",,,,,,,,,"",,"",No
Thin Wire: A Mother's Journey Through Her Daughter's Heroin Addiction,Christine Lewry,"",,digital,to-read,2014/07/05,"","",0,"",,,,,,,,,"",,kindle,No
Midnight in the Garden of Good and Evil,John Berendt,"",9780679751526,paperback,read,2024/01/05,2024/03/09,2024/03/09,1,"",,,,,,,4.0,,"",,"",No
Moneyball: The Art of Winning an Unfair Game,Michael Lewis,"",9780393324815,paperback,read,2013/12/21,2013/12/17,2013/12/17,1,"",,,,,,,4.0,,"",,"favorites, books-to-buy-hardcopy",No
Jazz,Toni Morrison,"",9780452269651,paperback,to-read,2023/01/02,"","",0,"",,,,,,,,,"",,"",No
Witness,Whittaker Chambers,John MacDonald (Narrator),9780786160587,audio,to-read,2025/01/02,"","",0,"",,,,,,,,,"",,2024-bookshelf,No
Partner to the Poor: A Paul Farmer Reader,"Tracy Kidder, Haun Saussy, Paul Farmer","",,,to-read,2025/10/30,"","",0,"",,,,,,,,,"",,"",No
Mary Turner and the Memory of Lynching,Julie Buckner Armstrong,"",9780820337661,paperback,read,2020/02/24,2020/12/31,2020/12/31,1,"",,,,,,,4.0,,"",,2024-bookshelf,No
"Utilitarianism, Liberty and Representative Government. Everyman's Library No. 482",John Stuart Mill,"","",hardcover,to-read,2025/01/02,"","",0,"",,,,,,,,,"",,2024-bookshelf,No
"The Meritocracy Trap: How America's Foundational Myth Feeds Inequality, Dismantles the Middle Class, and Devours the Elite",Daniel Markovits,"",9780735221994,hardcover,to-read,2020/05/23,"","",0,"",,,,,,,,,"",,"",No
Deacon King Kong,James McBride,"",9780735216723,hardcover,to-read,2022/09/02,"","",0,"",,,,,,,,,"",,"",No
Awakenings,Oliver Sacks,"",9780375704055,paperback,to-read,2014/07/05,"","",0,"",,,,,,,,,"",,"",No
The Leftovers,Tom Perrotta,"",9780312358341,hardcover,read,2017/08/01,2019/02/15,2019/02/15,1,"",,,,,,,4.0,,"",,"",No
Transcription,Kate Atkinson,"",9780316176637,hardcover,to-read,2025/09/30,"","",0,"",,,,,,,,,"",,"",No
"The Hidden Brain: How Our Unconscious Minds Elect Presidents, Control Markets, Wage Wars, and Save Our Lives",Shankar Vedantam,"",9780385525213,hardcover,to-read,2016/12/17,"","",0,"",,,,,,,,,"",,kindle,No
Frederick Douglass: Prophet of Freedom,David W. Blight,"",9781416590316,hardcover,to-read,2020/01/29,"","",0,"",,,,,,,,,"",,"",No
A Guardian and a Thief,Megha Majumdar,"",9780593804872,hardcover,to-read,2025/12/01,"","",0,"",,,,,,,,,"",,"",No
Seven and a Half Lessons about the Brain,Lisa Feldman Barrett,"",9780358157120,digital,read,2021/04/22,2022/03/12,2022/03/12,1,"",,,,,,,,,"",,"",No
The Lola Quartet,Emily St. John Mandel,"",9781609530808,digital,read,2022/09/02,2022/09/05,2022/09/05,1,"",,,,,,,3.0,,"",,"",No
Blink,Malcolm Gladwell,"",9780316010665,paperback,read,2013/10/04,2014/06/14,2014/06/14,1,"",,,,,,,4.0,,"",,"",No
The Triumph and Tragedy of Lyndon Johnson: The White House Years,Joseph A. Califano Jr.,"",9780671792091,paperback,to-read,2013/10/04,"","",0,"",,,,,,,,,"",,"",No
"Inferno: The World at War, 1939-1945",Max Hastings,"",9780307273598,hardcover,to-read,2016/08/18,"","",0,"",,,,,,,,,"",,"",No
Riding Rockets: The Outrageous Tales of a Space Shuttle Astronaut,Mike Mullane,"",9780743276832,paperback,to-read,2015/12/10,"","",0,"",,,,,,,,,"",,"",No
About a Boy,Nick Hornby,"",9780140285673,paperback,to-read,2016/08/18,"","",0,"",,,,,,,,,"",,"",No
Shōgun,James Clavell,"",9781982603847,paperback,to-read,2025/09/14,"","",0,"",,,,,,,,,"",,"",No
Obama's Wars,Bob Woodward,"",9781439172490,hardcover,to-read,2025/01/02,"","",0,"",,,,,,,,,"",,2024-bookshelf,No
You Have to Be Prepared to Die Before You Can Begin to Live: Ten Weeks in Birmingham That Changed America,Paul Kix,"",9781250807694,hardcover,to-read,2023/12/19,"","",0,"",,,,,,,,,"",,"",No
Relax It's Just God: How and Why to Talk to Your Kids about Religion When You're Not Religious,Wendy Thomas Russell,"",9781941932001,paperback,to-read,2022/07/06,"","",0,"",,,,,,,,,"",,parenting,No
The Earth Is Weeping: The Epic Story of the Indian Wars for the American West,Peter Cozzens,"",9780307958044,hardcover,read,2021/01/25,2021/10/24,2021/10/24,1,"",,,,,,,,,"",,2021,No
Psychology of Intelligence Analysis,Richards J. Heuer Jr.,"",9781594546792,paperback,to-read,2016/09/25,"","",0,"",,,,,,,,,"",,"",No
Longitudes and Attitudes: The World in the Age of Terrorism,Thomas L. Friedman,"",9781400031252,paperback,to-read,2025/01/02,"","",0,"",,,,,,,,,"",,2024-bookshelf,No
The Thursday Murder Club,Richard Osman,"",9781472629210,paperback,read,2025/03/22,2025/04/07,2025/03/22-2025/04/07,1,"funny, lighthearted, mysterious",medium,Plot,No,Yes,Yes,No,3.5,"","","","",No
The Story of More: How We Got to Climate Change and Where to Go from Here,Hope Jahren,"",9780525563396,digital,read,2020/03/03,2020/12/01,2020/12/01,1,"",,,,,,,,,"",,"",No
The American Heritage College Dictionary,American Heritage,"",,,to-read,2025/01/02,"","",0,"",,,,,,,,,"",,2024-bookshelf,No
"Everybody Lies: Big Data, New Data, and What the Internet Can Tell Us about Who We Really Are",Seth Stephens-Davidowitz,"",9780062390851,hardcover,read,2017/12/08,2017/12/21,2017/12/21,1,"",,,,,,,3.0,,"",,"",No
Zen and the Art of Motorcycle Maintenance: An Inquiry Into Values,Robert M. Pirsig,"",9780060589462,paperback,read,2014/02/21,"","",1,"",,,,,,,4.0,,"",,2024-bookshelf,No
Mind Over Mood: Change How You Feel By Changing the Way You Think,Dennis Greenberger,Christine Padesky,9780898621280,paperback,to-read,2020/08/19,"","",0,"",,,,,,,,,"",,"",No
Breaking the Spell,Daniel C. Dennett,"",9780670034727,hardcover,to-read,2014/06/29,"","",0,"",,,,,,,,,"",,"",No
Forget the Alamo: The Rise and Fall of an American Myth,"Jason Stanford, Bryan Burrough, Chris Tomlinson","",9781984880109,digital,read,2022/03/06,2022/08/17,2022/08/17,1,"",,,,,,,,,"",,"",No
A Man Called Intrepid: The Incredible True Story of the Master Spy Who Helped Win World War II,William Stevenson,"",9781629143606,digital,to-read,2014/11/12,"","",0,"",,,,,,,,,"",,kindle,No
Salvage the Bones,Jesmyn Ward,"",9781608195220,hardcover,to-read,2019/06/01,"","",0,"",,,,,,,,,"",,"",No
The Knowledge Illusion: Why We Never Think Alone,"Philip Fernbach, Steven Sloman","",9780399184352,hardcover,read,2017/06/15,2017/07/03,2017/07/03,1,"",,,,,,,3.0,,"",,"",No
Fair Play: A Game-Changing Solution for When You Have Too Much to Do,Eve Rodsky,"","",paperback,read,2025/02/16,2025/05/01,2025/03/14-2025/05/01,1,"",,,,,,,,,"",,"",No
A Look Over My Shoulder: A Life in the Central Intelligence Agency,"Richard Helms, William Hood","",9780812971088,paperback,to-read,2025/01/02,"","",0,"",,,,,,,,,"",,2024-bookshelf,No
The Handmaid's Tale,Margaret Atwood,"",9780808598299,paperback,read,2017/12/08,2019/12/31,2019/12/31,1,"",,,,,,,3.0,,"",,"",No
November Road,Lou Berney,"",,digital,read,2020/05/04,2021/07/15,2021/07/15,1,"",,,,,,,,,"",,"",No
Human Rights and International Relations,R. J. Vincent,"",9780521327985,hardcover,to-read,2025/01/02,"","",0,"",,,,,,,,,"",,2024-bookshelf,No
"The Three Governors Controversy: Skullduggery, Machinations, and the Decline of Georgia's Progressive Politics","Ronald Keith Gaddie, Scott E. Buchanan, Charles S. Bullock","",9780820347349,hardcover,to-read,2021/12/21,"","",0,"",,,,,,,,,"",,"",No
Misbehaving: The Making of Behavioral Economics,Richard H. Thaler,"",9780393352795,paperback,read,2016/12/17,"","",1,"",,,,,,,,,"",,"kindle, books-to-buy-hardcopy",No
Secrets: A Memoir of Vietnam and the Pentagon Papers,Daniel Ellsberg,"",9780142003428,paperback,to-read,2025/01/02,"","",0,"",,,,,,,,,"",,2024-bookshelf,No
Underworld,Don DeLillo,"",9780330369954,paperback,to-read,2015/06/30,"","",0,"",,,,,,,,,"",,"",No
Thrall: Poems,Natasha Trethewey,"",9780547571607,hardcover,to-read,2014/03/23,"","",0,"",,,,,,,,,"",,"",No
The Portable Atheist,Christopher Hitchens,"",9780306816086,paperback,read,2014/02/21,2014/04/12,2014/04/12,1,"",,,,,,,,,"",,books-to-buy-hardcopy,No
Battle Cry of Freedom: The Civil War Era,James M. McPherson,"",9780195168952,paperback,to-read,2020/06/19,"","",0,"",,,,,,,,,"",,"",No
A Short History of Reconstruction,Eric Foner,"",9780060964313,paperback,to-read,2022/04/11,"","",0,"",,,,,,,,,"",,"",No
Fear and Loathing in Las Vegas,Hunter S. Thompson,Ralph Steadman (Illustrator),9780679785897,paperback,read,2023/12/28,2023/12/31,2023/12/31,1,"",,,,,,,4.0,,"",,"",No
"He Calls Me by Lightning: The Life of Caliph Washington and the Forgotten Saga of Jim Crow, Southern Justice, and the Death Penalty",S. Jonathan Bass,"",9781631492372,hardcover,read,2020/01/29,2020/02/02,2020/02/02,1,"",,,,,,,,,"",,"",No
Olive Kitteridge,Elizabeth Strout,"",9780812971835,paperback,read,2024/12/15,2025/09/25,2025/09/05-2025/09/25,1,"funny, inspiring",medium,Character,Yes,No,No,Yes,3.75,"","","","",No
"The Lanny Budd Novels Volume One: World's End, Between Two Worlds, and Dragon's Teeth",Upton Sinclair,"",B01GUO7CGY,digital,to-read,2021/01/01,"","",0,"",,,,,,,,,"",,"",No
"Carry Me Home: Birmingham, Alabama: The Climactic Battle of the C",Diane McWhorter,"",9780743217729,digital,to-read,2014/03/16,"","",0,"",,,,,,,,,"",,drive-to-ms,No
"The Best Minds: A Story of Friendship, Madness, and the Tragedy of Good Intentions",Jonathan Rosen,"",9781594206573,hardcover,read,2023/04/22,2023/07/20,2023/07/20,1,"",,,,,,,4.0,,"",,"",No
The Distracted Mind: Ancient Brains in a High-Tech World,"Adam Gazzaley, Larry D. Rosen","",9780262034944,hardcover,to-read,2020/11/29,"","",0,"",,,,,,,,,"",,"",No
Four Thousand Weeks: Time Management for Mortals,Oliver Burkeman,"",9780374159122,hardcover,to-read,2022/11/03,"","",0,"",,,,,,,,,"",,"",No
Number Go Up: Inside Crypto's Wild Rise and Staggering Fall,Zeke Faux,"",9780593443811,hardcover,read,2023/10/03,2023/12/18,2023/12/18,1,"",,,,,,,4.0,,"",,"",No
Animal Dreams,Barbara Kingsolver,"",9780060921149,paperback,to-read,2023/01/28,"","",0,"",,,,,,,,,"",,"",No
The Art of War,Sun Tzu,Lionel Giles (Translator),"",digital,to-read,2014/07/05,"","",0,"",,,,,,,,,"",,kindle,No
The Secret History,Donna Tartt,"",9781400031702,paperback,read,2024/07/27,2024/11/29,2024/11/29,1,"",,,,,,,4.0,,"",,2024-bookshelf,No
American Pastoral,Philip Roth,"",9780099771814,paperback,to-read,2014/07/05,"","",0,"",,,,,,,,,"",,"",No
The United States and the Rule of Law in International Affairs,John F. Murphy,"",9780521822565,hardcover,to-read,2025/01/02,"","",0,"",,,,,,,,,"",,2024-bookshelf,No
"Patient H.M.: A Story of Memory, Madness, and Family Secrets",Luke Dittrich,"",9780812992731,hardcover,read,2021/01/30,2021/03/07,2021/03/07,1,"",,,,,,,4.0,,"",,favorites,No
Cryptonomicon,Neal Stephenson,"",9780099410676,paperback,to-read,2020/03/11,"","",0,"",,,,,,,,,"",,"",No
Doomed to Succeed: The U.S.-Israel Relationship from Truman to Obama,Dennis Ross,"",9780374141462,hardcover,to-read,2023/12/23,"","",0,"",,,,,,,,,"",,"",No
Young Lonigan,"Pete Hamill, James T. Farrell","",,,to-read,2025/02/15,"","",0,"",,,,,,,,,"",,"",No
Sarah's Key,Tatiana de Rosnay,"",9780312370831,hardcover,to-read,2024/12/11,"","",0,"",,,,,,,,,"",,"",No
"The End of Faith: Religion, Terror, and the Future of Reason",Sam Harris,"",9780393035155,hardcover,read,2014/07/05,"","",1,"",,,,,,,4.0,,"",,kindle,No
Station Eleven,Emily St. John Mandel,"",9781443434867,paperback,read,2022/01/02,2022/06/03,2022/06/03,1,"",,,,,,,4.0,,"",,2024-bookshelf,No
Blind Into Baghdad: America's War in Iraq,James Fallows,"",9780307277961,paperback,to-read,2025/01/02,"","",0,"",,,,,,,,,"",,2024-bookshelf,No
High Fidelity,Nick Hornby,"",9781573225519,paperback,read,2016/12/17,2020/04/30,2020/04/30,1,"",,,,,,,,,"",,kindle,No
Martyr!,Kaveh Akbar,"",9780593537619,hardcover,read,2024/10/16,2024/12/01,2024/12/01,1,"",,,,,,,,,"",,"",No
Tibetan Peach Pie: A True Account of an Imaginative Life,Tom Robbins,"",9780062267405,hardcover,to-read,2014/07/31,"","",0,"",,,,,,,,,"",,"",No
Five Novels: Complete and Unabridged,Mark Twain,"",9780760775011,hardcover,to-read,2025/01/02,"","",0,"",,,,,,,,,"",,2024-bookshelf,No
On Having No Head: Zen and the Rediscovery of the Obvious,Douglas E. Harding,"",9781878019196,paperback,read,2019/12/23,2020/12/21,2020/12/21,1,"",,,,,,,,,"",,"",No
Dataclysm: Who We Are,Christian Rudder,"",9780385347372,hardcover,read,2015/05/18,"","",1,"",,,,,,,4.0,,"",,favorites,No
A Burning,Megha Majumdar,"",9780525658696,hardcover,to-read,2025/12/20,"","",0,"",,,,,,,,,"",,"",No
The Cartel: Inside the Rise and Imminent Fall of the NCAA,Taylor Branch,"",2940013426306,digital,to-read,2013/10/04,"","",0,"",,,,,,,,,"",,"",No
Tracers in the Dark: The Global Hunt for the Crime Lords of Cryptocurrency,Andy Greenberg,"",9780385548106,digital,to-read,2024/01/16,"","",0,"",,,,,,,,,"",,"",No
Terror and Liberalism,Paul Berman,"",9780393325553,paperback,to-read,2025/01/02,"","",0,"",,,,,,,,,"",,2024-bookshelf,No
The Bonobo and the Atheist: In Search of Humanism Among the Primates,Frans de Waal,"",9780393073775,hardcover,to-read,2016/12/07,"","",0,"",,,,,,,,,"",,"",No
Moscow X,David McCloskey,"",9781324050759,hardcover,read,2023/08/23,2024/07/02,2024/07/02,1,"",,,,,,,,,"",,eclipse-drive-2024,No
A Religious Orgy in Tennessee: A Reporter's Account of the Scopes Monkey Trial,H.L. Mencken,"",9781933633176,paperback,to-read,2014/02/18,"","",0,"",,,,,,,,,"",,"",No
Dying to Win: The Strategic Logic of Suicide Terrorism,Robert Pape,"",9780812973389,paperback,to-read,2025/01/02,"","",0,"",,,,,,,,,"",,2024-bookshelf,No
A Widow for One Year,John Irving,"",9780375501371,hardcover,read,2018/08/28,"","",1,"",,,,,,,4.0,,"",,2024-bookshelf,No
The Botany of Desire: A Plant's-Eye View of the World,Michael Pollan,Scott Brick (Narrator),9781480568846,audio,to-read,2023/07/01,"","",0,"",,,,,,,,,"",,"",No
The Lost City of Z: A Tale of Deadly Obsession in the Amazon,David Grann,"",9780385513531,hardcover,to-read,2024/06/30,"","",0,"",,,,,,,,,"",,"",No
The Dawn of Everything,"David Wengrow, David Graeber","",9780374157357,hardcover,to-read,2021/12/11,"","",0,"",,,,,,,,,"",,"",No
Hum,Helen Phillips,"",9781668008836,hardcover,read,2024/11/08,2024/11/10,2024/11/10,1,"",,,,,,,,,"",,"",No
The Gene: An Intimate History,Siddhartha Mukherjee,"",9781432837815,paperback,read,2016/08/18,2019/04/10,2019/04/10,1,"",,,,,,,4.0,,"",,"",No
Unthinkable: An Extraordinary Journey Through the World's Strangest Brains,Helen Thomson,"",9780062391186,digital,read,2021/07/10,2021/07/25,2021/07/25,1,"",,,,,,,,,"",,"",No
Exhalation,Ted Chiang,"",9781101947883,hardcover,read,2019/10/01,2019/10/16,2019/10/16,1,"",,,,,,,4.0,,"",,"",No
"Elon Musk: Tesla, SpaceX, and the Quest for a Fantastic Future",Ashlee Vance,"",9780062301260,digital,to-read,2015/08/22,"","",0,"",,,,,,,,,"",,"",No
The Yellow House,Sarah M. Broom,"",9780802125088,hardcover,to-read,2020/06/30,"","",0,"",,,,,,,,,"",,"",No
The Precipice,Toby Ord,"",9781526600219,hardcover,to-read,2021/01/07,"","",0,"",,,,,,,,,"",,"",No
Empire Falls,Richard Russo,"",9780307809889,digital,read,2019/03/23,2019/05/10,2019/05/10,1,"",,,,,,,3.0,,"",,"",No
Directorate S,Steve Coll,"",9780525557302,audio,to-read,2017/09/28,"","",0,"",,,,,,,,,"",,"",No
Bad Monkey,Carl Hiaasen,"",9780307272591,hardcover,to-read,2025/09/09,"","",0,"",,,,,,,,,"",,"",No
"Wherever You Go, There You Are",Jon Kabat-Zinn,"",9781401307783,paperback,to-read,2018/05/09,"","",0,"",,,,,,,,,"",,"",No
From Beirut to Jerusalem,Thomas L. Friedman,Đặng Ly,9780385413725,paperback,read,2014/07/05,"","",1,"",,,,,,,5.0,,"",,favorites,No
The Snakehead: An Epic Tale of the Chinatown Underworld and the American Dream,Patrick Radden Keefe,"",9780385521307,hardcover,read,2024/09/05,2024/09/16,2024/09/16,1,"",,,,,,,,,"",,"",No
The Psychopathology of Everyday Life,Sigmund Freud,"",9780393006117,paperback,to-read,2025/01/02,"","",0,"",,,,,,,,,"",,2024-bookshelf,No
"Jewish Literacy: The Most Important Things to Know about the Jewish Religion, Its People, and Its History",Joseph Telushkin,"",9780688085063,hardcover,to-read,2024/03/21,"","",0,"",,,,,,,,,"",,"",No
"Gay Marriage: Why It Is Good for Gays, Good for Straights, and Good for America",Jonathan Rauch,"",9780805078152,paperback,"","","","","","","","","","","","","","","","","just-shelve, 2024-bookshelf",No
The Hitchhiker's Guide to the Galaxy,Douglas Adams,"","",hardcover,"","","","","","","","","","","","","","","","",stopped-reading,No
Captain America: Tomorrow Army,Michael Siglain,"Andy Troy, Ron Lim",9781423190622,digital,"","","","","","","","","","","","","","","","",not-for-me,No
A Little History of the World,E.H. Gombrich,Clifford Harper (Illustrator),9780300108835,hardcover,"","","","","","","","","","","","","","","","","not-for-me, children-books",No
Star Wars Vol. 1: Skywalker Strikes (Star Wars (2015-2019)),Jason Aaron,John Cassaday (Illustrator),9781302482596,digital,"","","","","","","","","","","","","","","","",not-for-me,No
Good to Great: Why Some Companies Make the Leap...and Others Don't,Jim Collins,"",9780066620992,hardcover,"","","","","","","","","","","","","","","","","paused-and-may-try-again-perhaps, 2024-bookshelf",No
The Screwtape Letters,C.S. Lewis,"",9780060652890,hardcover,"","","","","","","","","","","","","","","","","just-shelve, 2024-bookshelf",No
Local People: The Struggle for Civil Rights in Mississippi,John Dittmer,"",9780252065071,paperback,"","","","","","","","","","","","","","","","","just-shelve, 2024-bookshelf",No
Star Stuff: Carl Sagan and the Mysteries of the Cosmos,Stephanie Roth Sisson,Stephanie Roth Sisson (Illustrator),9781596439603,hardcover,"","","","","","","","","","","","","","","","","not-for-me, children-books",No
Utopia,Thomas More,Paul Turner (Translator),9780140449105,paperback,"","","","","","","","","","","","","","","","","just-shelve, 2024-bookshelf",No
History of Wolves,Emily Fridlund,"",9780802125873,hardcover,"","","","","","","","","","","","","","","","",stopped-reading,No
The Great Divorce,C.S. Lewis,"",9780006280569,paperback,"","","","","","","","","","","","","","","","","just-shelve, 2024-bookshelf",No
Marvel Super Hero Adventures: Mighty Marvels!: An Early Chapter Book,MacKenzie Cadenhead,"Derek Laufman, Sean Ryan","",digital,"","","","","","","","","","","","","","","","",not-for-me,No
Advantage: How American Innovation Can Overcome the Asian Challenge,Adam Segal,"",9780393341249,paperback,"","","","","","","","","","","","","","","","","just-shelve, 2024-bookshelf",No
The Satanic Verses,Salman Rushdie,"",9780670825370,hardcover,"","","","","","","","","","","","","","","","",stopped-reading,No
Moonglow,Michael Chabon,"",9780062225573,digital,"","","","","","","","","","","","","","","","",stopped-reading,No
A Year with C.S. Lewis: Daily Readings from His Classic Works,C.S. Lewis,"",9780060566166,hardcover,"","","","","","","","","","","","","","","","","just-shelve, 2024-bookshelf",No
On Grand Strategy,John Lewis Gaddis,"",9781594203510,hardcover,"","","","","","","","","","","","","","","","",paused-and-may-try-again-perhaps,No
Miracles,C.S. Lewis,"",9780006280941,paperback,"","","","","","","","","","","","","","","","","just-shelve, 2024-bookshelf",No
Confront and Conceal: Obama's Secret Wars and Surprising Use of American Power,David E. Sanger,"",9780307718037,paperback,"","","","","","","","","","","","","","","","","kindle, stopped-reading",No
Big Questions from Little People...: And Simple Answers from Great Minds,Gemma Elwin Harris,"",9780062223227,hardcover,"","","","","","","","","","","","","","","","","not-for-me, children-books",No
"The Innovators: How a Group of  Hackers, Geniuses and Geeks Created the Digital Revolution",Walter Isaacson,"",9781476708690,hardcover,"","","","","","","","","","","","","","","","",paused-and-may-try-again-perhaps,No
Animal Factories,"Jim Mason, Peter Singer","",9780517577516,paperback,"","","","","","","","","","","","","","","","","just-shelve, 2024-bookshelf",No
Aesop's Fables,Aesop,"Laura Harris, Laura Gibbs",9780192840509,paperback,"","","","","","","","","","","","","","","","","kindle, not-for-me",No
White Noise,Don DeLillo,"",9780140283303,paperback,"","","","","","","","","","","","","","","","",stopped-reading,No
Evolution: A Colouring Book,"",Annu Kilpelainen (Illustrator),9781908714169,paperback,"","","","","","","","","","","","","","","","","not-for-me, children-books",No
Six Days of War: June 1967 and the Making of the Modern Middle East,Michael B. Oren,"",9780345461926,paperback,"","","","","","","","","","","","","","","","","just-shelve, 2024-bookshelf",No
The Fifth Discipline: The Art & Practice of the Learning Organization,Peter M. Senge,"",9780385517256,paperback,"","","","","","","","","","","","","","","","","just-shelve, 2024-bookshelf",No
Ideas and Opinions,Albert Einstein,"",9780679601050,hardcover,"","","","","","","","","","","","","","","","","just-shelve, 2024-bookshelf",No
The Myth of Mirror Neurons: The Real Neuroscience of Communication and Cognition,Gregory Hickok,"",9780393089615,hardcover,"","","","","","","","","","","","","","","","",paused-and-may-try-again-perhaps,No
Dress Your Family in Corduroy and Denim,David Sedaris,"",9780965904834,paperback,"","","","","","","","","","","","","","","","","just-shelve, 2024-bookshelf",No
Jaws of Steel,Thomas Eveland,"",9780963076601,paperback,"","","","","","","","","","","","","","","","","just-shelve, 2024-bookshelf",No
Once Upon an Alphabet,Oliver Jeffers,Oliver Jeffers (Illustrator),9780399167911,hardcover,"","","","","","","","","","","","","","","","","not-for-me, children-books",No
"Barracoon: The Story of the Last ""Black Cargo""",Zora Neale Hurston,"",9780060921705,paperback,"","","","","","","","","","","","","","","","",stopped-reading,No
The Idiot,Elif Batuman,"",9781594205613,hardcover,"","","","","","","","","","","","","","","","",paused-and-may-try-again-perhaps,No
Mere Christianity,C.S. Lewis,"",B0DC6Y8D77,digital,"","","","","","","","","","","","","","","","","just-shelve, 2024-bookshelf",No
Hug Me,Simona Ciraolo,Simona Ciraolo (Illustrator),9781909263499,hardcover,"","","","","","","","","","","","","","","","","not-for-me, children-books",No
Black Buck,Mateo Askaripour,"",B08WHH65WC,digital,"","","","","","","","","","","","","","","","",stopped-reading,No
The Good Neighbor: The Life and Work of Fred Rogers,Maxwell King,"",9781419727726,hardcover,"","","","","","","","","","","","","","","","","just-shelve, 2024-bookshelf",No
The Book with No Pictures,B.J. Novak,"",9780803741713,hardcover,"","","","","","","","","","","","","","","","","not-for-me, children-books",No
Arguably: Essays,Christopher Hitchens,"",9781455502783,paperback,"","","","","","","","","","","","","","","","","just-shelve, 2024-bookshelf",No
Insurgency and Counter-Insurgency in Iraq,Ahmed S. Hashim,"",9780801444524,hardcover,"","","","","","","","","","","","","","","","","just-shelve, 2024-bookshelf",No
The Problem of Pain,C.S. Lewis,"",9780060652968,paperback,"","","","","","","","","","","","","","","","","just-shelve, 2024-bookshelf",No
How to Do Nothing with Nobody All Alone by Yourself,Robert Paul Smith,Elinor Goulding-Smith (Illustrator),9780982053959,hardcover,"","","","","","","","","","","","","","","","","not-for-me, children-books",No
No Easy Day: The Firsthand Account of the Mission That Killed Osama Bin Laden,Mark Owen,Kevin Maurer,9780525953722,hardcover,"","","","","","","","","","","","","","","","",stopped-reading,No
The Odyssey,Homer,E. V. Rieu (Translator),9780140449112,paperback,"","","","","","","","","","","","","","","","","just-shelve, 2024-bookshelf",No
Accidental Czar: The Life and Lies of Vladimir Putin,Andrew Weiss,Box Brown,9781250760753,hardcover,"","","","","","","","","","","","","","","","",paused-and-may-try-again-perhaps,No
Tales from Both Sides of the Brain: A Life in Neuroscience,Michael S. Gazzaniga,"",9780062228819,digital,"","","","","","","","","","","","","","","","",paused-and-may-try-again-perhaps,No
"Ah-Ha to Zig-Zag: 31 Objects from Cooper Hewitt, Smithsonian Design Museum",Maira Kalman,"",9780847843770,hardcover,"","","","","","","","","","","","","","","","","not-for-me, children-books",No
Naming Names,Victor S. Navasky,"",9780670503933,hardcover,"","","","","","","","","","","","","","","","",stopped-reading,No
Cure: A Journey into the Science of Mind Over Body,Jo Marchant,"","",audio,"","","","","","","","","","","","","","","","","paused-and-may-try-again-perhaps, kindle",No
The Upside of Irrationality: The Unexpected Benefits of Defying Logic at Work and at Home,Dan Ariely,"",9780061995033,hardcover,"","","","","","","","","","","","","","","","","paused-and-may-try-again-perhaps, kindle",No
After Hegemony: Cooperation and Discord in the World Political Economy,Robert O. Keohane,"",9780691122489,paperback,"","","","","","","","","","","","","","","","","just-shelve, 2024-bookshelf",No
Sharp Objects,Gillian Flynn,"",9780307341549,hardcover,"","","","","","","","","","","","","","","","",stopped-reading,No
The Force,Don Winslow,"",9780062664419,hardcover,"","","","","","","","","","","","","","","","",paused-and-may-try-again-perhaps,No
Consciousness and the Social Brain,Michael S. a. Graziano,"",9780199928644,hardcover,"","","","","","","","","","","","","","","","",paused-and-may-try-again-perhaps,No
"Going Clear: Scientology, Hollywood, and the Prison of Belief",Lawrence Wright,"",9780307700667,hardcover,"","","","","","","","","","","","","","","","",stopped-reading,No
"Better Day Coming: Blacks and Equality, 1890-2000",Adam Fairclough,"",9780142001295,paperback,"","","","","","","","","","","","","","","","","just-shelve, 2024-bookshelf",No
Keep Sharp: Build a Better Brain at Any Age,Sanjay Gupta,"",9781501166730,hardcover,"","","","","","","","","","","","","","","","","just-shelve, 2024-bookshelf",No
Harry Potter and the Chamber of Secrets,J.K. Rowling,"",0747538492,hardcover,"","","","","","","","","","","","","","","","",not-for-me,No
"A History of God: The 4,000-Year Quest of Judaism, Christianity, and Islam",Karen Armstrong,"",9780517223123,hardcover,"","","","","","","","","","","","","","","","","just-shelve, 2024-bookshelf",No
Music Is History,"Ben Greenman, Questlove","",9781419751431,hardcover,"","","","","","","","","","","","","","","","",paused-and-may-try-again-perhaps,No
Professor Astro Cat's Frontiers of Space,Dominic Walliman,Ben Newman (Illustrator),9781909263079,hardcover,"","","","","","","","","","","","","","","","","not-for-me, children-books",No
"Jesus: Uncovering the Life, Teachings, and Relevance of a Religious Revolutionary",Marcus J. Borg,"",9780060594459,hardcover,"","","","","","","","","","","","","","","","","just-shelve, 2024-bookshelf",No
Work Rules!: Insights from Inside Google That Will Transform How You Live and Lead,Laszlo Bock,"",9781455554799,hardcover,"","","","","","","","","","","","","","","","",paused-and-may-try-again-perhaps,No
Me & Dog,Gene Weingarten,Eric Shansby (Illustrator),9781442494138,hardcover,"","","","","","","","","","","","","","","","","not-for-me, children-books",No
Ghost in the Wires: My Adventures as the World's Most Wanted Hacker,Kevin D. Mitnick,"Steve Wozniak, William L. Simon",9780316037709,hardcover,"","","","","","","","","","","","","","","","",stopped-reading,No
Ink and Bone,Lisa Unger,"",9781501101649,hardcover,"","","","","","","","","","","","","","","","","kindle, stopped-reading",No
From Max Weber: Essays in Sociology,Max Weber,"C. Wright Mills (Translator), H. H. Gerth (Translator)",9780195004625,paperback,"","","","","","","","","","","","","","","","","just-shelve, 2024-bookshelf",No
Filthy Animals,Brandon Taylor,"",9780525538929,paperback,"","","","","","","","","","","","","","","","",paused-and-may-try-again-perhaps,No
Drive Your Plow Over the Bones of the Dead,Olga Tokarczuk,Antonia Lloyd-Jones (Translator),9780525541349,paperback,"","","","","","","","","","","","","","","","",paused-and-may-try-again-perhaps,No
What If?: Serious Scientific Answers to Absurd Hypothetical Questions,Randall Munroe,"",9780544272996,hardcover,"","","","","","","","","","","","","","","","","paused-and-may-try-again-perhaps, kindle",No
On the Eve of October,Vladimir Lenin,"","",hardcover,"","","","","","","","","","","","","","","","","just-shelve, 2024-bookshelf",No
Pride and Prejudice,Jane Austen,"",9781441341709,hardcover,"","","","","","","","","","","","","","","","","kindle, not-for-me",No
The Promise,Damon Galgut,"",9781609456597,digital,"","","","","","","","","","","","","","","","",paused-and-may-try-again-perhaps,No
Future Crimes,Marc Goodman,"",9780385539005,hardcover,"","","","","","","","","","","","","","","","",stopped-reading,No
Older Than the Stars,Karen C. Fox,Nancy Davis (Illustrator),9781570917882,paperback,"","","","","","","","","","","","","","","","","not-for-me, children-books",No
At Home: A Short History of Private Life,Bill Bryson,"",9780767919388,hardcover,"","","","","","","","","","","","","","","","",paused-and-may-try-again-perhaps,No
Rework,"Jason Fried, David Heinemeier Hansson","",9780307463746,hardcover,"","","","","","","","","","","","","","","","",stopped-reading,No
You Are Stardust,Elin Kelsey,Soyeon Kim (Illustrator),9781926973357,hardcover,"","","","","","","","","","","","","","","","","not-for-me, children-books",No
The Shia Revival: How Conflicts within Islam Will Shape the Future,Vali Nasr,"",9780641935459,hardcover,"","","","","","","","","","","","","","","","","just-shelve, 2024-bookshelf",No
Advanced Engineering Mathematics,Erwin Kreyszig,"",9780471627876,paperback,"","","","","","","","","","","","","","","","","just-shelve, 2024-bookshelf",No
I Wonder,Annaka Harris,John Rowe (Illustrator),9781940051048,hardcover,"","","","","","","","","","","","","","","","","not-for-me, children-books",No
Yellow & Pink,William Steig,"",,,"","","","","","","","","","","","","","","","","just-shelve, 2024-bookshelf",No
The Vagina Monologues,"Gloria Steinem, Eve Ensler","",9781860499265,paperback,"","","","","","","","","","","","","","","","","just-shelve, 2024-bookshelf",No
Zoom,Istvan Banyai,"",9780140557749,paperback,"","","","","","","","","","","","","","","","","not-for-me, children-books",No
Military Misfortunes: The Anatomy of Failure in War,"Eliot a. Cohen, John Gooch","",9780743280822,paperback,"","","","","","","","","","","","","","","","","just-shelve, 2024-bookshelf",No
Us Fools,Nora Lange,"",9781953387516,paperback,"","","","","","","","","","","","","","","","",stopped-reading,No
Not All of Us Are Saints: A Doctor's Journey with the Poor,David Hilfiker,"",9780345459756,paperback,"","","","","","","","","","","","","","","","","just-shelve, 2024-bookshelf",No
"The Road to Unfreedom: Russia, Europe, America",Timothy Snyder,"",9780525574460,hardcover,"","","","","","","","","","","","","","","","",paused-and-may-try-again-perhaps,No
Greek Lessons,Han Kang,"Deborah Smith (Translator), e. yaewon (Translator)",9780593595282,digital,"","","","","","","","","","","","","","","","",stopped-reading,No
Slow Horses,Mick Herron,"",9781399803052,paperback,"","","","","","","","","","","","","","","","",paused-and-may-try-again-perhaps,No
Our Country Friends,Gary Shteyngart,"",9781984855138,digital,"","","","","","","","","","","","","","","","",paused-and-may-try-again-perhaps,No
Killing Pablo: The Hunt for the World's Greatest Outlaw,Mark Bowden,"",9780142000953,paperback,"","","","","","","","","","","","","","","","","just-shelve, 2024-bookshelf",No
On Killing: The Psychological Cost of Learning to Kill in War and Society,Dave Grossman,"",9780316191449,paperback,"","","","","","","","","","","","","","","","","paused-and-may-try-again-perhaps, kindle",No
Cybersecurity and Cyberwar: What Everyone Needs to Know(r),"Allan Friedman, P.W. Singer","",9780199918119,paperback,"","","","","","","","","","","","","","","","","paused-and-may-try-again-perhaps, 2024-bookshelf",No
Star Wars: Darth Vader Vol. 1: Vader (Darth Vader,"Adi Granov, Kieron Gillen, Salvador Larroca","",9781302482602,digital,"","","","","","","","","","","","","","","","",not-for-me,No
